trial,seed,step,ede_aggregation_pct,ede_sortedness_pct,levin_aggregation_pct,levin_sortedness_pct,aggregation_delta,architecture_differs
0,42,0,70.0000,2.0000,75.0000,2.0000,5.0000,true
0,42,1,70.0000,1.0000,79.0000,1.0000,9.0000,true
0,42,2,70.0000,1.0000,84.0000,0.0000,14.0000,true
0,42,3,70.0000,1.0000,79.0000,0.0000,9.0000,true
0,42,4,70.0000,1.0000,82.0000,0.0000,12.0000,true
0,42,5,70.0000,2.0000,86.0000,0.0000,16.0000,true
0,42,6,70.0000,1.0000,84.0000,0.0000,14.0000,true
0,42,7,70.0000,1.0000,80.0000,0.0000,10.0000,true
0,42,8,70.0000,0.0000,85.0000,0.0000,15.0000,true
0,42,9,70.0000,0.0000,80.0000,1.0000,10.0000,true
0,42,10,70.0000,0.0000,80.0000,1.0000,10.0000,true
0,42,11,70.0000,0.0000,85.0000,1.0000,15.0000,true
0,42,12,70.0000,0.0000,85.0000,1.0000,15.0000,true
0,42,13,70.0000,0.0000,79.0000,3.0000,9.0000,true
0,42,14,70.0000,0.0000,85.0000,2.0000,15.0000,true
0,42,15,70.0000,2.0000,90.0000,2.0000,20.0000,true
0,42,16,70.0000,2.0000,97.0000,2.0000,27.0000,true
0,42,17,70.0000,3.0000,89.0000,3.0000,19.0000,true
0,42,18,70.0000,3.0000,89.0000,3.0000,19.0000,true
0,42,19,70.0000,2.0000,86.0000,4.0000,16.0000,true
0,42,20,70.0000,2.0000,85.0000,4.0000,15.0000,true
0,42,21,70.0000,2.0000,83.0000,4.0000,13.0000,true
0,42,22,70.0000,1.0000,78.0000,5.0000,8.0000,true
0,42,23,70.0000,1.0000,79.0000,5.0000,9.0000,true
0,42,24,70.0000,3.0000,76.0000,5.0000,6.0000,true
0,42,25,70.0000,3.0000,77.0000,5.0000,7.0000,true
0,42,26,70.0000,3.0000,79.0000,5.0000,9.0000,true
0,42,27,70.0000,3.0000,82.0000,7.0000,12.0000,true
0,42,28,70.0000,5.0000,82.0000,7.0000,12.0000,true
0,42,29,70.0000,4.0000,75.0000,6.0000,5.0000,true
0,42,30,70.0000,3.0000,81.0000,7.0000,11.0000,true
0,42,31,70.0000,2.0000,82.0000,7.0000,12.0000,true
0,42,32,70.0000,2.0000,90.0000,8.0000,20.0000,true
0,42,33,70.0000,2.0000,82.0000,8.0000,12.0000,true
0,42,34,70.0000,2.0000,85.0000,8.0000,15.0000,true
0,42,35,70.0000,3.0000,82.0000,9.0000,12.0000,true
0,42,36,70.0000,3.0000,89.0000,9.0000,19.0000,true
0,42,37,70.0000,3.0000,87.0000,9.0000,17.0000,true
0,42,38,70.0000,3.0000,85.0000,9.0000,15.0000,true
0,42,39,70.0000,3.0000,88.0000,10.0000,18.0000,true
0,42,40,70.0000,2.0000,84.0000,9.0000,14.0000,true
0,42,41,70.0000,2.0000,91.0000,8.0000,21.0000,true
0,42,42,70.0000,3.0000,87.0000,8.0000,17.0000,true
0,42,43,70.0000,3.0000,82.0000,9.0000,12.0000,true
0,42,44,70.0000,3.0000,84.0000,9.0000,14.0000,true
0,42,45,70.0000,3.0000,85.0000,8.0000,15.0000,true
0,42,46,70.0000,2.0000,86.0000,8.0000,16.0000,true
0,42,47,70.0000,2.0000,84.0000,9.0000,14.0000,true
0,42,48,70.0000,2.0000,84.0000,8.0000,14.0000,true
0,42,49,70.0000,2.0000,82.0000,8.0000,12.0000,true
0,42,50,70.0000,4.0000,79.0000,8.0000,9.0000,true
0,42,51,70.0000,6.0000,86.0000,8.0000,16.0000,true
0,42,52,70.0000,5.0000,87.0000,8.0000,17.0000,true
0,42,53,70.0000,5.0000,82.0000,9.0000,12.0000,true
0,42,54,70.0000,4.0000,82.0000,10.0000,12.0000,true
0,42,55,70.0000,3.0000,85.0000,14.0000,15.0000,true
0,42,56,70.0000,3.0000,86.0000,14.0000,16.0000,true
0,42,57,70.0000,4.0000,82.0000,14.0000,12.0000,true
0,42,58,70.0000,3.0000,81.0000,14.0000,11.0000,true
0,42,59,70.0000,3.0000,77.0000,14.0000,7.0000,true
0,42,60,70.0000,3.0000,81.0000,14.0000,11.0000,true
0,42,61,70.0000,3.0000,88.0000,13.0000,18.0000,true
0,42,62,70.0000,2.0000,82.0000,14.0000,12.0000,true
0,42,63,70.0000,2.0000,82.0000,13.0000,12.0000,true
0,42,64,70.0000,2.0000,86.0000,13.0000,16.0000,true
0,42,65,70.0000,2.0000,86.0000,13.0000,16.0000,true
0,42,66,70.0000,2.0000,83.0000,12.0000,13.0000,true
0,42,67,70.0000,3.0000,80.0000,12.0000,10.0000,true
0,42,68,70.0000,2.0000,84.0000,13.0000,14.0000,true
0,42,69,70.0000,2.0000,84.0000,12.0000,14.0000,true
0,42,70,70.0000,2.0000,86.0000,13.0000,16.0000,true
0,42,71,70.0000,2.0000,84.0000,13.0000,14.0000,true
0,42,72,70.0000,2.0000,88.0000,13.0000,18.0000,true
0,42,73,70.0000,2.0000,76.0000,13.0000,6.0000,true
0,42,74,70.0000,3.0000,83.0000,13.0000,13.0000,true
0,42,75,70.0000,3.0000,83.0000,13.0000,13.0000,true
0,42,76,70.0000,3.0000,83.0000,13.0000,13.0000,true
0,42,77,70.0000,4.0000,83.0000,13.0000,13.0000,true
0,42,78,70.0000,2.0000,81.0000,13.0000,11.0000,true
0,42,79,70.0000,1.0000,85.0000,12.0000,15.0000,true
0,42,80,70.0000,2.0000,75.0000,12.0000,5.0000,true
0,42,81,70.0000,3.0000,79.0000,13.0000,9.0000,true
0,42,82,70.0000,3.0000,79.0000,13.0000,9.0000,true
0,42,83,70.0000,2.0000,80.0000,12.0000,10.0000,true
0,42,84,70.0000,2.0000,81.0000,13.0000,11.0000,true
0,42,85,70.0000,1.0000,77.0000,13.0000,7.0000,true
0,42,86,70.0000,1.0000,75.0000,13.0000,5.0000,true
0,42,87,70.0000,1.0000,80.0000,14.0000,10.0000,true
0,42,88,70.0000,2.0000,82.0000,15.0000,12.0000,true
0,42,89,70.0000,2.0000,75.0000,16.0000,5.0000,true
0,42,90,70.0000,1.0000,76.0000,15.0000,6.0000,true
0,42,91,70.0000,2.0000,74.0000,15.0000,4.0000,true
0,42,92,70.0000,2.0000,72.0000,15.0000,2.0000,true
0,42,93,70.0000,2.0000,74.0000,15.0000,4.0000,true
0,42,94,70.0000,1.0000,77.0000,15.0000,7.0000,true
0,42,95,70.0000,2.0000,81.0000,16.0000,11.0000,true
0,42,96,70.0000,2.0000,70.0000,17.0000,0.0000,false
0,42,97,70.0000,3.0000,74.0000,16.0000,4.0000,true
0,42,98,70.0000,2.0000,79.0000,15.0000,9.0000,true
0,42,99,70.0000,3.0000,83.0000,16.0000,13.0000,true
0,42,100,70.0000,2.0000,81.0000,16.0000,11.0000,true
0,42,101,70.0000,2.0000,75.0000,16.0000,5.0000,true
0,42,102,70.0000,1.0000,79.0000,15.0000,9.0000,true
0,42,103,70.0000,1.0000,74.0000,15.0000,4.0000,true
0,42,104,70.0000,1.0000,76.0000,15.0000,6.0000,true
0,42,105,70.0000,1.0000,75.0000,16.0000,5.0000,true
0,42,106,70.0000,1.0000,77.0000,16.0000,7.0000,true
0,42,107,70.0000,1.0000,76.0000,16.0000,6.0000,true
0,42,108,70.0000,1.0000,77.0000,16.0000,7.0000,true
0,42,109,70.0000,1.0000,72.0000,15.0000,2.0000,true
0,42,110,70.0000,2.0000,85.0000,15.0000,15.0000,true
0,42,111,70.0000,2.0000,81.0000,15.0000,11.0000,true
0,42,112,70.0000,2.0000,84.0000,15.0000,14.0000,true
0,42,113,70.0000,2.0000,81.0000,15.0000,11.0000,true
0,42,114,70.0000,3.0000,78.0000,14.0000,8.0000,true
0,42,115,70.0000,2.0000,81.0000,13.0000,11.0000,true
0,42,116,70.0000,2.0000,82.0000,13.0000,12.0000,true
0,42,117,70.0000,2.0000,70.0000,13.0000,0.0000,false
0,42,118,70.0000,2.0000,71.0000,13.0000,1.0000,false
0,42,119,70.0000,2.0000,69.0000,13.0000,1.0000,false
0,42,120,70.0000,3.0000,77.0000,14.0000,7.0000,true
0,42,121,70.0000,1.0000,77.0000,15.0000,7.0000,true
0,42,122,70.0000,1.0000,77.0000,15.0000,7.0000,true
0,42,123,70.0000,2.0000,74.0000,16.0000,4.0000,true
0,42,124,70.0000,2.0000,66.0000,17.0000,4.0000,true
0,42,125,70.0000,3.0000,76.0000,19.0000,6.0000,true
0,42,126,70.0000,2.0000,71.0000,20.0000,1.0000,false
0,42,127,70.0000,2.0000,75.0000,19.0000,5.0000,true
0,42,128,70.0000,3.0000,79.0000,19.0000,9.0000,true
0,42,129,70.0000,4.0000,78.0000,20.0000,8.0000,true
0,42,130,70.0000,1.0000,78.0000,20.0000,8.0000,true
0,42,131,70.0000,1.0000,74.0000,21.0000,4.0000,true
0,42,132,70.0000,1.0000,72.0000,23.0000,2.0000,true
0,42,133,70.0000,1.0000,72.0000,26.0000,2.0000,true
0,42,134,70.0000,2.0000,77.0000,26.0000,7.0000,true
0,42,135,70.0000,3.0000,81.0000,27.0000,11.0000,true
0,42,136,70.0000,4.0000,83.0000,27.0000,13.0000,true
0,42,137,70.0000,3.0000,80.0000,27.0000,10.0000,true
0,42,138,70.0000,4.0000,78.0000,28.0000,8.0000,true
0,42,139,70.0000,4.0000,80.0000,30.0000,10.0000,true
0,42,140,70.0000,5.0000,77.0000,31.0000,7.0000,true
0,42,141,70.0000,5.0000,70.0000,33.0000,0.0000,false
0,42,142,70.0000,8.0000,75.0000,36.0000,5.0000,true
0,42,143,70.0000,9.0000,76.0000,38.0000,6.0000,true
0,42,144,70.0000,10.0000,81.0000,39.0000,11.0000,true
0,42,145,70.0000,11.0000,76.0000,39.0000,6.0000,true
0,42,146,70.0000,11.0000,77.0000,41.0000,7.0000,true
0,42,147,70.0000,11.0000,77.0000,41.0000,7.0000,true
0,42,148,70.0000,12.0000,75.0000,42.0000,5.0000,true
0,42,149,70.0000,13.0000,77.0000,43.0000,7.0000,true
0,42,150,70.0000,15.0000,72.0000,45.0000,2.0000,true
0,42,151,70.0000,16.0000,69.0000,45.0000,1.0000,false
0,42,152,70.0000,17.0000,75.0000,46.0000,5.0000,true
0,42,153,70.0000,16.0000,77.0000,47.0000,7.0000,true
0,42,154,70.0000,17.0000,71.0000,47.0000,1.0000,false
0,42,155,70.0000,18.0000,75.0000,49.0000,5.0000,true
0,42,156,70.0000,19.0000,72.0000,51.0000,2.0000,true
0,42,157,70.0000,18.0000,75.0000,52.0000,5.0000,true
0,42,158,70.0000,20.0000,76.0000,55.0000,6.0000,true
0,42,159,70.0000,21.0000,68.0000,54.0000,2.0000,true
0,42,160,70.0000,23.0000,72.0000,53.0000,2.0000,true
0,42,161,70.0000,24.0000,73.0000,54.0000,3.0000,true
0,42,162,70.0000,26.0000,69.0000,54.0000,1.0000,false
0,42,163,70.0000,27.0000,69.0000,53.0000,1.0000,false
0,42,164,70.0000,30.0000,65.0000,53.0000,5.0000,true
0,42,165,70.0000,32.0000,66.0000,53.0000,4.0000,true
0,42,166,70.0000,34.0000,70.0000,54.0000,0.0000,false
0,42,167,70.0000,35.0000,71.0000,55.0000,1.0000,false
0,42,168,70.0000,38.0000,71.0000,57.0000,1.0000,false
0,42,169,70.0000,38.0000,71.0000,59.0000,1.0000,false
0,42,170,70.0000,41.0000,68.0000,59.0000,2.0000,true
0,42,171,70.0000,43.0000,69.0000,61.0000,1.0000,false
0,42,172,70.0000,48.0000,71.0000,64.0000,1.0000,false
0,42,173,70.0000,53.0000,71.0000,68.0000,1.0000,false
0,42,174,70.0000,58.0000,72.0000,69.0000,2.0000,true
0,42,175,70.0000,59.0000,71.0000,69.0000,1.0000,false
0,42,176,70.0000,61.0000,70.0000,71.0000,0.0000,false
0,42,177,70.0000,62.0000,73.0000,71.0000,3.0000,true
0,42,178,70.0000,63.0000,73.0000,72.0000,3.0000,true
0,42,179,70.0000,63.0000,74.0000,73.0000,4.0000,true
0,42,180,70.0000,64.0000,73.0000,74.0000,3.0000,true
0,42,181,70.0000,67.0000,69.0000,76.0000,1.0000,false
0,42,182,70.0000,69.0000,69.0000,78.0000,1.0000,false
0,42,183,70.0000,70.0000,71.0000,80.0000,1.0000,false
0,42,184,70.0000,72.0000,74.0000,83.0000,4.0000,true
0,42,185,70.0000,72.0000,75.0000,84.0000,5.0000,true
0,42,186,70.0000,74.0000,75.0000,85.0000,5.0000,true
0,42,187,70.0000,76.0000,76.0000,86.0000,6.0000,true
0,42,188,70.0000,79.0000,75.0000,87.0000,5.0000,true
0,42,189,70.0000,79.0000,75.0000,87.0000,5.0000,true
0,42,190,70.0000,83.0000,71.0000,90.0000,1.0000,false
0,42,191,70.0000,83.0000,71.0000,90.0000,1.0000,false
0,42,192,70.0000,84.0000,71.0000,90.0000,1.0000,false
0,42,193,70.0000,84.0000,71.0000,90.0000,1.0000,false
0,42,194,70.0000,86.0000,,,0.0000,false
0,42,195,70.0000,87.0000,,,0.0000,false
0,42,196,70.0000,91.0000,,,0.0000,false
0,42,197,70.0000,93.0000,,,0.0000,false
0,42,198,70.0000,95.0000,,,0.0000,false
0,42,199,70.0000,95.0000,,,0.0000,false
0,42,200,70.0000,96.0000,,,0.0000,false
0,42,201,70.0000,96.0000,,,0.0000,false
0,42,202,70.0000,96.0000,,,0.0000,false
0,42,203,70.0000,97.0000,,,0.0000,false
0,42,204,70.0000,98.0000,,,0.0000,false
0,42,205,70.0000,98.0000,,,0.0000,false
0,42,206,70.0000,98.0000,,,0.0000,false
0,42,207,70.0000,98.0000,,,0.0000,false
1,43,0,63.0000,1.0000,66.0000,0.0000,3.0000,true
1,43,1,63.0000,1.0000,70.0000,1.0000,7.0000,true
1,43,2,63.0000,0.0000,76.0000,2.0000,13.0000,true
1,43,3,63.0000,0.0000,75.0000,1.0000,12.0000,true
1,43,4,63.0000,0.0000,85.0000,1.0000,22.0000,true
1,43,5,63.0000,0.0000,75.0000,1.0000,12.0000,true
1,43,6,63.0000,2.0000,69.0000,1.0000,6.0000,true
1,43,7,63.0000,1.0000,72.0000,2.0000,9.0000,true
1,43,8,63.0000,1.0000,85.0000,2.0000,22.0000,true
1,43,9,63.0000,2.0000,76.0000,2.0000,13.0000,true
1,43,10,63.0000,1.0000,71.0000,2.0000,8.0000,true
1,43,11,63.0000,2.0000,74.0000,2.0000,11.0000,true
1,43,12,63.0000,2.0000,73.0000,2.0000,10.0000,true
1,43,13,63.0000,1.0000,76.0000,2.0000,13.0000,true
1,43,14,63.0000,0.0000,79.0000,2.0000,16.0000,true
1,43,15,63.0000,0.0000,83.0000,2.0000,20.0000,true
1,43,16,63.0000,0.0000,80.0000,2.0000,17.0000,true
1,43,17,63.0000,1.0000,77.0000,2.0000,14.0000,true
1,43,18,63.0000,1.0000,80.0000,2.0000,17.0000,true
1,43,19,63.0000,1.0000,79.0000,3.0000,16.0000,true
1,43,20,63.0000,0.0000,77.0000,4.0000,14.0000,true
1,43,21,63.0000,1.0000,80.0000,3.0000,17.0000,true
1,43,22,63.0000,1.0000,84.0000,3.0000,21.0000,true
1,43,23,63.0000,3.0000,76.0000,3.0000,13.0000,true
1,43,24,63.0000,4.0000,71.0000,3.0000,8.0000,true
1,43,25,63.0000,3.0000,81.0000,3.0000,18.0000,true
1,43,26,63.0000,3.0000,80.0000,3.0000,17.0000,true
1,43,27,63.0000,1.0000,75.0000,4.0000,12.0000,true
1,43,28,63.0000,1.0000,75.0000,3.0000,12.0000,true
1,43,29,63.0000,1.0000,77.0000,4.0000,14.0000,true
1,43,30,63.0000,0.0000,82.0000,3.0000,19.0000,true
1,43,31,63.0000,0.0000,83.0000,3.0000,20.0000,true
1,43,32,63.0000,0.0000,88.0000,4.0000,25.0000,true
1,43,33,63.0000,0.0000,88.0000,3.0000,25.0000,true
1,43,34,63.0000,1.0000,83.0000,3.0000,20.0000,true
1,43,35,63.0000,0.0000,74.0000,2.0000,11.0000,true
1,43,36,63.0000,0.0000,80.0000,2.0000,17.0000,true
1,43,37,63.0000,0.0000,82.0000,2.0000,19.0000,true
1,43,38,63.0000,0.0000,82.0000,2.0000,19.0000,true
1,43,39,63.0000,0.0000,65.0000,2.0000,2.0000,true
1,43,40,63.0000,0.0000,71.0000,2.0000,8.0000,true
1,43,41,63.0000,0.0000,73.0000,2.0000,10.0000,true
1,43,42,63.0000,0.0000,85.0000,2.0000,22.0000,true
1,43,43,63.0000,0.0000,83.0000,3.0000,20.0000,true
1,43,44,63.0000,0.0000,87.0000,3.0000,24.0000,true
1,43,45,63.0000,0.0000,80.0000,3.0000,17.0000,true
1,43,46,63.0000,1.0000,84.0000,3.0000,21.0000,true
1,43,47,63.0000,2.0000,77.0000,4.0000,14.0000,true
1,43,48,63.0000,1.0000,78.0000,3.0000,15.0000,true
1,43,49,63.0000,0.0000,80.0000,3.0000,17.0000,true
1,43,50,63.0000,0.0000,79.0000,3.0000,16.0000,true
1,43,51,63.0000,1.0000,81.0000,3.0000,18.0000,true
1,43,52,63.0000,0.0000,81.0000,4.0000,18.0000,true
1,43,53,63.0000,1.0000,81.0000,3.0000,18.0000,true
1,43,54,63.0000,1.0000,79.0000,4.0000,16.0000,true
1,43,55,63.0000,1.0000,79.0000,3.0000,16.0000,true
1,43,56,63.0000,0.0000,76.0000,4.0000,13.0000,true
1,43,57,63.0000,1.0000,73.0000,5.0000,10.0000,true
1,43,58,63.0000,0.0000,74.0000,5.0000,11.0000,true
1,43,59,63.0000,0.0000,83.0000,4.0000,20.0000,true
1,43,60,63.0000,0.0000,76.0000,3.0000,13.0000,true
1,43,61,63.0000,0.0000,77.0000,4.0000,14.0000,true
1,43,62,63.0000,0.0000,69.0000,3.0000,6.0000,true
1,43,63,63.0000,0.0000,71.0000,3.0000,8.0000,true
1,43,64,63.0000,1.0000,77.0000,2.0000,14.0000,true
1,43,65,63.0000,2.0000,74.0000,3.0000,11.0000,true
1,43,66,63.0000,2.0000,73.0000,2.0000,10.0000,true
1,43,67,63.0000,4.0000,79.0000,2.0000,16.0000,true
1,43,68,63.0000,5.0000,74.0000,4.0000,11.0000,true
1,43,69,63.0000,5.0000,70.0000,4.0000,7.0000,true
1,43,70,63.0000,5.0000,69.0000,3.0000,6.0000,true
1,43,71,63.0000,5.0000,66.0000,4.0000,3.0000,true
1,43,72,63.0000,5.0000,76.0000,4.0000,13.0000,true
1,43,73,63.0000,5.0000,74.0000,4.0000,11.0000,true
1,43,74,63.0000,4.0000,73.0000,3.0000,10.0000,true
1,43,75,63.0000,4.0000,73.0000,3.0000,10.0000,true
1,43,76,63.0000,5.0000,80.0000,3.0000,17.0000,true
1,43,77,63.0000,5.0000,67.0000,3.0000,4.0000,true
1,43,78,63.0000,5.0000,76.0000,3.0000,13.0000,true
1,43,79,63.0000,4.0000,81.0000,4.0000,18.0000,true
1,43,80,63.0000,5.0000,80.0000,4.0000,17.0000,true
1,43,81,63.0000,5.0000,75.0000,3.0000,12.0000,true
1,43,82,63.0000,6.0000,70.0000,3.0000,7.0000,true
1,43,83,63.0000,4.0000,74.0000,3.0000,11.0000,true
1,43,84,63.0000,4.0000,67.0000,3.0000,4.0000,true
1,43,85,63.0000,5.0000,64.0000,4.0000,1.0000,false
1,43,86,63.0000,5.0000,76.0000,6.0000,13.0000,true
1,43,87,63.0000,5.0000,80.0000,7.0000,17.0000,true
1,43,88,63.0000,5.0000,80.0000,7.0000,17.0000,true
1,43,89,63.0000,5.0000,79.0000,6.0000,16.0000,true
1,43,90,63.0000,5.0000,68.0000,7.0000,5.0000,true
1,43,91,63.0000,6.0000,78.0000,7.0000,15.0000,true
1,43,92,63.0000,7.0000,79.0000,6.0000,16.0000,true
1,43,93,63.0000,7.0000,79.0000,6.0000,16.0000,true
1,43,94,63.0000,6.0000,78.0000,6.0000,15.0000,true
1,43,95,63.0000,6.0000,77.0000,7.0000,14.0000,true
1,43,96,63.0000,6.0000,80.0000,10.0000,17.0000,true
1,43,97,63.0000,5.0000,80.0000,12.0000,17.0000,true
1,43,98,63.0000,5.0000,68.0000,9.0000,5.0000,true
1,43,99,63.0000,5.0000,72.0000,8.0000,9.0000,true
1,43,100,63.0000,5.0000,74.0000,8.0000,11.0000,true
1,43,101,63.0000,4.0000,72.0000,10.0000,9.0000,true
1,43,102,63.0000,4.0000,68.0000,9.0000,5.0000,true
1,43,103,63.0000,5.0000,63.0000,8.0000,0.0000,false
1,43,104,63.0000,5.0000,68.0000,7.0000,5.0000,true
1,43,105,63.0000,5.0000,67.0000,7.0000,4.0000,true
1,43,106,63.0000,5.0000,73.0000,8.0000,10.0000,true
1,43,107,63.0000,5.0000,72.0000,8.0000,9.0000,true
1,43,108,63.0000,5.0000,76.0000,6.0000,13.0000,true
1,43,109,63.0000,6.0000,68.0000,6.0000,5.0000,true
1,43,110,63.0000,7.0000,66.0000,6.0000,3.0000,true
1,43,111,63.0000,7.0000,72.0000,6.0000,9.0000,true
1,43,112,63.0000,5.0000,74.0000,7.0000,11.0000,true
1,43,113,63.0000,5.0000,68.0000,6.0000,5.0000,true
1,43,114,63.0000,4.0000,68.0000,7.0000,5.0000,true
1,43,115,63.0000,4.0000,65.0000,8.0000,2.0000,true
1,43,116,63.0000,4.0000,56.0000,7.0000,7.0000,true
1,43,117,63.0000,5.0000,66.0000,7.0000,3.0000,true
1,43,118,63.0000,5.0000,77.0000,8.0000,14.0000,true
1,43,119,63.0000,6.0000,74.0000,8.0000,11.0000,true
1,43,120,63.0000,7.0000,71.0000,8.0000,8.0000,true
1,43,121,63.0000,6.0000,70.0000,9.0000,7.0000,true
1,43,122,63.0000,5.0000,72.0000,11.0000,9.0000,true
1,43,123,63.0000,5.0000,78.0000,13.0000,15.0000,true
1,43,124,63.0000,6.0000,79.0000,15.0000,16.0000,true
1,43,125,63.0000,6.0000,76.0000,17.0000,13.0000,true
1,43,126,63.0000,8.0000,71.0000,19.0000,8.0000,true
1,43,127,63.0000,7.0000,67.0000,19.0000,4.0000,true
1,43,128,63.0000,9.0000,74.0000,20.0000,11.0000,true
1,43,129,63.0000,10.0000,71.0000,22.0000,8.0000,true
1,43,130,63.0000,11.0000,71.0000,22.0000,8.0000,true
1,43,131,63.0000,13.0000,75.0000,23.0000,12.0000,true
1,43,132,63.0000,13.0000,77.0000,24.0000,14.0000,true
1,43,133,63.0000,13.0000,75.0000,25.0000,12.0000,true
1,43,134,63.0000,15.0000,78.0000,27.0000,15.0000,true
1,43,135,63.0000,14.0000,73.0000,27.0000,10.0000,true
1,43,136,63.0000,16.0000,71.0000,28.0000,8.0000,true
1,43,137,63.0000,16.0000,71.0000,32.0000,8.0000,true
1,43,138,63.0000,16.0000,70.0000,35.0000,7.0000,true
1,43,139,63.0000,17.0000,71.0000,37.0000,8.0000,true
1,43,140,63.0000,18.0000,75.0000,41.0000,12.0000,true
1,43,141,63.0000,20.0000,74.0000,43.0000,11.0000,true
1,43,142,63.0000,20.0000,69.0000,47.0000,6.0000,true
1,43,143,63.0000,22.0000,71.0000,49.0000,8.0000,true
1,43,144,63.0000,22.0000,73.0000,50.0000,10.0000,true
1,43,145,63.0000,24.0000,69.0000,50.0000,6.0000,true
1,43,146,63.0000,24.0000,70.0000,53.0000,7.0000,true
1,43,147,63.0000,26.0000,62.0000,56.0000,1.0000,false
1,43,148,63.0000,27.0000,60.0000,58.0000,3.0000,true
1,43,149,63.0000,30.0000,64.0000,60.0000,1.0000,false
1,43,150,63.0000,31.0000,60.0000,62.0000,3.0000,true
1,43,151,63.0000,33.0000,57.0000,66.0000,6.0000,true
1,43,152,63.0000,39.0000,60.0000,67.0000,3.0000,true
1,43,153,63.0000,44.0000,64.0000,67.0000,1.0000,false
1,43,154,63.0000,46.0000,64.0000,69.0000,1.0000,false
1,43,155,63.0000,49.0000,63.0000,71.0000,0.0000,false
1,43,156,63.0000,49.0000,63.0000,80.0000,0.0000,false
1,43,157,63.0000,53.0000,67.0000,87.0000,4.0000,true
1,43,158,63.0000,54.0000,61.0000,89.0000,2.0000,true
1,43,159,63.0000,56.0000,61.0000,89.0000,2.0000,true
1,43,160,63.0000,59.0000,64.0000,91.0000,1.0000,false
1,43,161,63.0000,62.0000,64.0000,91.0000,1.0000,false
1,43,162,63.0000,64.0000,64.0000,91.0000,1.0000,false
1,43,163,63.0000,66.0000,60.0000,91.0000,3.0000,true
1,43,164,63.0000,72.0000,60.0000,91.0000,3.0000,true
1,43,165,63.0000,75.0000,60.0000,91.0000,3.0000,true
1,43,166,63.0000,77.0000,67.0000,93.0000,4.0000,true
1,43,167,63.0000,78.0000,67.0000,96.0000,4.0000,true
1,43,168,63.0000,78.0000,67.0000,97.0000,4.0000,true
1,43,169,63.0000,79.0000,67.0000,98.0000,4.0000,true
1,43,170,63.0000,84.0000,67.0000,98.0000,4.0000,true
1,43,171,63.0000,87.0000,67.0000,98.0000,4.0000,true
1,43,172,63.0000,87.0000,63.0000,100.0000,0.0000,false
1,43,173,63.0000,88.0000,63.0000,100.0000,0.0000,false
1,43,174,63.0000,88.0000,63.0000,100.0000,0.0000,false
1,43,175,63.0000,89.0000,63.0000,100.0000,0.0000,false
1,43,176,63.0000,90.0000,,,0.0000,false
1,43,177,63.0000,91.0000,,,0.0000,false
1,43,178,63.0000,90.0000,,,0.0000,false
1,43,179,63.0000,91.0000,,,0.0000,false
1,43,180,63.0000,91.0000,,,0.0000,false
1,43,181,63.0000,93.0000,,,0.0000,false
1,43,182,63.0000,93.0000,,,0.0000,false
1,43,183,63.0000,93.0000,,,0.0000,false
1,43,184,63.0000,93.0000,,,0.0000,false
1,43,185,63.0000,94.0000,,,0.0000,false
1,43,186,63.0000,94.0000,,,0.0000,false
1,43,187,63.0000,95.0000,,,0.0000,false
1,43,188,63.0000,96.0000,,,0.0000,false
1,43,189,63.0000,97.0000,,,0.0000,false
1,43,190,63.0000,96.0000,,,0.0000,false
1,43,191,63.0000,97.0000,,,0.0000,false
1,43,192,63.0000,97.0000,,,0.0000,false
1,43,193,63.0000,98.0000,,,0.0000,false
1,43,194,63.0000,98.0000,,,0.0000,false
1,43,195,63.0000,100.0000,,,0.0000,false
1,43,196,63.0000,100.0000,,,0.0000,false
1,43,197,63.0000,100.0000,,,0.0000,false
1,43,198,63.0000,100.0000,,,0.0000,false
2,44,0,63.0000,0.0000,86.0000,1.0000,23.0000,true
2,44,1,63.0000,0.0000,71.0000,0.0000,8.0000,true
2,44,2,63.0000,0.0000,70.0000,0.0000,7.0000,true
2,44,3,63.0000,0.0000,71.0000,0.0000,8.0000,true
2,44,4,63.0000,1.0000,63.0000,0.0000,0.0000,false
2,44,5,63.0000,1.0000,77.0000,0.0000,14.0000,true
2,44,6,63.0000,1.0000,84.0000,1.0000,21.0000,true
2,44,7,63.0000,2.0000,84.0000,1.0000,21.0000,true
2,44,8,63.0000,0.0000,82.0000,0.0000,19.0000,true
2,44,9,63.0000,2.0000,82.0000,0.0000,19.0000,true
2,44,10,63.0000,5.0000,87.0000,0.0000,24.0000,true
2,44,11,63.0000,1.0000,78.0000,0.0000,15.0000,true
2,44,12,63.0000,3.0000,76.0000,0.0000,13.0000,true
2,44,13,63.0000,3.0000,81.0000,0.0000,18.0000,true
2,44,14,63.0000,3.0000,79.0000,0.0000,16.0000,true
2,44,15,63.0000,4.0000,80.0000,1.0000,17.0000,true
2,44,16,63.0000,1.0000,82.0000,1.0000,19.0000,true
2,44,17,63.0000,1.0000,76.0000,1.0000,13.0000,true
2,44,18,63.0000,1.0000,78.0000,0.0000,15.0000,true
2,44,19,63.0000,1.0000,81.0000,0.0000,18.0000,true
2,44,20,63.0000,0.0000,83.0000,0.0000,20.0000,true
2,44,21,63.0000,0.0000,73.0000,0.0000,10.0000,true
2,44,22,63.0000,1.0000,70.0000,0.0000,7.0000,true
2,44,23,63.0000,1.0000,77.0000,0.0000,14.0000,true
2,44,24,63.0000,1.0000,80.0000,0.0000,17.0000,true
2,44,25,63.0000,1.0000,82.0000,0.0000,19.0000,true
2,44,26,63.0000,1.0000,75.0000,0.0000,12.0000,true
2,44,27,63.0000,1.0000,74.0000,0.0000,11.0000,true
2,44,28,63.0000,0.0000,72.0000,0.0000,9.0000,true
2,44,29,63.0000,2.0000,81.0000,0.0000,18.0000,true
2,44,30,63.0000,2.0000,90.0000,0.0000,27.0000,true
2,44,31,63.0000,2.0000,90.0000,0.0000,27.0000,true
2,44,32,63.0000,2.0000,81.0000,0.0000,18.0000,true
2,44,33,63.0000,3.0000,81.0000,0.0000,18.0000,true
2,44,34,63.0000,2.0000,73.0000,0.0000,10.0000,true
2,44,35,63.0000,3.0000,81.0000,0.0000,18.0000,true
2,44,36,63.0000,2.0000,77.0000,0.0000,14.0000,true
2,44,37,63.0000,3.0000,76.0000,0.0000,13.0000,true
2,44,38,63.0000,3.0000,76.0000,2.0000,13.0000,true
2,44,39,63.0000,3.0000,73.0000,2.0000,10.0000,true
2,44,40,63.0000,2.0000,79.0000,1.0000,16.0000,true
2,44,41,63.0000,2.0000,84.0000,1.0000,21.0000,true
2,44,42,63.0000,2.0000,81.0000,0.0000,18.0000,true
2,44,43,63.0000,2.0000,74.0000,0.0000,11.0000,true
2,44,44,63.0000,2.0000,82.0000,0.0000,19.0000,true
2,44,45,63.0000,3.0000,75.0000,0.0000,12.0000,true
2,44,46,63.0000,3.0000,71.0000,0.0000,8.0000,true
2,44,47,63.0000,2.0000,82.0000,0.0000,19.0000,true
2,44,48,63.0000,2.0000,77.0000,1.0000,14.0000,true
2,44,49,63.0000,2.0000,78.0000,1.0000,15.0000,true
2,44,50,63.0000,2.0000,81.0000,3.0000,18.0000,true
2,44,51,63.0000,2.0000,78.0000,3.0000,15.0000,true
2,44,52,63.0000,2.0000,81.0000,3.0000,18.0000,true
2,44,53,63.0000,2.0000,76.0000,3.0000,13.0000,true
2,44,54,63.0000,2.0000,76.0000,3.0000,13.0000,true
2,44,55,63.0000,3.0000,84.0000,3.0000,21.0000,true
2,44,56,63.0000,3.0000,87.0000,3.0000,24.0000,true
2,44,57,63.0000,2.0000,82.0000,3.0000,19.0000,true
2,44,58,63.0000,2.0000,90.0000,3.0000,27.0000,true
2,44,59,63.0000,2.0000,85.0000,2.0000,22.0000,true
2,44,60,63.0000,2.0000,85.0000,3.0000,22.0000,true
2,44,61,63.0000,2.0000,84.0000,2.0000,21.0000,true
2,44,62,63.0000,2.0000,82.0000,3.0000,19.0000,true
2,44,63,63.0000,3.0000,84.0000,2.0000,21.0000,true
2,44,64,63.0000,2.0000,84.0000,2.0000,21.0000,true
2,44,65,63.0000,2.0000,81.0000,2.0000,18.0000,true
2,44,66,63.0000,2.0000,79.0000,2.0000,16.0000,true
2,44,67,63.0000,2.0000,82.0000,2.0000,19.0000,true
2,44,68,63.0000,2.0000,68.0000,2.0000,5.0000,true
2,44,69,63.0000,2.0000,81.0000,3.0000,18.0000,true
2,44,70,63.0000,2.0000,71.0000,3.0000,8.0000,true
2,44,71,63.0000,2.0000,72.0000,5.0000,9.0000,true
2,44,72,63.0000,2.0000,65.0000,4.0000,2.0000,true
2,44,73,63.0000,2.0000,75.0000,3.0000,12.0000,true
2,44,74,63.0000,2.0000,79.0000,3.0000,16.0000,true
2,44,75,63.0000,2.0000,76.0000,3.0000,13.0000,true
2,44,76,63.0000,2.0000,86.0000,2.0000,23.0000,true
2,44,77,63.0000,2.0000,79.0000,2.0000,16.0000,true
2,44,78,63.0000,2.0000,80.0000,2.0000,17.0000,true
2,44,79,63.0000,2.0000,80.0000,2.0000,17.0000,true
2,44,80,63.0000,2.0000,75.0000,3.0000,12.0000,true
2,44,81,63.0000,2.0000,69.0000,3.0000,6.0000,true
2,44,82,63.0000,2.0000,64.0000,4.0000,1.0000,false
2,44,83,63.0000,2.0000,71.0000,3.0000,8.0000,true
2,44,84,63.0000,4.0000,75.0000,3.0000,12.0000,true
2,44,85,63.0000,3.0000,77.0000,3.0000,14.0000,true
2,44,86,63.0000,4.0000,76.0000,3.0000,13.0000,true
2,44,87,63.0000,3.0000,74.0000,3.0000,11.0000,true
2,44,88,63.0000,3.0000,75.0000,3.0000,12.0000,true
2,44,89,63.0000,4.0000,75.0000,3.0000,12.0000,true
2,44,90,63.0000,4.0000,75.0000,3.0000,12.0000,true
2,44,91,63.0000,3.0000,73.0000,3.0000,10.0000,true
2,44,92,63.0000,3.0000,66.0000,3.0000,3.0000,true
2,44,93,63.0000,3.0000,72.0000,3.0000,9.0000,true
2,44,94,63.0000,3.0000,73.0000,3.0000,10.0000,true
2,44,95,63.0000,3.0000,73.0000,3.0000,10.0000,true
2,44,96,63.0000,3.0000,69.0000,4.0000,6.0000,true
2,44,97,63.0000,3.0000,70.0000,4.0000,7.0000,true
2,44,98,63.0000,3.0000,75.0000,3.0000,12.0000,true
2,44,99,63.0000,3.0000,69.0000,3.0000,6.0000,true
2,44,100,63.0000,3.0000,70.0000,3.0000,7.0000,true
2,44,101,63.0000,3.0000,65.0000,4.0000,2.0000,true
2,44,102,63.0000,3.0000,77.0000,5.0000,14.0000,true
2,44,103,63.0000,3.0000,63.0000,6.0000,0.0000,false
2,44,104,63.0000,2.0000,68.0000,5.0000,5.0000,true
2,44,105,63.0000,3.0000,59.0000,5.0000,4.0000,true
2,44,106,63.0000,4.0000,64.0000,4.0000,1.0000,false
2,44,107,63.0000,3.0000,64.0000,4.0000,1.0000,false
2,44,108,63.0000,3.0000,74.0000,4.0000,11.0000,true
2,44,109,63.0000,3.0000,59.0000,5.0000,4.0000,true
2,44,110,63.0000,3.0000,68.0000,6.0000,5.0000,true
2,44,111,63.0000,3.0000,68.0000,6.0000,5.0000,true
2,44,112,63.0000,3.0000,66.0000,7.0000,3.0000,true
2,44,113,63.0000,3.0000,73.0000,10.0000,10.0000,true
2,44,114,63.0000,3.0000,63.0000,10.0000,0.0000,false
2,44,115,63.0000,3.0000,59.0000,11.0000,4.0000,true
2,44,116,63.0000,4.0000,59.0000,11.0000,4.0000,true
2,44,117,63.0000,6.0000,62.0000,13.0000,1.0000,false
2,44,118,63.0000,5.0000,69.0000,13.0000,6.0000,true
2,44,119,63.0000,4.0000,71.0000,9.0000,8.0000,true
2,44,120,63.0000,4.0000,64.0000,9.0000,1.0000,false
2,44,121,63.0000,4.0000,66.0000,10.0000,3.0000,true
2,44,122,63.0000,3.0000,66.0000,11.0000,3.0000,true
2,44,123,63.0000,3.0000,65.0000,9.0000,2.0000,true
2,44,124,63.0000,4.0000,65.0000,9.0000,2.0000,true
2,44,125,63.0000,4.0000,66.0000,10.0000,3.0000,true
2,44,126,63.0000,3.0000,59.0000,10.0000,4.0000,true
2,44,127,63.0000,4.0000,64.0000,10.0000,1.0000,false
2,44,128,63.0000,4.0000,62.0000,10.0000,1.0000,false
2,44,129,63.0000,7.0000,63.0000,9.0000,0.0000,false
2,44,130,63.0000,8.0000,67.0000,11.0000,4.0000,true
2,44,131,63.0000,8.0000,72.0000,11.0000,9.0000,true
2,44,132,63.0000,8.0000,68.0000,10.0000,5.0000,true
2,44,133,63.0000,10.0000,65.0000,10.0000,2.0000,true
2,44,134,63.0000,13.0000,78.0000,10.0000,15.0000,true
2,44,135,63.0000,16.0000,64.0000,10.0000,1.0000,false
2,44,136,63.0000,17.0000,68.0000,12.0000,5.0000,true
2,44,137,63.0000,18.0000,69.0000,12.0000,6.0000,true
2,44,138,63.0000,19.0000,71.0000,12.0000,8.0000,true
2,44,139,63.0000,22.0000,72.0000,13.0000,9.0000,true
2,44,140,63.0000,22.0000,65.0000,13.0000,2.0000,true
2,44,141,63.0000,23.0000,53.0000,14.0000,10.0000,true
2,44,142,63.0000,24.0000,63.0000,17.0000,0.0000,false
2,44,143,63.0000,27.0000,61.0000,20.0000,2.0000,true
2,44,144,63.0000,29.0000,65.0000,20.0000,2.0000,true
2,44,145,63.0000,28.0000,67.0000,21.0000,4.0000,true
2,44,146,63.0000,30.0000,64.0000,21.0000,1.0000,false
2,44,147,63.0000,32.0000,66.0000,22.0000,3.0000,true
2,44,148,63.0000,35.0000,55.0000,21.0000,8.0000,true
2,44,149,63.0000,37.0000,65.0000,21.0000,2.0000,true
2,44,150,63.0000,37.0000,73.0000,23.0000,10.0000,true
2,44,151,63.0000,41.0000,66.0000,27.0000,3.0000,true
2,44,152,63.0000,41.0000,67.0000,32.0000,4.0000,true
2,44,153,63.0000,44.0000,66.0000,34.0000,3.0000,true
2,44,154,63.0000,46.0000,65.0000,32.0000,2.0000,true
2,44,155,63.0000,50.0000,61.0000,31.0000,2.0000,true
2,44,156,63.0000,50.0000,58.0000,32.0000,5.0000,true
2,44,157,63.0000,52.0000,60.0000,35.0000,3.0000,true
2,44,158,63.0000,52.0000,60.0000,36.0000,3.0000,true
2,44,159,63.0000,54.0000,62.0000,38.0000,1.0000,false
2,44,160,63.0000,55.0000,56.0000,40.0000,7.0000,true
2,44,161,63.0000,57.0000,55.0000,41.0000,8.0000,true
2,44,162,63.0000,58.0000,60.0000,44.0000,3.0000,true
2,44,163,63.0000,59.0000,60.0000,47.0000,3.0000,true
2,44,164,63.0000,60.0000,63.0000,51.0000,0.0000,false
2,44,165,63.0000,61.0000,58.0000,51.0000,5.0000,true
2,44,166,63.0000,61.0000,57.0000,58.0000,6.0000,true
2,44,167,63.0000,62.0000,62.0000,66.0000,1.0000,false
2,44,168,63.0000,62.0000,65.0000,73.0000,2.0000,true
2,44,169,63.0000,67.0000,69.0000,75.0000,6.0000,true
2,44,170,63.0000,68.0000,63.0000,78.0000,0.0000,false
2,44,171,63.0000,71.0000,60.0000,80.0000,3.0000,true
2,44,172,63.0000,74.0000,61.0000,81.0000,2.0000,true
2,44,173,63.0000,80.0000,61.0000,82.0000,2.0000,true
2,44,174,63.0000,82.0000,61.0000,83.0000,2.0000,true
2,44,175,63.0000,84.0000,61.0000,85.0000,2.0000,true
2,44,176,63.0000,84.0000,58.0000,87.0000,5.0000,true
2,44,177,63.0000,85.0000,62.0000,88.0000,1.0000,false
2,44,178,63.0000,87.0000,61.0000,90.0000,2.0000,true
2,44,179,63.0000,88.0000,61.0000,93.0000,2.0000,true
2,44,180,63.0000,89.0000,65.0000,94.0000,2.0000,true
2,44,181,63.0000,90.0000,65.0000,94.0000,2.0000,true
2,44,182,63.0000,92.0000,65.0000,94.0000,2.0000,true
2,44,183,63.0000,93.0000,65.0000,94.0000,2.0000,true
2,44,184,63.0000,93.0000,65.0000,94.0000,2.0000,true
2,44,185,63.0000,94.0000,,,0.0000,false
2,44,186,63.0000,95.0000,,,0.0000,false
2,44,187,63.0000,98.0000,,,0.0000,false
2,44,188,63.0000,98.0000,,,0.0000,false
2,44,189,63.0000,100.0000,,,0.0000,false
2,44,190,63.0000,100.0000,,,0.0000,false
2,44,191,63.0000,100.0000,,,0.0000,false
2,44,192,63.0000,100.0000,,,0.0000,false
3,45,0,83.0000,1.0000,78.0000,1.0000,5.0000,true
3,45,1,83.0000,1.0000,85.0000,2.0000,2.0000,true
3,45,2,83.0000,1.0000,76.0000,1.0000,7.0000,true
3,45,3,83.0000,1.0000,72.0000,1.0000,11.0000,true
3,45,4,83.0000,0.0000,67.0000,3.0000,16.0000,true
3,45,5,83.0000,2.0000,89.0000,4.0000,6.0000,true
3,45,6,83.0000,1.0000,80.0000,3.0000,3.0000,true
3,45,7,83.0000,2.0000,85.0000,4.0000,2.0000,true
3,45,8,83.0000,3.0000,78.0000,4.0000,5.0000,true
3,45,9,83.0000,3.0000,68.0000,2.0000,15.0000,true
3,45,10,83.0000,1.0000,71.0000,2.0000,12.0000,true
3,45,11,83.0000,1.0000,75.0000,3.0000,8.0000,true
3,45,12,83.0000,1.0000,79.0000,3.0000,4.0000,true
3,45,13,83.0000,2.0000,69.0000,3.0000,14.0000,true
3,45,14,83.0000,1.0000,73.0000,2.0000,10.0000,true
3,45,15,83.0000,1.0000,78.0000,1.0000,5.0000,true
3,45,16,83.0000,1.0000,76.0000,1.0000,7.0000,true
3,45,17,83.0000,2.0000,80.0000,1.0000,3.0000,true
3,45,18,83.0000,2.0000,82.0000,1.0000,1.0000,false
3,45,19,83.0000,1.0000,77.0000,1.0000,6.0000,true
3,45,20,83.0000,1.0000,83.0000,1.0000,0.0000,false
3,45,21,83.0000,1.0000,82.0000,1.0000,1.0000,false
3,45,22,83.0000,1.0000,76.0000,2.0000,7.0000,true
3,45,23,83.0000,0.0000,73.0000,1.0000,10.0000,true
3,45,24,83.0000,0.0000,77.0000,1.0000,6.0000,true
3,45,25,83.0000,0.0000,78.0000,1.0000,5.0000,true
3,45,26,83.0000,0.0000,78.0000,2.0000,5.0000,true
3,45,27,83.0000,0.0000,77.0000,2.0000,6.0000,true
3,45,28,83.0000,0.0000,75.0000,2.0000,8.0000,true
3,45,29,83.0000,1.0000,81.0000,1.0000,2.0000,true
3,45,30,83.0000,1.0000,80.0000,1.0000,3.0000,true
3,45,31,83.0000,2.0000,79.0000,1.0000,4.0000,true
3,45,32,83.0000,3.0000,84.0000,2.0000,1.0000,false
3,45,33,83.0000,3.0000,68.0000,1.0000,15.0000,true
3,45,34,83.0000,3.0000,75.0000,1.0000,8.0000,true
3,45,35,83.0000,2.0000,69.0000,2.0000,14.0000,true
3,45,36,83.0000,2.0000,80.0000,1.0000,3.0000,true
3,45,37,83.0000,2.0000,71.0000,2.0000,12.0000,true
3,45,38,83.0000,1.0000,82.0000,2.0000,1.0000,false
3,45,39,83.0000,1.0000,79.0000,2.0000,4.0000,true
3,45,40,83.0000,0.0000,78.0000,2.0000,5.0000,true
3,45,41,83.0000,0.0000,82.0000,2.0000,1.0000,false
3,45,42,83.0000,1.0000,75.0000,3.0000,8.0000,true
3,45,43,83.0000,1.0000,78.0000,3.0000,5.0000,true
3,45,44,83.0000,2.0000,77.0000,2.0000,6.0000,true
3,45,45,83.0000,2.0000,73.0000,3.0000,10.0000,true
3,45,46,83.0000,1.0000,74.0000,3.0000,9.0000,true
3,45,47,83.0000,1.0000,76.0000,3.0000,7.0000,true
3,45,48,83.0000,1.0000,82.0000,4.0000,1.0000,false
3,45,49,83.0000,1.0000,87.0000,3.0000,4.0000,true
3,45,50,83.0000,1.0000,77.0000,3.0000,6.0000,true
3,45,51,83.0000,1.0000,66.0000,3.0000,17.0000,true
3,45,52,83.0000,2.0000,76.0000,3.0000,7.0000,true
3,45,53,83.0000,1.0000,73.0000,3.0000,10.0000,true
3,45,54,83.0000,2.0000,79.0000,3.0000,4.0000,true
3,45,55,83.0000,2.0000,72.0000,4.0000,11.0000,true
3,45,56,83.0000,1.0000,75.0000,5.0000,8.0000,true
3,45,57,83.0000,0.0000,73.0000,5.0000,10.0000,true
3,45,58,83.0000,0.0000,67.0000,4.0000,16.0000,true
3,45,59,83.0000,0.0000,70.0000,3.0000,13.0000,true
3,45,60,83.0000,0.0000,74.0000,3.0000,9.0000,true
3,45,61,83.0000,0.0000,75.0000,4.0000,8.0000,true
3,45,62,83.0000,0.0000,74.0000,4.0000,9.0000,true
3,45,63,83.0000,0.0000,74.0000,4.0000,9.0000,true
3,45,64,83.0000,0.0000,78.0000,4.0000,5.0000,true
3,45,65,83.0000,1.0000,78.0000,3.0000,5.0000,true
3,45,66,83.0000,0.0000,81.0000,3.0000,2.0000,true
3,45,67,83.0000,0.0000,78.0000,3.0000,5.0000,true
3,45,68,83.0000,0.0000,80.0000,3.0000,3.0000,true
3,45,69,83.0000,0.0000,79.0000,3.0000,4.0000,true
3,45,70,83.0000,2.0000,84.0000,3.0000,1.0000,false
3,45,71,83.0000,2.0000,77.0000,3.0000,6.0000,true
3,45,72,83.0000,1.0000,77.0000,3.0000,6.0000,true
3,45,73,83.0000,2.0000,79.0000,3.0000,4.0000,true
3,45,74,83.0000,2.0000,79.0000,4.0000,4.0000,true
3,45,75,83.0000,1.0000,82.0000,6.0000,1.0000,false
3,45,76,83.0000,0.0000,78.0000,7.0000,5.0000,true
3,45,77,83.0000,1.0000,78.0000,9.0000,5.0000,true
3,45,78,83.0000,0.0000,72.0000,9.0000,11.0000,true
3,45,79,83.0000,0.0000,75.0000,9.0000,8.0000,true
3,45,80,83.0000,0.0000,70.0000,9.0000,13.0000,true
3,45,81,83.0000,0.0000,74.0000,10.0000,9.0000,true
3,45,82,83.0000,0.0000,73.0000,11.0000,10.0000,true
3,45,83,83.0000,0.0000,74.0000,10.0000,9.0000,true
3,45,84,83.0000,0.0000,82.0000,10.0000,1.0000,false
3,45,85,83.0000,0.0000,75.0000,9.0000,8.0000,true
3,45,86,83.0000,0.0000,71.0000,10.0000,12.0000,true
3,45,87,83.0000,1.0000,76.0000,10.0000,7.0000,true
3,45,88,83.0000,1.0000,78.0000,10.0000,5.0000,true
3,45,89,83.0000,1.0000,73.0000,11.0000,10.0000,true
3,45,90,83.0000,1.0000,74.0000,9.0000,9.0000,true
3,45,91,83.0000,1.0000,83.0000,9.0000,0.0000,false
3,45,92,83.0000,0.0000,78.0000,10.0000,5.0000,true
3,45,93,83.0000,0.0000,74.0000,13.0000,9.0000,true
3,45,94,83.0000,0.0000,77.0000,12.0000,6.0000,true
3,45,95,83.0000,0.0000,68.0000,11.0000,15.0000,true
3,45,96,83.0000,0.0000,69.0000,11.0000,14.0000,true
3,45,97,83.0000,0.0000,75.0000,10.0000,8.0000,true
3,45,98,83.0000,0.0000,84.0000,11.0000,1.0000,false
3,45,99,83.0000,1.0000,71.0000,11.0000,12.0000,true
3,45,100,83.0000,2.0000,77.0000,11.0000,6.0000,true
3,45,101,83.0000,0.0000,83.0000,11.0000,0.0000,false
3,45,102,83.0000,1.0000,70.0000,10.0000,13.0000,true
3,45,103,83.0000,1.0000,74.0000,10.0000,9.0000,true
3,45,104,83.0000,0.0000,81.0000,10.0000,2.0000,true
3,45,105,83.0000,1.0000,76.0000,9.0000,7.0000,true
3,45,106,83.0000,1.0000,71.0000,10.0000,12.0000,true
3,45,107,83.0000,2.0000,78.0000,10.0000,5.0000,true
3,45,108,83.0000,1.0000,85.0000,11.0000,2.0000,true
3,45,109,83.0000,1.0000,80.0000,13.0000,3.0000,true
3,45,110,83.0000,0.0000,85.0000,13.0000,2.0000,true
3,45,111,83.0000,0.0000,84.0000,14.0000,1.0000,false
3,45,112,83.0000,1.0000,76.0000,13.0000,7.0000,true
3,45,113,83.0000,1.0000,80.0000,10.0000,3.0000,true
3,45,114,83.0000,1.0000,76.0000,11.0000,7.0000,true
3,45,115,83.0000,0.0000,80.0000,10.0000,3.0000,true
3,45,116,83.0000,1.0000,74.0000,10.0000,9.0000,true
3,45,117,83.0000,0.0000,77.0000,11.0000,6.0000,true
3,45,118,83.0000,0.0000,81.0000,12.0000,2.0000,true
3,45,119,83.0000,0.0000,81.0000,11.0000,2.0000,true
3,45,120,83.0000,1.0000,82.0000,11.0000,1.0000,false
3,45,121,83.0000,0.0000,85.0000,10.0000,2.0000,true
3,45,122,83.0000,0.0000,82.0000,10.0000,1.0000,false
3,45,123,83.0000,1.0000,82.0000,11.0000,1.0000,false
3,45,124,83.0000,1.0000,82.0000,14.0000,1.0000,false
3,45,125,83.0000,1.0000,82.0000,14.0000,1.0000,false
3,45,126,83.0000,1.0000,79.0000,15.0000,4.0000,true
3,45,127,83.0000,1.0000,87.0000,16.0000,4.0000,true
3,45,128,83.0000,1.0000,84.0000,17.0000,1.0000,false
3,45,129,83.0000,2.0000,84.0000,18.0000,1.0000,false
3,45,130,83.0000,1.0000,73.0000,22.0000,10.0000,true
3,45,131,83.0000,0.0000,84.0000,21.0000,1.0000,false
3,45,132,83.0000,0.0000,85.0000,22.0000,2.0000,true
3,45,133,83.0000,0.0000,88.0000,24.0000,5.0000,true
3,45,134,83.0000,1.0000,88.0000,29.0000,5.0000,true
3,45,135,83.0000,1.0000,85.0000,29.0000,2.0000,true
3,45,136,83.0000,1.0000,80.0000,29.0000,3.0000,true
3,45,137,83.0000,3.0000,83.0000,29.0000,0.0000,false
3,45,138,83.0000,5.0000,77.0000,29.0000,6.0000,true
3,45,139,83.0000,6.0000,77.0000,29.0000,6.0000,true
3,45,140,83.0000,5.0000,84.0000,29.0000,1.0000,false
3,45,141,83.0000,6.0000,82.0000,28.0000,1.0000,false
3,45,142,83.0000,6.0000,79.0000,28.0000,4.0000,true
3,45,143,83.0000,9.0000,81.0000,29.0000,2.0000,true
3,45,144,83.0000,13.0000,76.0000,29.0000,7.0000,true
3,45,145,83.0000,15.0000,76.0000,29.0000,7.0000,true
3,45,146,83.0000,16.0000,74.0000,29.0000,9.0000,true
3,45,147,83.0000,20.0000,78.0000,29.0000,5.0000,true
3,45,148,83.0000,24.0000,82.0000,29.0000,1.0000,false
3,45,149,83.0000,26.0000,77.0000,29.0000,6.0000,true
3,45,150,83.0000,26.0000,82.0000,28.0000,1.0000,false
3,45,151,83.0000,28.0000,77.0000,28.0000,6.0000,true
3,45,152,83.0000,28.0000,77.0000,28.0000,6.0000,true
3,45,153,83.0000,32.0000,73.0000,28.0000,10.0000,true
3,45,154,83.0000,33.0000,73.0000,28.0000,10.0000,true
3,45,155,83.0000,34.0000,72.0000,28.0000,11.0000,true
3,45,156,83.0000,37.0000,75.0000,28.0000,8.0000,true
3,45,157,83.0000,41.0000,83.0000,28.0000,0.0000,false
3,45,158,83.0000,45.0000,80.0000,28.0000,3.0000,true
3,45,159,83.0000,46.0000,77.0000,28.0000,6.0000,true
3,45,160,83.0000,46.0000,78.0000,28.0000,5.0000,true
3,45,161,83.0000,47.0000,75.0000,29.0000,8.0000,true
3,45,162,83.0000,50.0000,85.0000,32.0000,2.0000,true
3,45,163,83.0000,51.0000,83.0000,35.0000,0.0000,false
3,45,164,83.0000,52.0000,82.0000,42.0000,1.0000,false
3,45,165,83.0000,54.0000,80.0000,44.0000,3.0000,true
3,45,166,83.0000,54.0000,83.0000,46.0000,0.0000,false
3,45,167,83.0000,54.0000,77.0000,48.0000,6.0000,true
3,45,168,83.0000,55.0000,72.0000,48.0000,11.0000,true
3,45,169,83.0000,57.0000,75.0000,50.0000,8.0000,true
3,45,170,83.0000,58.0000,76.0000,52.0000,7.0000,true
3,45,171,83.0000,62.0000,77.0000,57.0000,6.0000,true
3,45,172,83.0000,67.0000,76.0000,59.0000,7.0000,true
3,45,173,83.0000,69.0000,73.0000,62.0000,10.0000,true
3,45,174,83.0000,70.0000,74.0000,64.0000,9.0000,true
3,45,175,83.0000,71.0000,76.0000,66.0000,7.0000,true
3,45,176,83.0000,73.0000,74.0000,66.0000,9.0000,true
3,45,177,83.0000,75.0000,78.0000,66.0000,5.0000,true
3,45,178,83.0000,78.0000,74.0000,68.0000,9.0000,true
3,45,179,83.0000,80.0000,76.0000,69.0000,7.0000,true
3,45,180,83.0000,82.0000,82.0000,72.0000,1.0000,false
3,45,181,83.0000,84.0000,81.0000,73.0000,2.0000,true
3,45,182,83.0000,85.0000,78.0000,73.0000,5.0000,true
3,45,183,83.0000,88.0000,76.0000,73.0000,7.0000,true
3,45,184,83.0000,88.0000,75.0000,74.0000,8.0000,true
3,45,185,83.0000,90.0000,73.0000,75.0000,10.0000,true
3,45,186,83.0000,90.0000,77.0000,75.0000,6.0000,true
3,45,187,83.0000,94.0000,73.0000,76.0000,10.0000,true
3,45,188,83.0000,94.0000,76.0000,77.0000,7.0000,true
3,45,189,83.0000,94.0000,73.0000,77.0000,10.0000,true
3,45,190,83.0000,94.0000,71.0000,77.0000,12.0000,true
3,45,191,83.0000,95.0000,74.0000,79.0000,9.0000,true
3,45,192,83.0000,95.0000,81.0000,79.0000,2.0000,true
3,45,193,83.0000,96.0000,81.0000,80.0000,2.0000,true
3,45,194,83.0000,97.0000,77.0000,80.0000,6.0000,true
3,45,195,83.0000,98.0000,73.0000,80.0000,10.0000,true
3,45,196,83.0000,97.0000,74.0000,81.0000,9.0000,true
3,45,197,83.0000,98.0000,78.0000,82.0000,5.0000,true
3,45,198,83.0000,98.0000,78.0000,82.0000,5.0000,true
3,45,199,83.0000,100.0000,80.0000,84.0000,3.0000,true
3,45,200,83.0000,100.0000,83.0000,84.0000,0.0000,false
3,45,201,83.0000,100.0000,82.0000,85.0000,1.0000,false
3,45,202,83.0000,100.0000,81.0000,87.0000,2.0000,true
3,45,203,,,81.0000,87.0000,0.0000,false
3,45,204,,,78.0000,89.0000,0.0000,false
3,45,205,,,81.0000,91.0000,0.0000,false
3,45,206,,,81.0000,93.0000,0.0000,false
3,45,207,,,81.0000,93.0000,0.0000,false
3,45,208,,,81.0000,93.0000,0.0000,false
3,45,209,,,83.0000,94.0000,0.0000,false
3,45,210,,,83.0000,94.0000,0.0000,false
3,45,211,,,80.0000,96.0000,0.0000,false
3,45,212,,,83.0000,98.0000,0.0000,false
3,45,213,,,83.0000,100.0000,0.0000,false
3,45,214,,,83.0000,100.0000,0.0000,false
3,45,215,,,83.0000,100.0000,0.0000,false
3,45,216,,,83.0000,100.0000,0.0000,false
4,46,0,69.0000,1.0000,68.0000,1.0000,1.0000,false
4,46,1,69.0000,1.0000,69.0000,1.0000,0.0000,false
4,46,2,69.0000,0.0000,78.0000,3.0000,9.0000,true
4,46,3,69.0000,0.0000,65.0000,3.0000,4.0000,true
4,46,4,69.0000,0.0000,83.0000,3.0000,14.0000,true
4,46,5,69.0000,1.0000,82.0000,4.0000,13.0000,true
4,46,6,69.0000,0.0000,81.0000,4.0000,12.0000,true
4,46,7,69.0000,0.0000,82.0000,4.0000,13.0000,true
4,46,8,69.0000,0.0000,83.0000,3.0000,14.0000,true
4,46,9,69.0000,1.0000,87.0000,2.0000,18.0000,true
4,46,10,69.0000,1.0000,89.0000,4.0000,20.0000,true
4,46,11,69.0000,1.0000,83.0000,4.0000,14.0000,true
4,46,12,69.0000,1.0000,79.0000,4.0000,10.0000,true
4,46,13,69.0000,0.0000,82.0000,7.0000,13.0000,true
4,46,14,69.0000,0.0000,82.0000,6.0000,13.0000,true
4,46,15,69.0000,0.0000,78.0000,6.0000,9.0000,true
4,46,16,69.0000,0.0000,86.0000,5.0000,17.0000,true
4,46,17,69.0000,1.0000,87.0000,5.0000,18.0000,true
4,46,18,69.0000,2.0000,87.0000,7.0000,18.0000,true
4,46,19,69.0000,2.0000,87.0000,6.0000,18.0000,true
4,46,20,69.0000,3.0000,90.0000,6.0000,21.0000,true
4,46,21,69.0000,4.0000,85.0000,7.0000,16.0000,true
4,46,22,69.0000,3.0000,88.0000,7.0000,19.0000,true
4,46,23,69.0000,1.0000,91.0000,6.0000,22.0000,true
4,46,24,69.0000,1.0000,89.0000,7.0000,20.0000,true
4,46,25,69.0000,0.0000,76.0000,7.0000,7.0000,true
4,46,26,69.0000,0.0000,74.0000,7.0000,5.0000,true
4,46,27,69.0000,0.0000,88.0000,7.0000,19.0000,true
4,46,28,69.0000,1.0000,84.0000,6.0000,15.0000,true
4,46,29,69.0000,1.0000,83.0000,6.0000,14.0000,true
4,46,30,69.0000,2.0000,90.0000,7.0000,21.0000,true
4,46,31,69.0000,2.0000,87.0000,8.0000,18.0000,true
4,46,32,69.0000,2.0000,87.0000,8.0000,18.0000,true
4,46,33,69.0000,1.0000,86.0000,6.0000,17.0000,true
4,46,34,69.0000,1.0000,88.0000,7.0000,19.0000,true
4,46,35,69.0000,2.0000,77.0000,8.0000,8.0000,true
4,46,36,69.0000,3.0000,76.0000,7.0000,7.0000,true
4,46,37,69.0000,3.0000,85.0000,7.0000,16.0000,true
4,46,38,69.0000,2.0000,84.0000,8.0000,15.0000,true
4,46,39,69.0000,0.0000,88.0000,9.0000,19.0000,true
4,46,40,69.0000,1.0000,79.0000,8.0000,10.0000,true
4,46,41,69.0000,0.0000,80.0000,8.0000,11.0000,true
4,46,42,69.0000,2.0000,82.0000,6.0000,13.0000,true
4,46,43,69.0000,0.0000,86.0000,7.0000,17.0000,true
4,46,44,69.0000,0.0000,82.0000,6.0000,13.0000,true
4,46,45,69.0000,1.0000,83.0000,6.0000,14.0000,true
4,46,46,69.0000,2.0000,85.0000,7.0000,16.0000,true
4,46,47,69.0000,2.0000,87.0000,7.0000,18.0000,true
4,46,48,69.0000,1.0000,81.0000,6.0000,12.0000,true
4,46,49,69.0000,3.0000,80.0000,7.0000,11.0000,true
4,46,50,69.0000,2.0000,85.0000,7.0000,16.0000,true
4,46,51,69.0000,1.0000,82.0000,6.0000,13.0000,true
4,46,52,69.0000,1.0000,79.0000,6.0000,10.0000,true
4,46,53,69.0000,0.0000,77.0000,6.0000,8.0000,true
4,46,54,69.0000,1.0000,79.0000,6.0000,10.0000,true
4,46,55,69.0000,0.0000,83.0000,6.0000,14.0000,true
4,46,56,69.0000,0.0000,86.0000,5.0000,17.0000,true
4,46,57,69.0000,1.0000,89.0000,5.0000,20.0000,true
4,46,58,69.0000,1.0000,83.0000,6.0000,14.0000,true
4,46,59,69.0000,0.0000,82.0000,6.0000,13.0000,true
4,46,60,69.0000,1.0000,82.0000,6.0000,13.0000,true
4,46,61,69.0000,1.0000,85.0000,6.0000,16.0000,true
4,46,62,69.0000,0.0000,87.0000,7.0000,18.0000,true
4,46,63,69.0000,0.0000,83.0000,7.0000,14.0000,true
4,46,64,69.0000,1.0000,84.0000,8.0000,15.0000,true
4,46,65,69.0000,0.0000,85.0000,9.0000,16.0000,true
4,46,66,69.0000,0.0000,83.0000,10.0000,14.0000,true
4,46,67,69.0000,0.0000,87.0000,9.0000,18.0000,true
4,46,68,69.0000,0.0000,79.0000,10.0000,10.0000,true
4,46,69,69.0000,0.0000,73.0000,14.0000,4.0000,true
4,46,70,69.0000,0.0000,80.0000,15.0000,11.0000,true
4,46,71,69.0000,0.0000,79.0000,15.0000,10.0000,true
4,46,72,69.0000,0.0000,79.0000,18.0000,10.0000,true
4,46,73,69.0000,0.0000,80.0000,20.0000,11.0000,true
4,46,74,69.0000,1.0000,82.0000,19.0000,13.0000,true
4,46,75,69.0000,1.0000,83.0000,18.0000,14.0000,true
4,46,76,69.0000,1.0000,83.0000,17.0000,14.0000,true
4,46,77,69.0000,1.0000,69.0000,15.0000,0.0000,false
4,46,78,69.0000,2.0000,73.0000,15.0000,4.0000,true
4,46,79,69.0000,2.0000,81.0000,15.0000,12.0000,true
4,46,80,69.0000,2.0000,88.0000,16.0000,19.0000,true
4,46,81,69.0000,0.0000,81.0000,15.0000,12.0000,true
4,46,82,69.0000,0.0000,83.0000,16.0000,14.0000,true
4,46,83,69.0000,1.0000,79.0000,15.0000,10.0000,true
4,46,84,69.0000,2.0000,80.0000,16.0000,11.0000,true
4,46,85,69.0000,3.0000,76.0000,15.0000,7.0000,true
4,46,86,69.0000,3.0000,86.0000,15.0000,17.0000,true
4,46,87,69.0000,3.0000,76.0000,15.0000,7.0000,true
4,46,88,69.0000,4.0000,75.0000,16.0000,6.0000,true
4,46,89,69.0000,3.0000,79.0000,16.0000,10.0000,true
4,46,90,69.0000,2.0000,79.0000,16.0000,10.0000,true
4,46,91,69.0000,5.0000,80.0000,16.0000,11.0000,true
4,46,92,69.0000,4.0000,82.0000,16.0000,13.0000,true
4,46,93,69.0000,3.0000,76.0000,15.0000,7.0000,true
4,46,94,69.0000,3.0000,78.0000,16.0000,9.0000,true
4,46,95,69.0000,3.0000,85.0000,17.0000,16.0000,true
4,46,96,69.0000,3.0000,78.0000,16.0000,9.0000,true
4,46,97,69.0000,4.0000,78.0000,15.0000,9.0000,true
4,46,98,69.0000,2.0000,77.0000,15.0000,8.0000,true
4,46,99,69.0000,1.0000,80.0000,15.0000,11.0000,true
4,46,100,69.0000,1.0000,81.0000,15.0000,12.0000,true
4,46,101,69.0000,3.0000,73.0000,15.0000,4.0000,true
4,46,102,69.0000,3.0000,70.0000,15.0000,1.0000,false
4,46,103,69.0000,3.0000,68.0000,15.0000,1.0000,false
4,46,104,69.0000,4.0000,69.0000,15.0000,0.0000,false
4,46,105,69.0000,3.0000,64.0000,14.0000,5.0000,true
4,46,106,69.0000,3.0000,76.0000,15.0000,7.0000,true
4,46,107,69.0000,1.0000,75.0000,14.0000,6.0000,true
4,46,108,69.0000,1.0000,67.0000,14.0000,2.0000,true
4,46,109,69.0000,0.0000,71.0000,14.0000,2.0000,true
4,46,110,69.0000,2.0000,79.0000,16.0000,10.0000,true
4,46,111,69.0000,1.0000,65.0000,16.0000,4.0000,true
4,46,112,69.0000,0.0000,76.0000,17.0000,7.0000,true
4,46,113,69.0000,1.0000,68.0000,18.0000,1.0000,false
4,46,114,69.0000,1.0000,74.0000,16.0000,5.0000,true
4,46,115,69.0000,1.0000,75.0000,17.0000,6.0000,true
4,46,116,69.0000,1.0000,72.0000,17.0000,3.0000,true
4,46,117,69.0000,1.0000,75.0000,16.0000,6.0000,true
4,46,118,69.0000,1.0000,84.0000,16.0000,15.0000,true
4,46,119,69.0000,1.0000,75.0000,16.0000,6.0000,true
4,46,120,69.0000,1.0000,69.0000,17.0000,0.0000,false
4,46,121,69.0000,0.0000,75.0000,17.0000,6.0000,true
4,46,122,69.0000,0.0000,72.0000,15.0000,3.0000,true
4,46,123,69.0000,0.0000,75.0000,16.0000,6.0000,true
4,46,124,69.0000,0.0000,72.0000,16.0000,3.0000,true
4,46,125,69.0000,1.0000,66.0000,16.0000,3.0000,true
4,46,126,69.0000,1.0000,69.0000,16.0000,0.0000,false
4,46,127,69.0000,1.0000,79.0000,16.0000,10.0000,true
4,46,128,69.0000,1.0000,73.0000,17.0000,4.0000,true
4,46,129,69.0000,1.0000,73.0000,17.0000,4.0000,true
4,46,130,69.0000,1.0000,78.0000,15.0000,9.0000,true
4,46,131,69.0000,1.0000,72.0000,15.0000,3.0000,true
4,46,132,69.0000,1.0000,70.0000,20.0000,1.0000,false
4,46,133,69.0000,3.0000,78.0000,22.0000,9.0000,true
4,46,134,69.0000,3.0000,73.0000,25.0000,4.0000,true
4,46,135,69.0000,4.0000,73.0000,27.0000,4.0000,true
4,46,136,69.0000,5.0000,71.0000,30.0000,2.0000,true
4,46,137,69.0000,5.0000,72.0000,35.0000,3.0000,true
4,46,138,69.0000,5.0000,72.0000,35.0000,3.0000,true
4,46,139,69.0000,6.0000,71.0000,37.0000,2.0000,true
4,46,140,69.0000,6.0000,65.0000,40.0000,4.0000,true
4,46,141,69.0000,7.0000,65.0000,42.0000,4.0000,true
4,46,142,69.0000,7.0000,62.0000,44.0000,7.0000,true
4,46,143,69.0000,8.0000,67.0000,48.0000,2.0000,true
4,46,144,69.0000,11.0000,66.0000,52.0000,3.0000,true
4,46,145,69.0000,11.0000,69.0000,54.0000,0.0000,false
4,46,146,69.0000,12.0000,67.0000,58.0000,2.0000,true
4,46,147,69.0000,13.0000,67.0000,62.0000,2.0000,true
4,46,148,69.0000,14.0000,65.0000,64.0000,4.0000,true
4,46,149,69.0000,15.0000,70.0000,64.0000,1.0000,false
4,46,150,69.0000,16.0000,72.0000,67.0000,3.0000,true
4,46,151,69.0000,17.0000,70.0000,70.0000,1.0000,false
4,46,152,69.0000,19.0000,71.0000,71.0000,2.0000,true
4,46,153,69.0000,22.0000,72.0000,73.0000,3.0000,true
4,46,154,69.0000,24.0000,68.0000,73.0000,1.0000,false
4,46,155,69.0000,25.0000,65.0000,74.0000,4.0000,true
4,46,156,69.0000,25.0000,62.0000,74.0000,7.0000,true
4,46,157,69.0000,27.0000,65.0000,77.0000,4.0000,true
4,46,158,69.0000,29.0000,72.0000,77.0000,3.0000,true
4,46,159,69.0000,30.0000,69.0000,79.0000,0.0000,false
4,46,160,69.0000,30.0000,70.0000,79.0000,1.0000,false
4,46,161,69.0000,30.0000,72.0000,79.0000,3.0000,true
4,46,162,69.0000,31.0000,68.0000,79.0000,1.0000,false
4,46,163,69.0000,32.0000,68.0000,81.0000,1.0000,false
4,46,164,69.0000,35.0000,72.0000,81.0000,3.0000,true
4,46,165,69.0000,37.0000,62.0000,82.0000,7.0000,true
4,46,166,69.0000,41.0000,62.0000,82.0000,7.0000,true
4,46,167,69.0000,42.0000,65.0000,83.0000,4.0000,true
4,46,168,69.0000,44.0000,68.0000,84.0000,1.0000,false
4,46,169,69.0000,46.0000,68.0000,85.0000,1.0000,false
4,46,170,69.0000,48.0000,68.0000,86.0000,1.0000,false
4,46,171,69.0000,48.0000,67.0000,87.0000,2.0000,true
4,46,172,69.0000,49.0000,70.0000,89.0000,1.0000,false
4,46,173,69.0000,51.0000,67.0000,95.0000,2.0000,true
4,46,174,69.0000,53.0000,67.0000,97.0000,2.0000,true
4,46,175,69.0000,52.0000,67.0000,98.0000,2.0000,true
4,46,176,69.0000,55.0000,69.0000,100.0000,0.0000,false
4,46,177,69.0000,55.0000,69.0000,100.0000,0.0000,false
4,46,178,69.0000,56.0000,69.0000,100.0000,0.0000,false
4,46,179,69.0000,57.0000,69.0000,100.0000,0.0000,false
4,46,180,69.0000,56.0000,,,0.0000,false
4,46,181,69.0000,57.0000,,,0.0000,false
4,46,182,69.0000,58.0000,,,0.0000,false
4,46,183,69.0000,60.0000,,,0.0000,false
4,46,184,69.0000,66.0000,,,0.0000,false
4,46,185,69.0000,67.0000,,,0.0000,false
4,46,186,69.0000,72.0000,,,0.0000,false
4,46,187,69.0000,74.0000,,,0.0000,false
4,46,188,69.0000,77.0000,,,0.0000,false
4,46,189,69.0000,80.0000,,,0.0000,false
4,46,190,69.0000,79.0000,,,0.0000,false
4,46,191,69.0000,80.0000,,,0.0000,false
4,46,192,69.0000,80.0000,,,0.0000,false
4,46,193,69.0000,84.0000,,,0.0000,false
4,46,194,69.0000,84.0000,,,0.0000,false
4,46,195,69.0000,85.0000,,,0.0000,false
4,46,196,69.0000,89.0000,,,0.0000,false
4,46,197,69.0000,92.0000,,,0.0000,false
4,46,198,69.0000,95.0000,,,0.0000,false
4,46,199,69.0000,96.0000,,,0.0000,false
4,46,200,69.0000,95.0000,,,0.0000,false
4,46,201,69.0000,96.0000,,,0.0000,false
4,46,202,69.0000,96.0000,,,0.0000,false
4,46,203,69.0000,97.0000,,,0.0000,false
4,46,204,69.0000,97.0000,,,0.0000,false
4,46,205,69.0000,98.0000,,,0.0000,false
4,46,206,69.0000,98.0000,,,0.0000,false
4,46,207,69.0000,100.0000,,,0.0000,false
4,46,208,69.0000,100.0000,,,0.0000,false
4,46,209,69.0000,100.0000,,,0.0000,false
4,46,210,69.0000,100.0000,,,0.0000,false
5,47,0,79.0000,2.0000,76.0000,1.0000,3.0000,true
5,47,1,79.0000,2.0000,82.0000,0.0000,3.0000,true
5,47,2,79.0000,2.0000,81.0000,0.0000,2.0000,true
5,47,3,79.0000,1.0000,74.0000,0.0000,5.0000,true
5,47,4,79.0000,0.0000,75.0000,0.0000,4.0000,true
5,47,5,79.0000,0.0000,77.0000,0.0000,2.0000,true
5,47,6,79.0000,2.0000,76.0000,0.0000,3.0000,true
5,47,7,79.0000,2.0000,74.0000,1.0000,5.0000,true
5,47,8,79.0000,0.0000,83.0000,1.0000,4.0000,true
5,47,9,79.0000,0.0000,82.0000,0.0000,3.0000,true
5,47,10,79.0000,0.0000,77.0000,0.0000,2.0000,true
5,47,11,79.0000,0.0000,71.0000,1.0000,8.0000,true
5,47,12,79.0000,0.0000,82.0000,0.0000,3.0000,true
5,47,13,79.0000,0.0000,78.0000,1.0000,1.0000,false
5,47,14,79.0000,0.0000,80.0000,1.0000,1.0000,false
5,47,15,79.0000,1.0000,86.0000,1.0000,7.0000,true
5,47,16,79.0000,2.0000,84.0000,1.0000,5.0000,true
5,47,17,79.0000,1.0000,88.0000,0.0000,9.0000,true
5,47,18,79.0000,1.0000,84.0000,0.0000,5.0000,true
5,47,19,79.0000,1.0000,80.0000,0.0000,1.0000,false
5,47,20,79.0000,0.0000,76.0000,0.0000,3.0000,true
5,47,21,79.0000,1.0000,85.0000,0.0000,6.0000,true
5,47,22,79.0000,1.0000,86.0000,0.0000,7.0000,true
5,47,23,79.0000,1.0000,84.0000,0.0000,5.0000,true
5,47,24,79.0000,1.0000,86.0000,0.0000,7.0000,true
5,47,25,79.0000,0.0000,86.0000,0.0000,7.0000,true
5,47,26,79.0000,1.0000,89.0000,1.0000,10.0000,true
5,47,27,79.0000,1.0000,80.0000,1.0000,1.0000,false
5,47,28,79.0000,2.0000,84.0000,1.0000,5.0000,true
5,47,29,79.0000,1.0000,86.0000,1.0000,7.0000,true
5,47,30,79.0000,0.0000,88.0000,1.0000,9.0000,true
5,47,31,79.0000,1.0000,83.0000,0.0000,4.0000,true
5,47,32,79.0000,1.0000,80.0000,1.0000,1.0000,false
5,47,33,79.0000,0.0000,83.0000,0.0000,4.0000,true
5,47,34,79.0000,1.0000,83.0000,0.0000,4.0000,true
5,47,35,79.0000,1.0000,83.0000,1.0000,4.0000,true
5,47,36,79.0000,1.0000,83.0000,2.0000,4.0000,true
5,47,37,79.0000,2.0000,81.0000,1.0000,2.0000,true
5,47,38,79.0000,0.0000,82.0000,1.0000,3.0000,true
5,47,39,79.0000,0.0000,88.0000,1.0000,9.0000,true
5,47,40,79.0000,0.0000,91.0000,2.0000,12.0000,true
5,47,41,79.0000,0.0000,81.0000,3.0000,2.0000,true
5,47,42,79.0000,0.0000,76.0000,1.0000,3.0000,true
5,47,43,79.0000,0.0000,83.0000,1.0000,4.0000,true
5,47,44,79.0000,0.0000,77.0000,0.0000,2.0000,true
5,47,45,79.0000,0.0000,78.0000,0.0000,1.0000,false
5,47,46,79.0000,0.0000,74.0000,0.0000,5.0000,true
5,47,47,79.0000,1.0000,72.0000,1.0000,7.0000,true
5,47,48,79.0000,1.0000,79.0000,1.0000,0.0000,false
5,47,49,79.0000,1.0000,87.0000,1.0000,8.0000,true
5,47,50,79.0000,0.0000,85.0000,1.0000,6.0000,true
5,47,51,79.0000,0.0000,81.0000,0.0000,2.0000,true
5,47,52,79.0000,0.0000,75.0000,0.0000,4.0000,true
5,47,53,79.0000,0.0000,78.0000,0.0000,1.0000,false
5,47,54,79.0000,0.0000,83.0000,0.0000,4.0000,true
5,47,55,79.0000,0.0000,81.0000,0.0000,2.0000,true
5,47,56,79.0000,1.0000,82.0000,0.0000,3.0000,true
5,47,57,79.0000,0.0000,80.0000,0.0000,1.0000,false
5,47,58,79.0000,0.0000,82.0000,0.0000,3.0000,true
5,47,59,79.0000,0.0000,72.0000,0.0000,7.0000,true
5,47,60,79.0000,0.0000,70.0000,0.0000,9.0000,true
5,47,61,79.0000,0.0000,77.0000,1.0000,2.0000,true
5,47,62,79.0000,0.0000,74.0000,1.0000,5.0000,true
5,47,63,79.0000,0.0000,79.0000,1.0000,0.0000,false
5,47,64,79.0000,2.0000,66.0000,1.0000,13.0000,true
5,47,65,79.0000,1.0000,72.0000,2.0000,7.0000,true
5,47,66,79.0000,2.0000,72.0000,3.0000,7.0000,true
5,47,67,79.0000,5.0000,78.0000,1.0000,1.0000,false
5,47,68,79.0000,5.0000,77.0000,1.0000,2.0000,true
5,47,69,79.0000,3.0000,83.0000,2.0000,4.0000,true
5,47,70,79.0000,1.0000,79.0000,0.0000,0.0000,false
5,47,71,79.0000,1.0000,76.0000,0.0000,3.0000,true
5,47,72,79.0000,1.0000,69.0000,0.0000,10.0000,true
5,47,73,79.0000,1.0000,69.0000,1.0000,10.0000,true
5,47,74,79.0000,1.0000,72.0000,1.0000,7.0000,true
5,47,75,79.0000,1.0000,72.0000,3.0000,7.0000,true
5,47,76,79.0000,2.0000,78.0000,3.0000,1.0000,false
5,47,77,79.0000,2.0000,67.0000,3.0000,12.0000,true
5,47,78,79.0000,3.0000,78.0000,2.0000,1.0000,false
5,47,79,79.0000,2.0000,73.0000,4.0000,6.0000,true
5,47,80,79.0000,2.0000,66.0000,3.0000,13.0000,true
5,47,81,79.0000,2.0000,80.0000,3.0000,1.0000,false
5,47,82,79.0000,3.0000,75.0000,3.0000,4.0000,true
5,47,83,79.0000,2.0000,74.0000,2.0000,5.0000,true
5,47,84,79.0000,2.0000,79.0000,1.0000,0.0000,false
5,47,85,79.0000,1.0000,73.0000,1.0000,6.0000,true
5,47,86,79.0000,2.0000,77.0000,2.0000,2.0000,true
5,47,87,79.0000,2.0000,74.0000,2.0000,5.0000,true
5,47,88,79.0000,1.0000,66.0000,3.0000,13.0000,true
5,47,89,79.0000,1.0000,65.0000,3.0000,14.0000,true
5,47,90,79.0000,2.0000,73.0000,4.0000,6.0000,true
5,47,91,79.0000,1.0000,81.0000,1.0000,2.0000,true
5,47,92,79.0000,0.0000,82.0000,1.0000,3.0000,true
5,47,93,79.0000,1.0000,76.0000,1.0000,3.0000,true
5,47,94,79.0000,1.0000,76.0000,1.0000,3.0000,true
5,47,95,79.0000,1.0000,78.0000,2.0000,1.0000,false
5,47,96,79.0000,2.0000,83.0000,3.0000,4.0000,true
5,47,97,79.0000,2.0000,79.0000,3.0000,0.0000,false
5,47,98,79.0000,0.0000,73.0000,3.0000,6.0000,true
5,47,99,79.0000,0.0000,81.0000,3.0000,2.0000,true
5,47,100,79.0000,0.0000,77.0000,3.0000,2.0000,true
5,47,101,79.0000,0.0000,70.0000,3.0000,9.0000,true
5,47,102,79.0000,0.0000,77.0000,3.0000,2.0000,true
5,47,103,79.0000,0.0000,75.0000,1.0000,4.0000,true
5,47,104,79.0000,1.0000,75.0000,2.0000,4.0000,true
5,47,105,79.0000,2.0000,76.0000,2.0000,3.0000,true
5,47,106,79.0000,1.0000,74.0000,1.0000,5.0000,true
5,47,107,79.0000,1.0000,75.0000,2.0000,4.0000,true
5,47,108,79.0000,1.0000,69.0000,2.0000,10.0000,true
5,47,109,79.0000,1.0000,70.0000,2.0000,9.0000,true
5,47,110,79.0000,1.0000,70.0000,1.0000,9.0000,true
5,47,111,79.0000,1.0000,63.0000,1.0000,16.0000,true
5,47,112,79.0000,2.0000,62.0000,2.0000,17.0000,true
5,47,113,79.0000,2.0000,65.0000,2.0000,14.0000,true
5,47,114,79.0000,0.0000,74.0000,1.0000,5.0000,true
5,47,115,79.0000,2.0000,71.0000,2.0000,8.0000,true
5,47,116,79.0000,1.0000,75.0000,1.0000,4.0000,true
5,47,117,79.0000,1.0000,79.0000,1.0000,0.0000,false
5,47,118,79.0000,2.0000,79.0000,1.0000,0.0000,false
5,47,119,79.0000,2.0000,72.0000,1.0000,7.0000,true
5,47,120,79.0000,1.0000,77.0000,4.0000,2.0000,true
5,47,121,79.0000,1.0000,76.0000,3.0000,3.0000,true
5,47,122,79.0000,3.0000,72.0000,1.0000,7.0000,true
5,47,123,79.0000,3.0000,73.0000,1.0000,6.0000,true
5,47,124,79.0000,1.0000,74.0000,1.0000,5.0000,true
5,47,125,79.0000,1.0000,69.0000,1.0000,10.0000,true
5,47,126,79.0000,1.0000,70.0000,2.0000,9.0000,true
5,47,127,79.0000,1.0000,69.0000,1.0000,10.0000,true
5,47,128,79.0000,2.0000,69.0000,2.0000,10.0000,true
5,47,129,79.0000,3.0000,81.0000,1.0000,2.0000,true
5,47,130,79.0000,6.0000,82.0000,2.0000,3.0000,true
5,47,131,79.0000,5.0000,80.0000,4.0000,1.0000,false
5,47,132,79.0000,4.0000,74.0000,2.0000,5.0000,true
5,47,133,79.0000,5.0000,72.0000,4.0000,7.0000,true
5,47,134,79.0000,5.0000,75.0000,2.0000,4.0000,true
5,47,135,79.0000,5.0000,73.0000,1.0000,6.0000,true
5,47,136,79.0000,6.0000,68.0000,1.0000,11.0000,true
5,47,137,79.0000,7.0000,81.0000,1.0000,2.0000,true
5,47,138,79.0000,10.0000,80.0000,1.0000,1.0000,false
5,47,139,79.0000,13.0000,79.0000,1.0000,0.0000,false
5,47,140,79.0000,17.0000,82.0000,1.0000,3.0000,true
5,47,141,79.0000,17.0000,72.0000,2.0000,7.0000,true
5,47,142,79.0000,19.0000,80.0000,3.0000,1.0000,false
5,47,143,79.0000,21.0000,85.0000,3.0000,6.0000,true
5,47,144,79.0000,24.0000,77.0000,6.0000,2.0000,true
5,47,145,79.0000,27.0000,78.0000,7.0000,1.0000,false
5,47,146,79.0000,29.0000,77.0000,7.0000,2.0000,true
5,47,147,79.0000,30.0000,76.0000,8.0000,3.0000,true
5,47,148,79.0000,32.0000,75.0000,11.0000,4.0000,true
5,47,149,79.0000,33.0000,71.0000,13.0000,8.0000,true
5,47,150,79.0000,36.0000,78.0000,14.0000,1.0000,false
5,47,151,79.0000,40.0000,74.0000,15.0000,5.0000,true
5,47,152,79.0000,42.0000,72.0000,16.0000,7.0000,true
5,47,153,79.0000,41.0000,70.0000,16.0000,9.0000,true
5,47,154,79.0000,45.0000,71.0000,20.0000,8.0000,true
5,47,155,79.0000,45.0000,75.0000,25.0000,4.0000,true
5,47,156,79.0000,46.0000,78.0000,28.0000,1.0000,false
5,47,157,79.0000,48.0000,82.0000,30.0000,3.0000,true
5,47,158,79.0000,50.0000,80.0000,33.0000,1.0000,false
5,47,159,79.0000,52.0000,80.0000,35.0000,1.0000,false
5,47,160,79.0000,53.0000,75.0000,40.0000,4.0000,true
5,47,161,79.0000,53.0000,77.0000,42.0000,2.0000,true
5,47,162,79.0000,54.0000,81.0000,45.0000,2.0000,true
5,47,163,79.0000,54.0000,68.0000,51.0000,11.0000,true
5,47,164,79.0000,56.0000,72.0000,55.0000,7.0000,true
5,47,165,79.0000,56.0000,79.0000,56.0000,0.0000,false
5,47,166,79.0000,60.0000,75.0000,58.0000,4.0000,true
5,47,167,79.0000,62.0000,78.0000,60.0000,1.0000,false
5,47,168,79.0000,63.0000,66.0000,62.0000,13.0000,true
5,47,169,79.0000,64.0000,69.0000,64.0000,10.0000,true
5,47,170,79.0000,66.0000,76.0000,68.0000,3.0000,true
5,47,171,79.0000,68.0000,76.0000,69.0000,3.0000,true
5,47,172,79.0000,69.0000,75.0000,70.0000,4.0000,true
5,47,173,79.0000,70.0000,78.0000,74.0000,1.0000,false
5,47,174,79.0000,72.0000,76.0000,81.0000,3.0000,true
5,47,175,79.0000,73.0000,76.0000,83.0000,3.0000,true
5,47,176,79.0000,79.0000,73.0000,85.0000,6.0000,true
5,47,177,79.0000,80.0000,77.0000,86.0000,2.0000,true
5,47,178,79.0000,83.0000,78.0000,90.0000,1.0000,false
5,47,179,79.0000,87.0000,79.0000,91.0000,0.0000,false
5,47,180,79.0000,87.0000,75.0000,93.0000,4.0000,true
5,47,181,79.0000,89.0000,75.0000,94.0000,4.0000,true
5,47,182,79.0000,91.0000,75.0000,94.0000,4.0000,true
5,47,183,79.0000,93.0000,79.0000,95.0000,0.0000,false
5,47,184,79.0000,94.0000,78.0000,98.0000,1.0000,false
5,47,185,79.0000,94.0000,78.0000,98.0000,1.0000,false
5,47,186,79.0000,95.0000,79.0000,100.0000,0.0000,false
5,47,187,79.0000,96.0000,79.0000,100.0000,0.0000,false
5,47,188,79.0000,97.0000,79.0000,100.0000,0.0000,false
5,47,189,79.0000,96.0000,79.0000,100.0000,0.0000,false
5,47,190,79.0000,97.0000,,,0.0000,false
5,47,191,79.0000,97.0000,,,0.0000,false
5,47,192,79.0000,98.0000,,,0.0000,false
5,47,193,79.0000,98.0000,,,0.0000,false
5,47,194,79.0000,100.0000,,,0.0000,false
5,47,195,79.0000,100.0000,,,0.0000,false
5,47,196,79.0000,100.0000,,,0.0000,false
5,47,197,79.0000,100.0000,,,0.0000,false
6,48,0,66.0000,0.0000,72.0000,1.0000,6.0000,true
6,48,1,66.0000,1.0000,69.0000,1.0000,3.0000,true
6,48,2,66.0000,3.0000,72.0000,1.0000,6.0000,true
6,48,3,66.0000,5.0000,69.0000,2.0000,3.0000,true
6,48,4,66.0000,4.0000,76.0000,3.0000,10.0000,true
6,48,5,66.0000,5.0000,78.0000,2.0000,12.0000,true
6,48,6,66.0000,7.0000,74.0000,2.0000,8.0000,true
6,48,7,66.0000,4.0000,85.0000,2.0000,19.0000,true
6,48,8,66.0000,5.0000,88.0000,2.0000,22.0000,true
6,48,9,66.0000,3.0000,83.0000,0.0000,17.0000,true
6,48,10,66.0000,2.0000,86.0000,0.0000,20.0000,true
6,48,11,66.0000,1.0000,84.0000,0.0000,18.0000,true
6,48,12,66.0000,2.0000,88.0000,0.0000,22.0000,true
6,48,13,66.0000,2.0000,81.0000,1.0000,15.0000,true
6,48,14,66.0000,3.0000,77.0000,1.0000,11.0000,true
6,48,15,66.0000,2.0000,81.0000,3.0000,15.0000,true
6,48,16,66.0000,2.0000,81.0000,3.0000,15.0000,true
6,48,17,66.0000,2.0000,73.0000,3.0000,7.0000,true
6,48,18,66.0000,2.0000,79.0000,2.0000,13.0000,true
6,48,19,66.0000,0.0000,75.0000,2.0000,9.0000,true
6,48,20,66.0000,1.0000,70.0000,2.0000,4.0000,true
6,48,21,66.0000,2.0000,77.0000,1.0000,11.0000,true
6,48,22,66.0000,1.0000,78.0000,1.0000,12.0000,true
6,48,23,66.0000,0.0000,79.0000,1.0000,13.0000,true
6,48,24,66.0000,0.0000,84.0000,1.0000,18.0000,true
6,48,25,66.0000,0.0000,83.0000,2.0000,17.0000,true
6,48,26,66.0000,0.0000,87.0000,1.0000,21.0000,true
6,48,27,66.0000,0.0000,87.0000,2.0000,21.0000,true
6,48,28,66.0000,0.0000,82.0000,3.0000,16.0000,true
6,48,29,66.0000,1.0000,89.0000,2.0000,23.0000,true
6,48,30,66.0000,0.0000,83.0000,2.0000,17.0000,true
6,48,31,66.0000,0.0000,83.0000,4.0000,17.0000,true
6,48,32,66.0000,0.0000,81.0000,4.0000,15.0000,true
6,48,33,66.0000,0.0000,79.0000,3.0000,13.0000,true
6,48,34,66.0000,1.0000,75.0000,2.0000,9.0000,true
6,48,35,66.0000,0.0000,79.0000,2.0000,13.0000,true
6,48,36,66.0000,0.0000,75.0000,2.0000,9.0000,true
6,48,37,66.0000,0.0000,76.0000,2.0000,10.0000,true
6,48,38,66.0000,1.0000,82.0000,2.0000,16.0000,true
6,48,39,66.0000,1.0000,80.0000,2.0000,14.0000,true
6,48,40,66.0000,0.0000,84.0000,2.0000,18.0000,true
6,48,41,66.0000,0.0000,84.0000,2.0000,18.0000,true
6,48,42,66.0000,1.0000,81.0000,2.0000,15.0000,true
6,48,43,66.0000,1.0000,83.0000,2.0000,17.0000,true
6,48,44,66.0000,1.0000,75.0000,3.0000,9.0000,true
6,48,45,66.0000,2.0000,80.0000,4.0000,14.0000,true
6,48,46,66.0000,3.0000,78.0000,4.0000,12.0000,true
6,48,47,66.0000,1.0000,83.0000,5.0000,17.0000,true
6,48,48,66.0000,1.0000,82.0000,6.0000,16.0000,true
6,48,49,66.0000,0.0000,88.0000,7.0000,22.0000,true
6,48,50,66.0000,0.0000,78.0000,7.0000,12.0000,true
6,48,51,66.0000,0.0000,69.0000,8.0000,3.0000,true
6,48,52,66.0000,0.0000,81.0000,7.0000,15.0000,true
6,48,53,66.0000,1.0000,88.0000,7.0000,22.0000,true
6,48,54,66.0000,0.0000,88.0000,8.0000,22.0000,true
6,48,55,66.0000,0.0000,84.0000,8.0000,18.0000,true
6,48,56,66.0000,0.0000,86.0000,8.0000,20.0000,true
6,48,57,66.0000,0.0000,76.0000,8.0000,10.0000,true
6,48,58,66.0000,0.0000,81.0000,7.0000,15.0000,true
6,48,59,66.0000,0.0000,78.0000,6.0000,12.0000,true
6,48,60,66.0000,0.0000,79.0000,6.0000,13.0000,true
6,48,61,66.0000,0.0000,83.0000,6.0000,17.0000,true
6,48,62,66.0000,1.0000,86.0000,8.0000,20.0000,true
6,48,63,66.0000,1.0000,85.0000,7.0000,19.0000,true
6,48,64,66.0000,0.0000,85.0000,7.0000,19.0000,true
6,48,65,66.0000,0.0000,85.0000,6.0000,19.0000,true
6,48,66,66.0000,0.0000,83.0000,6.0000,17.0000,true
6,48,67,66.0000,2.0000,83.0000,6.0000,17.0000,true
6,48,68,66.0000,1.0000,89.0000,6.0000,23.0000,true
6,48,69,66.0000,2.0000,80.0000,6.0000,14.0000,true
6,48,70,66.0000,3.0000,79.0000,6.0000,13.0000,true
6,48,71,66.0000,4.0000,84.0000,7.0000,18.0000,true
6,48,72,66.0000,3.0000,76.0000,7.0000,10.0000,true
6,48,73,66.0000,2.0000,78.0000,7.0000,12.0000,true
6,48,74,66.0000,2.0000,75.0000,6.0000,9.0000,true
6,48,75,66.0000,2.0000,76.0000,6.0000,10.0000,true
6,48,76,66.0000,2.0000,80.0000,7.0000,14.0000,true
6,48,77,66.0000,3.0000,77.0000,6.0000,11.0000,true
6,48,78,66.0000,3.0000,80.0000,6.0000,14.0000,true
6,48,79,66.0000,3.0000,74.0000,6.0000,8.0000,true
6,48,80,66.0000,3.0000,79.0000,6.0000,13.0000,true
6,48,81,66.0000,3.0000,79.0000,6.0000,13.0000,true
6,48,82,66.0000,2.0000,85.0000,6.0000,19.0000,true
6,48,83,66.0000,2.0000,76.0000,6.0000,10.0000,true
6,48,84,66.0000,2.0000,79.0000,7.0000,13.0000,true
6,48,85,66.0000,3.0000,80.0000,6.0000,14.0000,true
6,48,86,66.0000,3.0000,86.0000,6.0000,20.0000,true
6,48,87,66.0000,3.0000,78.0000,7.0000,12.0000,true
6,48,88,66.0000,2.0000,77.0000,7.0000,11.0000,true
6,48,89,66.0000,1.0000,78.0000,7.0000,12.0000,true
6,48,90,66.0000,1.0000,77.0000,6.0000,11.0000,true
6,48,91,66.0000,1.0000,84.0000,7.0000,18.0000,true
6,48,92,66.0000,1.0000,79.0000,8.0000,13.0000,true
6,48,93,66.0000,2.0000,80.0000,8.0000,14.0000,true
6,48,94,66.0000,2.0000,76.0000,7.0000,10.0000,true
6,48,95,66.0000,3.0000,77.0000,7.0000,11.0000,true
6,48,96,66.0000,2.0000,87.0000,5.0000,21.0000,true
6,48,97,66.0000,2.0000,89.0000,5.0000,23.0000,true
6,48,98,66.0000,2.0000,80.0000,5.0000,14.0000,true
6,48,99,66.0000,1.0000,84.0000,5.0000,18.0000,true
6,48,100,66.0000,1.0000,82.0000,5.0000,16.0000,true
6,48,101,66.0000,1.0000,77.0000,6.0000,11.0000,true
6,48,102,66.0000,1.0000,76.0000,6.0000,10.0000,true
6,48,103,66.0000,2.0000,83.0000,8.0000,17.0000,true
6,48,104,66.0000,2.0000,84.0000,5.0000,18.0000,true
6,48,105,66.0000,2.0000,88.0000,5.0000,22.0000,true
6,48,106,66.0000,2.0000,85.0000,5.0000,19.0000,true
6,48,107,66.0000,2.0000,85.0000,5.0000,19.0000,true
6,48,108,66.0000,1.0000,83.0000,5.0000,17.0000,true
6,48,109,66.0000,2.0000,83.0000,6.0000,17.0000,true
6,48,110,66.0000,2.0000,86.0000,6.0000,20.0000,true
6,48,111,66.0000,1.0000,83.0000,7.0000,17.0000,true
6,48,112,66.0000,1.0000,80.0000,6.0000,14.0000,true
6,48,113,66.0000,4.0000,82.0000,6.0000,16.0000,true
6,48,114,66.0000,2.0000,84.0000,6.0000,18.0000,true
6,48,115,66.0000,3.0000,77.0000,5.0000,11.0000,true
6,48,116,66.0000,3.0000,75.0000,5.0000,9.0000,true
6,48,117,66.0000,2.0000,80.0000,6.0000,14.0000,true
6,48,118,66.0000,2.0000,76.0000,5.0000,10.0000,true
6,48,119,66.0000,2.0000,82.0000,5.0000,16.0000,true
6,48,120,66.0000,2.0000,87.0000,5.0000,21.0000,true
6,48,121,66.0000,2.0000,84.0000,6.0000,18.0000,true
6,48,122,66.0000,2.0000,82.0000,8.0000,16.0000,true
6,48,123,66.0000,1.0000,82.0000,9.0000,16.0000,true
6,48,124,66.0000,1.0000,86.0000,10.0000,20.0000,true
6,48,125,66.0000,1.0000,88.0000,11.0000,22.0000,true
6,48,126,66.0000,3.0000,85.0000,11.0000,19.0000,true
6,48,127,66.0000,4.0000,78.0000,10.0000,12.0000,true
6,48,128,66.0000,4.0000,83.0000,10.0000,17.0000,true
6,48,129,66.0000,5.0000,84.0000,11.0000,18.0000,true
6,48,130,66.0000,6.0000,76.0000,14.0000,10.0000,true
6,48,131,66.0000,8.0000,80.0000,14.0000,14.0000,true
6,48,132,66.0000,7.0000,78.0000,18.0000,12.0000,true
6,48,133,66.0000,9.0000,78.0000,18.0000,12.0000,true
6,48,134,66.0000,12.0000,78.0000,17.0000,12.0000,true
6,48,135,66.0000,14.0000,77.0000,17.0000,11.0000,true
6,48,136,66.0000,14.0000,78.0000,17.0000,12.0000,true
6,48,137,66.0000,17.0000,84.0000,17.0000,18.0000,true
6,48,138,66.0000,18.0000,84.0000,17.0000,18.0000,true
6,48,139,66.0000,23.0000,87.0000,17.0000,21.0000,true
6,48,140,66.0000,26.0000,82.0000,18.0000,16.0000,true
6,48,141,66.0000,26.0000,82.0000,18.0000,16.0000,true
6,48,142,66.0000,27.0000,82.0000,18.0000,16.0000,true
6,48,143,66.0000,29.0000,79.0000,17.0000,13.0000,true
6,48,144,66.0000,30.0000,76.0000,17.0000,10.0000,true
6,48,145,66.0000,34.0000,73.0000,17.0000,7.0000,true
6,48,146,66.0000,35.0000,77.0000,17.0000,11.0000,true
6,48,147,66.0000,38.0000,78.0000,17.0000,12.0000,true
6,48,148,66.0000,40.0000,75.0000,17.0000,9.0000,true
6,48,149,66.0000,45.0000,78.0000,18.0000,12.0000,true
6,48,150,66.0000,46.0000,78.0000,18.0000,12.0000,true
6,48,151,66.0000,48.0000,76.0000,18.0000,10.0000,true
6,48,152,66.0000,49.0000,75.0000,18.0000,9.0000,true
6,48,153,66.0000,54.0000,76.0000,18.0000,10.0000,true
6,48,154,66.0000,56.0000,79.0000,18.0000,13.0000,true
6,48,155,66.0000,57.0000,80.0000,18.0000,14.0000,true
6,48,156,66.0000,61.0000,79.0000,18.0000,13.0000,true
6,48,157,66.0000,63.0000,80.0000,17.0000,14.0000,true
6,48,158,66.0000,64.0000,76.0000,18.0000,10.0000,true
6,48,159,66.0000,66.0000,74.0000,19.0000,8.0000,true
6,48,160,66.0000,65.0000,78.0000,20.0000,12.0000,true
6,48,161,66.0000,66.0000,80.0000,23.0000,14.0000,true
6,48,162,66.0000,67.0000,79.0000,25.0000,13.0000,true
6,48,163,66.0000,70.0000,74.0000,26.0000,8.0000,true
6,48,164,66.0000,71.0000,70.0000,28.0000,4.0000,true
6,48,165,66.0000,74.0000,72.0000,32.0000,6.0000,true
6,48,166,66.0000,75.0000,67.0000,38.0000,1.0000,false
6,48,167,66.0000,77.0000,66.0000,42.0000,0.0000,false
6,48,168,66.0000,77.0000,63.0000,50.0000,3.0000,true
6,48,169,66.0000,79.0000,70.0000,55.0000,4.0000,true
6,48,170,66.0000,81.0000,73.0000,61.0000,7.0000,true
6,48,171,66.0000,83.0000,73.0000,67.0000,7.0000,true
6,48,172,66.0000,86.0000,71.0000,70.0000,5.0000,true
6,48,173,66.0000,87.0000,71.0000,73.0000,5.0000,true
6,48,174,66.0000,86.0000,73.0000,74.0000,7.0000,true
6,48,175,66.0000,87.0000,73.0000,74.0000,7.0000,true
6,48,176,66.0000,87.0000,74.0000,76.0000,8.0000,true
6,48,177,66.0000,88.0000,69.0000,78.0000,3.0000,true
6,48,178,66.0000,88.0000,70.0000,79.0000,4.0000,true
6,48,179,66.0000,89.0000,70.0000,79.0000,4.0000,true
6,48,180,66.0000,89.0000,67.0000,79.0000,1.0000,false
6,48,181,66.0000,91.0000,67.0000,79.0000,1.0000,false
6,48,182,66.0000,91.0000,64.0000,80.0000,2.0000,true
6,48,183,66.0000,91.0000,64.0000,82.0000,2.0000,true
6,48,184,66.0000,91.0000,67.0000,83.0000,1.0000,false
6,48,185,66.0000,92.0000,67.0000,86.0000,1.0000,false
6,48,186,66.0000,92.0000,67.0000,86.0000,1.0000,false
6,48,187,66.0000,93.0000,68.0000,87.0000,2.0000,true
6,48,188,66.0000,93.0000,68.0000,88.0000,2.0000,true
6,48,189,66.0000,94.0000,68.0000,93.0000,2.0000,true
6,48,190,66.0000,94.0000,68.0000,94.0000,2.0000,true
6,48,191,66.0000,96.0000,67.0000,95.0000,1.0000,false
6,48,192,66.0000,97.0000,65.0000,98.0000,1.0000,false
6,48,193,66.0000,97.0000,65.0000,98.0000,1.0000,false
6,48,194,66.0000,97.0000,65.0000,98.0000,1.0000,false
6,48,195,66.0000,98.0000,66.0000,100.0000,0.0000,false
6,48,196,66.0000,98.0000,66.0000,100.0000,0.0000,false
6,48,197,66.0000,100.0000,66.0000,100.0000,0.0000,false
6,48,198,66.0000,100.0000,66.0000,100.0000,0.0000,false
6,48,199,66.0000,100.0000,,,0.0000,false
6,48,200,66.0000,100.0000,,,0.0000,false
7,49,0,68.0000,0.0000,71.0000,0.0000,3.0000,true
7,49,1,68.0000,0.0000,73.0000,0.0000,5.0000,true
7,49,2,68.0000,1.0000,75.0000,0.0000,7.0000,true
7,49,3,68.0000,2.0000,72.0000,0.0000,4.0000,true
7,49,4,68.0000,1.0000,82.0000,0.0000,14.0000,true
7,49,5,68.0000,0.0000,79.0000,0.0000,11.0000,true
7,49,6,68.0000,0.0000,72.0000,2.0000,4.0000,true
7,49,7,68.0000,1.0000,71.0000,2.0000,3.0000,true
7,49,8,68.0000,1.0000,73.0000,3.0000,5.0000,true
7,49,9,68.0000,1.0000,69.0000,2.0000,1.0000,false
7,49,10,68.0000,2.0000,82.0000,2.0000,14.0000,true
7,49,11,68.0000,1.0000,77.0000,2.0000,9.0000,true
7,49,12,68.0000,1.0000,75.0000,2.0000,7.0000,true
7,49,13,68.0000,1.0000,72.0000,2.0000,4.0000,true
7,49,14,68.0000,2.0000,69.0000,2.0000,1.0000,false
7,49,15,68.0000,1.0000,75.0000,3.0000,7.0000,true
7,49,16,68.0000,1.0000,77.0000,3.0000,9.0000,true
7,49,17,68.0000,1.0000,88.0000,3.0000,20.0000,true
7,49,18,68.0000,1.0000,78.0000,3.0000,10.0000,true
7,49,19,68.0000,1.0000,70.0000,2.0000,2.0000,true
7,49,20,68.0000,2.0000,71.0000,2.0000,3.0000,true
7,49,21,68.0000,1.0000,74.0000,3.0000,6.0000,true
7,49,22,68.0000,1.0000,77.0000,2.0000,9.0000,true
7,49,23,68.0000,2.0000,78.0000,2.0000,10.0000,true
7,49,24,68.0000,1.0000,81.0000,2.0000,13.0000,true
7,49,25,68.0000,1.0000,78.0000,3.0000,10.0000,true
7,49,26,68.0000,1.0000,82.0000,2.0000,14.0000,true
7,49,27,68.0000,2.0000,71.0000,2.0000,3.0000,true
7,49,28,68.0000,2.0000,68.0000,2.0000,0.0000,false
7,49,29,68.0000,3.0000,64.0000,2.0000,4.0000,true
7,49,30,68.0000,2.0000,74.0000,2.0000,6.0000,true
7,49,31,68.0000,3.0000,78.0000,3.0000,10.0000,true
7,49,32,68.0000,1.0000,79.0000,3.0000,11.0000,true
7,49,33,68.0000,1.0000,81.0000,3.0000,13.0000,true
7,49,34,68.0000,1.0000,76.0000,2.0000,8.0000,true
7,49,35,68.0000,1.0000,75.0000,2.0000,7.0000,true
7,49,36,68.0000,2.0000,74.0000,3.0000,6.0000,true
7,49,37,68.0000,1.0000,76.0000,3.0000,8.0000,true
7,49,38,68.0000,2.0000,82.0000,3.0000,14.0000,true
7,49,39,68.0000,1.0000,76.0000,2.0000,8.0000,true
7,49,40,68.0000,1.0000,79.0000,2.0000,11.0000,true
7,49,41,68.0000,1.0000,80.0000,2.0000,12.0000,true
7,49,42,68.0000,1.0000,83.0000,3.0000,15.0000,true
7,49,43,68.0000,2.0000,77.0000,2.0000,9.0000,true
7,49,44,68.0000,2.0000,79.0000,2.0000,11.0000,true
7,49,45,68.0000,2.0000,85.0000,4.0000,17.0000,true
7,49,46,68.0000,3.0000,76.0000,3.0000,8.0000,true
7,49,47,68.0000,2.0000,84.0000,3.0000,16.0000,true
7,49,48,68.0000,2.0000,80.0000,2.0000,12.0000,true
7,49,49,68.0000,2.0000,82.0000,2.0000,14.0000,true
7,49,50,68.0000,2.0000,78.0000,2.0000,10.0000,true
7,49,51,68.0000,3.0000,75.0000,2.0000,7.0000,true
7,49,52,68.0000,2.0000,80.0000,3.0000,12.0000,true
7,49,53,68.0000,1.0000,77.0000,3.0000,9.0000,true
7,49,54,68.0000,1.0000,77.0000,2.0000,9.0000,true
7,49,55,68.0000,1.0000,81.0000,2.0000,13.0000,true
7,49,56,68.0000,2.0000,89.0000,2.0000,21.0000,true
7,49,57,68.0000,2.0000,86.0000,3.0000,18.0000,true
7,49,58,68.0000,1.0000,80.0000,2.0000,12.0000,true
7,49,59,68.0000,1.0000,76.0000,2.0000,8.0000,true
7,49,60,68.0000,1.0000,78.0000,2.0000,10.0000,true
7,49,61,68.0000,2.0000,77.0000,3.0000,9.0000,true
7,49,62,68.0000,2.0000,74.0000,2.0000,6.0000,true
7,49,63,68.0000,2.0000,75.0000,3.0000,7.0000,true
7,49,64,68.0000,2.0000,76.0000,2.0000,8.0000,true
7,49,65,68.0000,2.0000,76.0000,2.0000,8.0000,true
7,49,66,68.0000,1.0000,75.0000,3.0000,7.0000,true
7,49,67,68.0000,1.0000,74.0000,2.0000,6.0000,true
7,49,68,68.0000,1.0000,69.0000,3.0000,1.0000,false
7,49,69,68.0000,1.0000,66.0000,3.0000,2.0000,true
7,49,70,68.0000,1.0000,72.0000,2.0000,4.0000,true
7,49,71,68.0000,1.0000,66.0000,2.0000,2.0000,true
7,49,72,68.0000,2.0000,69.0000,2.0000,1.0000,false
7,49,73,68.0000,1.0000,63.0000,2.0000,5.0000,true
7,49,74,68.0000,1.0000,65.0000,2.0000,3.0000,true
7,49,75,68.0000,1.0000,77.0000,3.0000,9.0000,true
7,49,76,68.0000,1.0000,72.0000,3.0000,4.0000,true
7,49,77,68.0000,1.0000,78.0000,4.0000,10.0000,true
7,49,78,68.0000,1.0000,75.0000,4.0000,7.0000,true
7,49,79,68.0000,1.0000,72.0000,5.0000,4.0000,true
7,49,80,68.0000,2.0000,83.0000,4.0000,15.0000,true
7,49,81,68.0000,2.0000,73.0000,3.0000,5.0000,true
7,49,82,68.0000,2.0000,72.0000,3.0000,4.0000,true
7,49,83,68.0000,2.0000,76.0000,3.0000,8.0000,true
7,49,84,68.0000,2.0000,72.0000,5.0000,4.0000,true
7,49,85,68.0000,1.0000,75.0000,7.0000,7.0000,true
7,49,86,68.0000,1.0000,77.0000,7.0000,9.0000,true
7,49,87,68.0000,1.0000,82.0000,9.0000,14.0000,true
7,49,88,68.0000,2.0000,77.0000,9.0000,9.0000,true
7,49,89,68.0000,1.0000,75.0000,12.0000,7.0000,true
7,49,90,68.0000,1.0000,77.0000,12.0000,9.0000,true
7,49,91,68.0000,2.0000,74.0000,12.0000,6.0000,true
7,49,92,68.0000,2.0000,66.0000,13.0000,2.0000,true
7,49,93,68.0000,1.0000,70.0000,15.0000,2.0000,true
7,49,94,68.0000,1.0000,66.0000,15.0000,2.0000,true
7,49,95,68.0000,3.0000,69.0000,15.0000,1.0000,false
7,49,96,68.0000,2.0000,68.0000,15.0000,0.0000,false
7,49,97,68.0000,2.0000,72.0000,15.0000,4.0000,true
7,49,98,68.0000,2.0000,68.0000,16.0000,0.0000,false
7,49,99,68.0000,2.0000,70.0000,14.0000,2.0000,true
7,49,100,68.0000,2.0000,65.0000,14.0000,3.0000,true
7,49,101,68.0000,2.0000,63.0000,14.0000,5.0000,true
7,49,102,68.0000,2.0000,65.0000,14.0000,3.0000,true
7,49,103,68.0000,2.0000,64.0000,14.0000,4.0000,true
7,49,104,68.0000,1.0000,68.0000,15.0000,0.0000,false
7,49,105,68.0000,1.0000,77.0000,15.0000,9.0000,true
7,49,106,68.0000,1.0000,65.0000,14.0000,3.0000,true
7,49,107,68.0000,1.0000,67.0000,14.0000,1.0000,false
7,49,108,68.0000,1.0000,65.0000,14.0000,3.0000,true
7,49,109,68.0000,1.0000,69.0000,14.0000,1.0000,false
7,49,110,68.0000,2.0000,63.0000,15.0000,5.0000,true
7,49,111,68.0000,2.0000,58.0000,15.0000,10.0000,true
7,49,112,68.0000,2.0000,72.0000,19.0000,4.0000,true
7,49,113,68.0000,2.0000,63.0000,19.0000,5.0000,true
7,49,114,68.0000,2.0000,67.0000,19.0000,1.0000,false
7,49,115,68.0000,2.0000,68.0000,18.0000,0.0000,false
7,49,116,68.0000,2.0000,66.0000,18.0000,2.0000,true
7,49,117,68.0000,2.0000,64.0000,17.0000,4.0000,true
7,49,118,68.0000,2.0000,68.0000,17.0000,0.0000,false
7,49,119,68.0000,3.0000,64.0000,16.0000,4.0000,true
7,49,120,68.0000,4.0000,69.0000,16.0000,1.0000,false
7,49,121,68.0000,3.0000,71.0000,18.0000,3.0000,true
7,49,122,68.0000,2.0000,69.0000,18.0000,1.0000,false
7,49,123,68.0000,2.0000,69.0000,17.0000,1.0000,false
7,49,124,68.0000,3.0000,71.0000,17.0000,3.0000,true
7,49,125,68.0000,2.0000,77.0000,17.0000,9.0000,true
7,49,126,68.0000,2.0000,74.0000,16.0000,6.0000,true
7,49,127,68.0000,3.0000,79.0000,16.0000,11.0000,true
7,49,128,68.0000,2.0000,70.0000,16.0000,2.0000,true
7,49,129,68.0000,3.0000,70.0000,16.0000,2.0000,true
7,49,130,68.0000,3.0000,69.0000,17.0000,1.0000,false
7,49,131,68.0000,2.0000,67.0000,17.0000,1.0000,false
7,49,132,68.0000,4.0000,71.0000,19.0000,3.0000,true
7,49,133,68.0000,3.0000,65.0000,18.0000,3.0000,true
7,49,134,68.0000,4.0000,63.0000,22.0000,5.0000,true
7,49,135,68.0000,5.0000,66.0000,19.0000,2.0000,true
7,49,136,68.0000,4.0000,65.0000,20.0000,3.0000,true
7,49,137,68.0000,5.0000,74.0000,23.0000,6.0000,true
7,49,138,68.0000,7.0000,75.0000,23.0000,7.0000,true
7,49,139,68.0000,8.0000,68.0000,24.0000,0.0000,false
7,49,140,68.0000,7.0000,68.0000,24.0000,0.0000,false
7,49,141,68.0000,7.0000,67.0000,24.0000,1.0000,false
7,49,142,68.0000,8.0000,69.0000,24.0000,1.0000,false
7,49,143,68.0000,10.0000,71.0000,24.0000,3.0000,true
7,49,144,68.0000,11.0000,70.0000,25.0000,2.0000,true
7,49,145,68.0000,11.0000,71.0000,27.0000,3.0000,true
7,49,146,68.0000,13.0000,74.0000,27.0000,6.0000,true
7,49,147,68.0000,13.0000,70.0000,27.0000,2.0000,true
7,49,148,68.0000,18.0000,70.0000,28.0000,2.0000,true
7,49,149,68.0000,18.0000,75.0000,29.0000,7.0000,true
7,49,150,68.0000,20.0000,70.0000,30.0000,2.0000,true
7,49,151,68.0000,25.0000,73.0000,31.0000,5.0000,true
7,49,152,68.0000,24.0000,76.0000,32.0000,8.0000,true
7,49,153,68.0000,24.0000,73.0000,34.0000,5.0000,true
7,49,154,68.0000,26.0000,74.0000,36.0000,6.0000,true
7,49,155,68.0000,26.0000,80.0000,36.0000,12.0000,true
7,49,156,68.0000,28.0000,77.0000,37.0000,9.0000,true
7,49,157,68.0000,29.0000,71.0000,39.0000,3.0000,true
7,49,158,68.0000,33.0000,68.0000,40.0000,0.0000,false
7,49,159,68.0000,35.0000,69.0000,42.0000,1.0000,false
7,49,160,68.0000,41.0000,70.0000,43.0000,2.0000,true
7,49,161,68.0000,43.0000,68.0000,46.0000,0.0000,false
7,49,162,68.0000,45.0000,65.0000,48.0000,3.0000,true
7,49,163,68.0000,49.0000,69.0000,48.0000,1.0000,false
7,49,164,68.0000,51.0000,69.0000,54.0000,1.0000,false
7,49,165,68.0000,52.0000,73.0000,55.0000,5.0000,true
7,49,166,68.0000,55.0000,72.0000,61.0000,4.0000,true
7,49,167,68.0000,55.0000,68.0000,64.0000,0.0000,false
7,49,168,68.0000,57.0000,69.0000,65.0000,1.0000,false
7,49,169,68.0000,59.0000,69.0000,66.0000,1.0000,false
7,49,170,68.0000,59.0000,75.0000,68.0000,7.0000,true
7,49,171,68.0000,59.0000,75.0000,70.0000,7.0000,true
7,49,172,68.0000,61.0000,75.0000,73.0000,7.0000,true
7,49,173,68.0000,64.0000,78.0000,76.0000,10.0000,true
7,49,174,68.0000,68.0000,73.0000,83.0000,5.0000,true
7,49,175,68.0000,69.0000,73.0000,83.0000,5.0000,true
7,49,176,68.0000,74.0000,73.0000,88.0000,5.0000,true
7,49,177,68.0000,77.0000,73.0000,90.0000,5.0000,true
7,49,178,68.0000,81.0000,75.0000,91.0000,7.0000,true
7,49,179,68.0000,81.0000,75.0000,90.0000,7.0000,true
7,49,180,68.0000,81.0000,70.0000,93.0000,2.0000,true
7,49,181,68.0000,82.0000,70.0000,95.0000,2.0000,true
7,49,182,68.0000,85.0000,68.0000,98.0000,0.0000,false
7,49,183,68.0000,87.0000,68.0000,100.0000,0.0000,false
7,49,184,68.0000,90.0000,68.0000,100.0000,0.0000,false
7,49,185,68.0000,91.0000,68.0000,100.0000,0.0000,false
7,49,186,68.0000,92.0000,68.0000,100.0000,0.0000,false
7,49,187,68.0000,92.0000,,,0.0000,false
7,49,188,68.0000,94.0000,,,0.0000,false
7,49,189,68.0000,94.0000,,,0.0000,false
7,49,190,68.0000,94.0000,,,0.0000,false
7,49,191,68.0000,94.0000,,,0.0000,false
7,49,192,68.0000,95.0000,,,0.0000,false
7,49,193,68.0000,96.0000,,,0.0000,false
7,49,194,68.0000,97.0000,,,0.0000,false
7,49,195,68.0000,96.0000,,,0.0000,false
7,49,196,68.0000,97.0000,,,0.0000,false
7,49,197,68.0000,97.0000,,,0.0000,false
7,49,198,68.0000,98.0000,,,0.0000,false
7,49,199,68.0000,98.0000,,,0.0000,false
7,49,200,68.0000,100.0000,,,0.0000,false
7,49,201,68.0000,100.0000,,,0.0000,false
7,49,202,68.0000,100.0000,,,0.0000,false
7,49,203,68.0000,100.0000,,,0.0000,false
8,50,0,72.0000,0.0000,57.0000,2.0000,15.0000,true
8,50,1,72.0000,1.0000,66.0000,2.0000,6.0000,true
8,50,2,72.0000,0.0000,69.0000,0.0000,3.0000,true
8,50,3,72.0000,0.0000,73.0000,0.0000,1.0000,false
8,50,4,72.0000,1.0000,78.0000,0.0000,6.0000,true
8,50,5,72.0000,2.0000,80.0000,0.0000,8.0000,true
8,50,6,72.0000,2.0000,77.0000,1.0000,5.0000,true
8,50,7,72.0000,2.0000,83.0000,0.0000,11.0000,true
8,50,8,72.0000,2.0000,80.0000,0.0000,8.0000,true
8,50,9,72.0000,1.0000,77.0000,0.0000,5.0000,true
8,50,10,72.0000,0.0000,78.0000,0.0000,6.0000,true
8,50,11,72.0000,1.0000,74.0000,0.0000,2.0000,true
8,50,12,72.0000,0.0000,70.0000,0.0000,2.0000,true
8,50,13,72.0000,0.0000,84.0000,0.0000,12.0000,true
8,50,14,72.0000,0.0000,71.0000,0.0000,1.0000,false
8,50,15,72.0000,0.0000,79.0000,0.0000,7.0000,true
8,50,16,72.0000,0.0000,87.0000,0.0000,15.0000,true
8,50,17,72.0000,1.0000,83.0000,0.0000,11.0000,true
8,50,18,72.0000,1.0000,84.0000,0.0000,12.0000,true
8,50,19,72.0000,1.0000,83.0000,0.0000,11.0000,true
8,50,20,72.0000,3.0000,80.0000,0.0000,8.0000,true
8,50,21,72.0000,3.0000,81.0000,0.0000,9.0000,true
8,50,22,72.0000,2.0000,72.0000,1.0000,0.0000,false
8,50,23,72.0000,2.0000,79.0000,1.0000,7.0000,true
8,50,24,72.0000,2.0000,78.0000,1.0000,6.0000,true
8,50,25,72.0000,3.0000,71.0000,1.0000,1.0000,false
8,50,26,72.0000,2.0000,78.0000,0.0000,6.0000,true
8,50,27,72.0000,2.0000,71.0000,1.0000,1.0000,false
8,50,28,72.0000,2.0000,86.0000,0.0000,14.0000,true
8,50,29,72.0000,2.0000,79.0000,1.0000,7.0000,true
8,50,30,72.0000,1.0000,78.0000,0.0000,6.0000,true
8,50,31,72.0000,1.0000,76.0000,1.0000,4.0000,true
8,50,32,72.0000,2.0000,90.0000,3.0000,18.0000,true
8,50,33,72.0000,2.0000,85.0000,1.0000,13.0000,true
8,50,34,72.0000,1.0000,72.0000,1.0000,0.0000,false
8,50,35,72.0000,2.0000,84.0000,2.0000,12.0000,true
8,50,36,72.0000,2.0000,75.0000,1.0000,3.0000,true
8,50,37,72.0000,3.0000,72.0000,1.0000,0.0000,false
8,50,38,72.0000,1.0000,69.0000,0.0000,3.0000,true
8,50,39,72.0000,1.0000,78.0000,0.0000,6.0000,true
8,50,40,72.0000,2.0000,72.0000,0.0000,0.0000,false
8,50,41,72.0000,2.0000,76.0000,0.0000,4.0000,true
8,50,42,72.0000,4.0000,72.0000,0.0000,0.0000,false
8,50,43,72.0000,3.0000,69.0000,0.0000,3.0000,true
8,50,44,72.0000,2.0000,76.0000,0.0000,4.0000,true
8,50,45,72.0000,2.0000,81.0000,2.0000,9.0000,true
8,50,46,72.0000,2.0000,80.0000,1.0000,8.0000,true
8,50,47,72.0000,2.0000,78.0000,0.0000,6.0000,true
8,50,48,72.0000,2.0000,71.0000,0.0000,1.0000,false
8,50,49,72.0000,2.0000,74.0000,0.0000,2.0000,true
8,50,50,72.0000,3.0000,77.0000,2.0000,5.0000,true
8,50,51,72.0000,3.0000,78.0000,2.0000,6.0000,true
8,50,52,72.0000,3.0000,80.0000,2.0000,8.0000,true
8,50,53,72.0000,1.0000,80.0000,3.0000,8.0000,true
8,50,54,72.0000,1.0000,65.0000,3.0000,7.0000,true
8,50,55,72.0000,1.0000,79.0000,3.0000,7.0000,true
8,50,56,72.0000,2.0000,78.0000,3.0000,6.0000,true
8,50,57,72.0000,2.0000,75.0000,2.0000,3.0000,true
8,50,58,72.0000,1.0000,77.0000,2.0000,5.0000,true
8,50,59,72.0000,3.0000,70.0000,3.0000,2.0000,true
8,50,60,72.0000,2.0000,70.0000,2.0000,2.0000,true
8,50,61,72.0000,1.0000,75.0000,2.0000,3.0000,true
8,50,62,72.0000,0.0000,76.0000,3.0000,4.0000,true
8,50,63,72.0000,1.0000,80.0000,3.0000,8.0000,true
8,50,64,72.0000,1.0000,79.0000,3.0000,7.0000,true
8,50,65,72.0000,1.0000,77.0000,4.0000,5.0000,true
8,50,66,72.0000,1.0000,81.0000,7.0000,9.0000,true
8,50,67,72.0000,0.0000,74.0000,4.0000,2.0000,true
8,50,68,72.0000,0.0000,69.0000,6.0000,3.0000,true
8,50,69,72.0000,0.0000,78.0000,5.0000,6.0000,true
8,50,70,72.0000,1.0000,74.0000,5.0000,2.0000,true
8,50,71,72.0000,1.0000,75.0000,4.0000,3.0000,true
8,50,72,72.0000,1.0000,74.0000,5.0000,2.0000,true
8,50,73,72.0000,1.0000,73.0000,3.0000,1.0000,false
8,50,74,72.0000,0.0000,79.0000,3.0000,7.0000,true
8,50,75,72.0000,1.0000,79.0000,3.0000,7.0000,true
8,50,76,72.0000,1.0000,80.0000,4.0000,8.0000,true
8,50,77,72.0000,0.0000,66.0000,3.0000,6.0000,true
8,50,78,72.0000,0.0000,67.0000,4.0000,5.0000,true
8,50,79,72.0000,0.0000,69.0000,5.0000,3.0000,true
8,50,80,72.0000,0.0000,70.0000,7.0000,2.0000,true
8,50,81,72.0000,0.0000,78.0000,6.0000,6.0000,true
8,50,82,72.0000,0.0000,67.0000,6.0000,5.0000,true
8,50,83,72.0000,0.0000,67.0000,6.0000,5.0000,true
8,50,84,72.0000,0.0000,76.0000,7.0000,4.0000,true
8,50,85,72.0000,0.0000,72.0000,7.0000,0.0000,false
8,50,86,72.0000,0.0000,69.0000,7.0000,3.0000,true
8,50,87,72.0000,1.0000,75.0000,7.0000,3.0000,true
8,50,88,72.0000,1.0000,71.0000,8.0000,1.0000,false
8,50,89,72.0000,1.0000,63.0000,7.0000,9.0000,true
8,50,90,72.0000,1.0000,73.0000,6.0000,1.0000,false
8,50,91,72.0000,0.0000,72.0000,7.0000,0.0000,false
8,50,92,72.0000,1.0000,72.0000,7.0000,0.0000,false
8,50,93,72.0000,1.0000,72.0000,7.0000,0.0000,false
8,50,94,72.0000,1.0000,66.0000,7.0000,6.0000,true
8,50,95,72.0000,0.0000,72.0000,8.0000,0.0000,false
8,50,96,72.0000,0.0000,73.0000,8.0000,1.0000,false
8,50,97,72.0000,0.0000,68.0000,9.0000,4.0000,true
8,50,98,72.0000,1.0000,68.0000,9.0000,4.0000,true
8,50,99,72.0000,1.0000,75.0000,10.0000,3.0000,true
8,50,100,72.0000,1.0000,66.0000,10.0000,6.0000,true
8,50,101,72.0000,1.0000,63.0000,11.0000,9.0000,true
8,50,102,72.0000,1.0000,67.0000,12.0000,5.0000,true
8,50,103,72.0000,1.0000,71.0000,11.0000,1.0000,false
8,50,104,72.0000,2.0000,66.0000,11.0000,6.0000,true
8,50,105,72.0000,2.0000,69.0000,11.0000,3.0000,true
8,50,106,72.0000,2.0000,71.0000,10.0000,1.0000,false
8,50,107,72.0000,2.0000,70.0000,10.0000,2.0000,true
8,50,108,72.0000,2.0000,81.0000,10.0000,9.0000,true
8,50,109,72.0000,2.0000,82.0000,11.0000,10.0000,true
8,50,110,72.0000,1.0000,70.0000,11.0000,2.0000,true
8,50,111,72.0000,1.0000,71.0000,12.0000,1.0000,false
8,50,112,72.0000,1.0000,76.0000,12.0000,4.0000,true
8,50,113,72.0000,1.0000,82.0000,12.0000,10.0000,true
8,50,114,72.0000,1.0000,79.0000,10.0000,7.0000,true
8,50,115,72.0000,0.0000,70.0000,11.0000,2.0000,true
8,50,116,72.0000,0.0000,69.0000,11.0000,3.0000,true
8,50,117,72.0000,1.0000,77.0000,11.0000,5.0000,true
8,50,118,72.0000,2.0000,70.0000,12.0000,2.0000,true
8,50,119,72.0000,2.0000,67.0000,12.0000,5.0000,true
8,50,120,72.0000,3.0000,69.0000,14.0000,3.0000,true
8,50,121,72.0000,1.0000,70.0000,14.0000,2.0000,true
8,50,122,72.0000,1.0000,78.0000,13.0000,6.0000,true
8,50,123,72.0000,1.0000,74.0000,10.0000,2.0000,true
8,50,124,72.0000,1.0000,71.0000,10.0000,1.0000,false
8,50,125,72.0000,1.0000,67.0000,10.0000,5.0000,true
8,50,126,72.0000,1.0000,80.0000,12.0000,8.0000,true
8,50,127,72.0000,2.0000,73.0000,13.0000,1.0000,false
8,50,128,72.0000,2.0000,78.0000,13.0000,6.0000,true
8,50,129,72.0000,3.0000,77.0000,14.0000,5.0000,true
8,50,130,72.0000,3.0000,76.0000,14.0000,4.0000,true
8,50,131,72.0000,5.0000,66.0000,15.0000,6.0000,true
8,50,132,72.0000,5.0000,65.0000,16.0000,7.0000,true
8,50,133,72.0000,5.0000,66.0000,15.0000,6.0000,true
8,50,134,72.0000,7.0000,67.0000,16.0000,5.0000,true
8,50,135,72.0000,8.0000,64.0000,16.0000,8.0000,true
8,50,136,72.0000,8.0000,73.0000,19.0000,1.0000,false
8,50,137,72.0000,9.0000,76.0000,21.0000,4.0000,true
8,50,138,72.0000,9.0000,81.0000,24.0000,9.0000,true
8,50,139,72.0000,10.0000,75.0000,25.0000,3.0000,true
8,50,140,72.0000,10.0000,74.0000,26.0000,2.0000,true
8,50,141,72.0000,12.0000,77.0000,29.0000,5.0000,true
8,50,142,72.0000,13.0000,75.0000,33.0000,3.0000,true
8,50,143,72.0000,16.0000,71.0000,38.0000,1.0000,false
8,50,144,72.0000,17.0000,72.0000,41.0000,0.0000,false
8,50,145,72.0000,18.0000,70.0000,42.0000,2.0000,true
8,50,146,72.0000,18.0000,73.0000,43.0000,1.0000,false
8,50,147,72.0000,19.0000,65.0000,45.0000,7.0000,true
8,50,148,72.0000,20.0000,68.0000,46.0000,4.0000,true
8,50,149,72.0000,22.0000,73.0000,49.0000,1.0000,false
8,50,150,72.0000,22.0000,73.0000,53.0000,1.0000,false
8,50,151,72.0000,24.0000,72.0000,55.0000,0.0000,false
8,50,152,72.0000,23.0000,72.0000,56.0000,0.0000,false
8,50,153,72.0000,27.0000,79.0000,59.0000,7.0000,true
8,50,154,72.0000,27.0000,80.0000,64.0000,8.0000,true
8,50,155,72.0000,27.0000,66.0000,69.0000,6.0000,true
8,50,156,72.0000,27.0000,67.0000,69.0000,5.0000,true
8,50,157,72.0000,28.0000,63.0000,73.0000,9.0000,true
8,50,158,72.0000,28.0000,67.0000,75.0000,5.0000,true
8,50,159,72.0000,30.0000,67.0000,75.0000,5.0000,true
8,50,160,72.0000,30.0000,67.0000,77.0000,5.0000,true
8,50,161,72.0000,30.0000,67.0000,78.0000,5.0000,true
8,50,162,72.0000,30.0000,70.0000,80.0000,2.0000,true
8,50,163,72.0000,31.0000,72.0000,80.0000,0.0000,false
8,50,164,72.0000,32.0000,71.0000,82.0000,1.0000,false
8,50,165,72.0000,34.0000,72.0000,82.0000,0.0000,false
8,50,166,72.0000,34.0000,73.0000,85.0000,1.0000,false
8,50,167,72.0000,35.0000,74.0000,87.0000,2.0000,true
8,50,168,72.0000,36.0000,74.0000,87.0000,2.0000,true
8,50,169,72.0000,39.0000,71.0000,87.0000,1.0000,false
8,50,170,72.0000,40.0000,74.0000,88.0000,2.0000,true
8,50,171,72.0000,42.0000,68.0000,88.0000,4.0000,true
8,50,172,72.0000,42.0000,68.0000,88.0000,4.0000,true
8,50,173,72.0000,45.0000,68.0000,89.0000,4.0000,true
8,50,174,72.0000,49.0000,74.0000,92.0000,2.0000,true
8,50,175,72.0000,51.0000,73.0000,94.0000,1.0000,false
8,50,176,72.0000,52.0000,70.0000,96.0000,2.0000,true
8,50,177,72.0000,53.0000,72.0000,100.0000,0.0000,false
8,50,178,72.0000,53.0000,72.0000,100.0000,0.0000,false
8,50,179,72.0000,55.0000,72.0000,100.0000,0.0000,false
8,50,180,72.0000,56.0000,72.0000,100.0000,0.0000,false
8,50,181,72.0000,59.0000,,,0.0000,false
8,50,182,72.0000,62.0000,,,0.0000,false
8,50,183,72.0000,66.0000,,,0.0000,false
8,50,184,72.0000,70.0000,,,0.0000,false
8,50,185,72.0000,75.0000,,,0.0000,false
8,50,186,72.0000,79.0000,,,0.0000,false
8,50,187,72.0000,82.0000,,,0.0000,false
8,50,188,72.0000,83.0000,,,0.0000,false
8,50,189,72.0000,86.0000,,,0.0000,false
8,50,190,72.0000,88.0000,,,0.0000,false
8,50,191,72.0000,89.0000,,,0.0000,false
8,50,192,72.0000,93.0000,,,0.0000,false
8,50,193,72.0000,95.0000,,,0.0000,false
8,50,194,72.0000,98.0000,,,0.0000,false
8,50,195,72.0000,100.0000,,,0.0000,false
8,50,196,72.0000,100.0000,,,0.0000,false
8,50,197,72.0000,100.0000,,,0.0000,false
8,50,198,72.0000,100.0000,,,0.0000,false
9,51,0,79.0000,1.0000,73.0000,0.0000,6.0000,true
9,51,1,79.0000,2.0000,71.0000,0.0000,8.0000,true
9,51,2,79.0000,1.0000,76.0000,1.0000,3.0000,true
9,51,3,79.0000,1.0000,71.0000,1.0000,8.0000,true
9,51,4,79.0000,1.0000,80.0000,1.0000,1.0000,false
9,51,5,79.0000,4.0000,79.0000,1.0000,0.0000,false
9,51,6,79.0000,3.0000,71.0000,1.0000,8.0000,true
9,51,7,79.0000,4.0000,76.0000,1.0000,3.0000,true
9,51,8,79.0000,3.0000,78.0000,3.0000,1.0000,false
9,51,9,79.0000,3.0000,73.0000,1.0000,6.0000,true
9,51,10,79.0000,3.0000,67.0000,1.0000,12.0000,true
9,51,11,79.0000,3.0000,74.0000,3.0000,5.0000,true
9,51,12,79.0000,1.0000,70.0000,3.0000,9.0000,true
9,51,13,79.0000,1.0000,79.0000,3.0000,0.0000,false
9,51,14,79.0000,2.0000,70.0000,3.0000,9.0000,true
9,51,15,79.0000,2.0000,80.0000,2.0000,1.0000,false
9,51,16,79.0000,1.0000,84.0000,2.0000,5.0000,true
9,51,17,79.0000,2.0000,88.0000,2.0000,9.0000,true
9,51,18,79.0000,3.0000,77.0000,2.0000,2.0000,true
9,51,19,79.0000,2.0000,80.0000,2.0000,1.0000,false
9,51,20,79.0000,1.0000,80.0000,3.0000,1.0000,false
9,51,21,79.0000,0.0000,77.0000,3.0000,2.0000,true
9,51,22,79.0000,0.0000,79.0000,3.0000,0.0000,false
9,51,23,79.0000,1.0000,81.0000,2.0000,2.0000,true
9,51,24,79.0000,1.0000,82.0000,2.0000,3.0000,true
9,51,25,79.0000,2.0000,83.0000,2.0000,4.0000,true
9,51,26,79.0000,2.0000,83.0000,3.0000,4.0000,true
9,51,27,79.0000,1.0000,72.0000,3.0000,7.0000,true
9,51,28,79.0000,1.0000,74.0000,4.0000,5.0000,true
9,51,29,79.0000,0.0000,78.0000,3.0000,1.0000,false
9,51,30,79.0000,1.0000,75.0000,3.0000,4.0000,true
9,51,31,79.0000,1.0000,83.0000,3.0000,4.0000,true
9,51,32,79.0000,1.0000,84.0000,3.0000,5.0000,true
9,51,33,79.0000,1.0000,85.0000,4.0000,6.0000,true
9,51,34,79.0000,1.0000,85.0000,4.0000,6.0000,true
9,51,35,79.0000,1.0000,77.0000,4.0000,2.0000,true
9,51,36,79.0000,1.0000,78.0000,4.0000,1.0000,false
9,51,37,79.0000,2.0000,80.0000,3.0000,1.0000,false
9,51,38,79.0000,2.0000,78.0000,3.0000,1.0000,false
9,51,39,79.0000,2.0000,83.0000,3.0000,4.0000,true
9,51,40,79.0000,2.0000,82.0000,4.0000,3.0000,true
9,51,41,79.0000,2.0000,74.0000,3.0000,5.0000,true
9,51,42,79.0000,3.0000,73.0000,4.0000,6.0000,true
9,51,43,79.0000,3.0000,73.0000,4.0000,6.0000,true
9,51,44,79.0000,3.0000,79.0000,5.0000,0.0000,false
9,51,45,79.0000,3.0000,79.0000,5.0000,0.0000,false
9,51,46,79.0000,2.0000,78.0000,3.0000,1.0000,false
9,51,47,79.0000,3.0000,80.0000,3.0000,1.0000,false
9,51,48,79.0000,3.0000,82.0000,3.0000,3.0000,true
9,51,49,79.0000,3.0000,84.0000,3.0000,5.0000,true
9,51,50,79.0000,3.0000,85.0000,3.0000,6.0000,true
9,51,51,79.0000,3.0000,85.0000,3.0000,6.0000,true
9,51,52,79.0000,3.0000,78.0000,3.0000,1.0000,false
9,51,53,79.0000,3.0000,78.0000,3.0000,1.0000,false
9,51,54,79.0000,3.0000,87.0000,3.0000,8.0000,true
9,51,55,79.0000,2.0000,81.0000,3.0000,2.0000,true
9,51,56,79.0000,2.0000,78.0000,3.0000,1.0000,false
9,51,57,79.0000,2.0000,82.0000,3.0000,3.0000,true
9,51,58,79.0000,2.0000,78.0000,3.0000,1.0000,false
9,51,59,79.0000,2.0000,83.0000,3.0000,4.0000,true
9,51,60,79.0000,2.0000,81.0000,3.0000,2.0000,true
9,51,61,79.0000,1.0000,82.0000,4.0000,3.0000,true
9,51,62,79.0000,2.0000,82.0000,4.0000,3.0000,true
9,51,63,79.0000,2.0000,83.0000,3.0000,4.0000,true
9,51,64,79.0000,3.0000,82.0000,3.0000,3.0000,true
9,51,65,79.0000,2.0000,84.0000,3.0000,5.0000,true
9,51,66,79.0000,2.0000,83.0000,3.0000,4.0000,true
9,51,67,79.0000,1.0000,71.0000,3.0000,8.0000,true
9,51,68,79.0000,1.0000,78.0000,3.0000,1.0000,false
9,51,69,79.0000,1.0000,77.0000,3.0000,2.0000,true
9,51,70,79.0000,2.0000,77.0000,3.0000,2.0000,true
9,51,71,79.0000,1.0000,70.0000,3.0000,9.0000,true
9,51,72,79.0000,1.0000,79.0000,3.0000,0.0000,false
9,51,73,79.0000,1.0000,74.0000,3.0000,5.0000,true
9,51,74,79.0000,1.0000,69.0000,5.0000,10.0000,true
9,51,75,79.0000,1.0000,62.0000,4.0000,17.0000,true
9,51,76,79.0000,1.0000,71.0000,4.0000,8.0000,true
9,51,77,79.0000,1.0000,73.0000,5.0000,6.0000,true
9,51,78,79.0000,1.0000,67.0000,4.0000,12.0000,true
9,51,79,79.0000,1.0000,71.0000,6.0000,8.0000,true
9,51,80,79.0000,0.0000,75.0000,5.0000,4.0000,true
9,51,81,79.0000,0.0000,73.0000,4.0000,6.0000,true
9,51,82,79.0000,0.0000,76.0000,5.0000,3.0000,true
9,51,83,79.0000,0.0000,71.0000,4.0000,8.0000,true
9,51,84,79.0000,0.0000,72.0000,5.0000,7.0000,true
9,51,85,79.0000,0.0000,69.0000,3.0000,10.0000,true
9,51,86,79.0000,0.0000,70.0000,3.0000,9.0000,true
9,51,87,79.0000,0.0000,74.0000,4.0000,5.0000,true
9,51,88,79.0000,1.0000,79.0000,5.0000,0.0000,false
9,51,89,79.0000,1.0000,86.0000,4.0000,7.0000,true
9,51,90,79.0000,0.0000,82.0000,4.0000,3.0000,true
9,51,91,79.0000,0.0000,76.0000,3.0000,3.0000,true
9,51,92,79.0000,0.0000,64.0000,4.0000,15.0000,true
9,51,93,79.0000,0.0000,69.0000,4.0000,10.0000,true
9,51,94,79.0000,0.0000,67.0000,3.0000,12.0000,true
9,51,95,79.0000,0.0000,61.0000,3.0000,18.0000,true
9,51,96,79.0000,0.0000,74.0000,7.0000,5.0000,true
9,51,97,79.0000,1.0000,74.0000,6.0000,5.0000,true
9,51,98,79.0000,1.0000,70.0000,8.0000,9.0000,true
9,51,99,79.0000,0.0000,72.0000,7.0000,7.0000,true
9,51,100,79.0000,0.0000,77.0000,6.0000,2.0000,true
9,51,101,79.0000,1.0000,80.0000,7.0000,1.0000,false
9,51,102,79.0000,3.0000,77.0000,7.0000,2.0000,true
9,51,103,79.0000,2.0000,81.0000,6.0000,2.0000,true
9,51,104,79.0000,3.0000,73.0000,7.0000,6.0000,true
9,51,105,79.0000,4.0000,76.0000,8.0000,3.0000,true
9,51,106,79.0000,3.0000,69.0000,8.0000,10.0000,true
9,51,107,79.0000,3.0000,69.0000,7.0000,10.0000,true
9,51,108,79.0000,3.0000,73.0000,7.0000,6.0000,true
9,51,109,79.0000,4.0000,77.0000,7.0000,2.0000,true
9,51,110,79.0000,4.0000,77.0000,6.0000,2.0000,true
9,51,111,79.0000,2.0000,77.0000,6.0000,2.0000,true
9,51,112,79.0000,2.0000,81.0000,6.0000,2.0000,true
9,51,113,79.0000,2.0000,75.0000,7.0000,4.0000,true
9,51,114,79.0000,4.0000,82.0000,7.0000,3.0000,true
9,51,115,79.0000,4.0000,86.0000,6.0000,7.0000,true
9,51,116,79.0000,3.0000,77.0000,6.0000,2.0000,true
9,51,117,79.0000,5.0000,73.0000,7.0000,6.0000,true
9,51,118,79.0000,3.0000,75.0000,7.0000,4.0000,true
9,51,119,79.0000,3.0000,84.0000,6.0000,5.0000,true
9,51,120,79.0000,1.0000,87.0000,7.0000,8.0000,true
9,51,121,79.0000,0.0000,82.0000,8.0000,3.0000,true
9,51,122,79.0000,0.0000,81.0000,6.0000,2.0000,true
9,51,123,79.0000,0.0000,84.0000,6.0000,5.0000,true
9,51,124,79.0000,0.0000,90.0000,6.0000,11.0000,true
9,51,125,79.0000,1.0000,88.0000,6.0000,9.0000,true
9,51,126,79.0000,1.0000,83.0000,6.0000,4.0000,true
9,51,127,79.0000,2.0000,91.0000,6.0000,12.0000,true
9,51,128,79.0000,1.0000,89.0000,6.0000,10.0000,true
9,51,129,79.0000,1.0000,84.0000,7.0000,5.0000,true
9,51,130,79.0000,1.0000,85.0000,7.0000,6.0000,true
9,51,131,79.0000,1.0000,84.0000,7.0000,5.0000,true
9,51,132,79.0000,2.0000,83.0000,7.0000,4.0000,true
9,51,133,79.0000,4.0000,83.0000,6.0000,4.0000,true
9,51,134,79.0000,4.0000,85.0000,6.0000,6.0000,true
9,51,135,79.0000,5.0000,80.0000,6.0000,1.0000,false
9,51,136,79.0000,6.0000,83.0000,6.0000,4.0000,true
9,51,137,79.0000,9.0000,84.0000,6.0000,5.0000,true
9,51,138,79.0000,10.0000,79.0000,6.0000,0.0000,false
9,51,139,79.0000,12.0000,74.0000,6.0000,5.0000,true
9,51,140,79.0000,12.0000,79.0000,9.0000,0.0000,false
9,51,141,79.0000,14.0000,79.0000,9.0000,0.0000,false
9,51,142,79.0000,13.0000,80.0000,9.0000,1.0000,false
9,51,143,79.0000,14.0000,78.0000,12.0000,1.0000,false
9,51,144,79.0000,15.0000,80.0000,13.0000,1.0000,false
9,51,145,79.0000,16.0000,73.0000,17.0000,6.0000,true
9,51,146,79.0000,18.0000,76.0000,17.0000,3.0000,true
9,51,147,79.0000,17.0000,82.0000,18.0000,3.0000,true
9,51,148,79.0000,17.0000,78.0000,20.0000,1.0000,false
9,51,149,79.0000,17.0000,77.0000,22.0000,2.0000,true
9,51,150,79.0000,19.0000,80.0000,23.0000,1.0000,false
9,51,151,79.0000,21.0000,84.0000,26.0000,5.0000,true
9,51,152,79.0000,20.0000,81.0000,28.0000,2.0000,true
9,51,153,79.0000,21.0000,74.0000,30.0000,5.0000,true
9,51,154,79.0000,22.0000,71.0000,31.0000,8.0000,true
9,51,155,79.0000,24.0000,78.0000,32.0000,1.0000,false
9,51,156,79.0000,25.0000,75.0000,34.0000,4.0000,true
9,51,157,79.0000,25.0000,83.0000,35.0000,4.0000,true
9,51,158,79.0000,27.0000,80.0000,38.0000,1.0000,false
9,51,159,79.0000,26.0000,79.0000,40.0000,0.0000,false
9,51,160,79.0000,28.0000,80.0000,46.0000,1.0000,false
9,51,161,79.0000,28.0000,82.0000,48.0000,3.0000,true
9,51,162,79.0000,31.0000,84.0000,49.0000,5.0000,true
9,51,163,79.0000,30.0000,87.0000,53.0000,8.0000,true
9,51,164,79.0000,31.0000,83.0000,55.0000,4.0000,true
9,51,165,79.0000,32.0000,85.0000,56.0000,6.0000,true
9,51,166,79.0000,35.0000,83.0000,58.0000,4.0000,true
9,51,167,79.0000,34.0000,84.0000,60.0000,5.0000,true
9,51,168,79.0000,36.0000,85.0000,64.0000,6.0000,true
9,51,169,79.0000,38.0000,80.0000,66.0000,1.0000,false
9,51,170,79.0000,38.0000,80.0000,74.0000,1.0000,false
9,51,171,79.0000,37.0000,84.0000,81.0000,5.0000,true
9,51,172,79.0000,38.0000,84.0000,82.0000,5.0000,true
9,51,173,79.0000,38.0000,78.0000,82.0000,1.0000,false
9,51,174,79.0000,41.0000,80.0000,84.0000,1.0000,false
9,51,175,79.0000,42.0000,86.0000,87.0000,7.0000,true
9,51,176,79.0000,45.0000,83.0000,89.0000,4.0000,true
9,51,177,79.0000,45.0000,84.0000,90.0000,5.0000,true
9,51,178,79.0000,47.0000,84.0000,93.0000,5.0000,true
9,51,179,79.0000,49.0000,84.0000,93.0000,5.0000,true
9,51,180,79.0000,53.0000,84.0000,94.0000,5.0000,true
9,51,181,79.0000,53.0000,80.0000,97.0000,1.0000,false
9,51,182,79.0000,55.0000,80.0000,98.0000,1.0000,false
9,51,183,79.0000,58.0000,79.0000,100.0000,0.0000,false
9,51,184,79.0000,60.0000,79.0000,100.0000,0.0000,false
9,51,185,79.0000,63.0000,79.0000,100.0000,0.0000,false
9,51,186,79.0000,66.0000,79.0000,100.0000,0.0000,false
9,51,187,79.0000,67.0000,,,0.0000,false
9,51,188,79.0000,70.0000,,,0.0000,false
9,51,189,79.0000,75.0000,,,0.0000,false
9,51,190,79.0000,78.0000,,,0.0000,false
9,51,191,79.0000,79.0000,,,0.0000,false
9,51,192,79.0000,83.0000,,,0.0000,false
9,51,193,79.0000,85.0000,,,0.0000,false
9,51,194,79.0000,87.0000,,,0.0000,false
9,51,195,79.0000,88.0000,,,0.0000,false
9,51,196,79.0000,92.0000,,,0.0000,false
9,51,197,79.0000,94.0000,,,0.0000,false
9,51,198,79.0000,94.0000,,,0.0000,false
9,51,199,79.0000,95.0000,,,0.0000,false
9,51,200,79.0000,96.0000,,,0.0000,false
9,51,201,79.0000,97.0000,,,0.0000,false
9,51,202,79.0000,98.0000,,,0.0000,false
9,51,203,79.0000,100.0000,,,0.0000,false
9,51,204,79.0000,100.0000,,,0.0000,false
9,51,205,79.0000,100.0000,,,0.0000,false
9,51,206,79.0000,100.0000,,,0.0000,false
