step_number,aggregation_pct,sortedness_pct,monotonicity_pct,swap_count,array_size,algotype_mix,frozen_count,seed
0,100.0000,6.6667,46.6667,0,30,100%_Bubble,0,42
1,100.0000,6.6667,56.6667,10,30,100%_Bubble,0,42
2,100.0000,3.3333,56.6667,11,30,100%_Bubble,0,42
3,100.0000,6.6667,56.6667,6,30,100%_Bubble,0,42
4,100.0000,0.0000,60.0000,10,30,100%_Bubble,0,42
5,100.0000,0.0000,60.0000,7,30,100%_Bubble,0,42
6,100.0000,6.6667,56.6667,10,30,100%_Bubble,0,42
7,100.0000,6.6667,63.3333,9,30,100%_Bubble,0,42
8,100.0000,6.6667,56.6667,8,30,100%_Bubble,0,42
9,100.0000,10.0000,60.0000,8,30,100%_Bubble,0,42
10,100.0000,10.0000,63.3333,6,30,100%_Bubble,0,42
11,100.0000,6.6667,56.6667,9,30,100%_Bubble,0,42
12,100.0000,3.3333,66.6667,8,30,100%_Bubble,0,42
13,100.0000,6.6667,70.0000,6,30,100%_Bubble,0,42
14,100.0000,10.0000,73.3333,5,30,100%_Bubble,0,42
15,100.0000,13.3333,66.6667,8,30,100%_Bubble,0,42
16,100.0000,16.6667,70.0000,8,30,100%_Bubble,0,42
17,100.0000,10.0000,70.0000,7,30,100%_Bubble,0,42
18,100.0000,6.6667,83.3333,6,30,100%_Bubble,0,42
19,100.0000,6.6667,80.0000,3,30,100%_Bubble,0,42
20,100.0000,6.6667,76.6667,3,30,100%_Bubble,0,42
21,100.0000,10.0000,70.0000,5,30,100%_Bubble,0,42
22,100.0000,10.0000,66.6667,7,30,100%_Bubble,0,42
23,100.0000,13.3333,60.0000,6,30,100%_Bubble,0,42
24,100.0000,10.0000,73.3333,9,30,100%_Bubble,0,42
25,100.0000,6.6667,73.3333,5,30,100%_Bubble,0,42
26,100.0000,13.3333,70.0000,8,30,100%_Bubble,0,42
27,100.0000,13.3333,73.3333,7,30,100%_Bubble,0,42
28,100.0000,23.3333,76.6667,4,30,100%_Bubble,0,42
29,100.0000,23.3333,70.0000,5,30,100%_Bubble,0,42
30,100.0000,33.3333,76.6667,6,30,100%_Bubble,0,42
31,100.0000,43.3333,80.0000,4,30,100%_Bubble,0,42
32,100.0000,46.6667,80.0000,3,30,100%_Bubble,0,42
33,100.0000,53.3333,80.0000,4,30,100%_Bubble,0,42
34,100.0000,56.6667,83.3333,5,30,100%_Bubble,0,42
35,100.0000,66.6667,86.6667,3,30,100%_Bubble,0,42
36,100.0000,73.3333,86.6667,3,30,100%_Bubble,0,42
37,100.0000,100.0000,100.0000,4,30,100%_Bubble,0,42
38,100.0000,100.0000,100.0000,0,30,100%_Bubble,0,42
39,100.0000,100.0000,100.0000,0,30,100%_Bubble,0,42
40,100.0000,100.0000,100.0000,0,30,100%_Bubble,0,42
0,100.0000,6.6667,53.3333,0,30,100%_Bubble,0,123
1,100.0000,6.6667,60.0000,10,30,100%_Bubble,0,123
2,100.0000,0.0000,70.0000,9,30,100%_Bubble,0,123
3,100.0000,6.6667,73.3333,7,30,100%_Bubble,0,123
4,100.0000,10.0000,73.3333,6,30,100%_Bubble,0,123
5,100.0000,10.0000,70.0000,7,30,100%_Bubble,0,123
6,100.0000,10.0000,70.0000,6,30,100%_Bubble,0,123
7,100.0000,10.0000,70.0000,7,30,100%_Bubble,0,123
8,100.0000,20.0000,73.3333,6,30,100%_Bubble,0,123
9,100.0000,16.6667,73.3333,7,30,100%_Bubble,0,123
10,100.0000,16.6667,76.6667,6,30,100%_Bubble,0,123
11,100.0000,16.6667,70.0000,3,30,100%_Bubble,0,123
12,100.0000,26.6667,63.3333,8,30,100%_Bubble,0,123
13,100.0000,30.0000,73.3333,8,30,100%_Bubble,0,123
14,100.0000,26.6667,70.0000,3,30,100%_Bubble,0,123
15,100.0000,40.0000,63.3333,9,30,100%_Bubble,0,123
16,100.0000,36.6667,83.3333,8,30,100%_Bubble,0,123
17,100.0000,33.3333,83.3333,2,30,100%_Bubble,0,123
18,100.0000,40.0000,80.0000,3,30,100%_Bubble,0,123
19,100.0000,40.0000,86.6667,6,30,100%_Bubble,0,123
20,100.0000,43.3333,83.3333,3,30,100%_Bubble,0,123
21,100.0000,46.6667,83.3333,3,30,100%_Bubble,0,123
22,100.0000,56.6667,90.0000,4,30,100%_Bubble,0,123
23,100.0000,60.0000,90.0000,2,30,100%_Bubble,0,123
24,100.0000,63.3333,86.6667,2,30,100%_Bubble,0,123
25,100.0000,66.6667,90.0000,2,30,100%_Bubble,0,123
26,100.0000,73.3333,86.6667,3,30,100%_Bubble,0,123
27,100.0000,100.0000,100.0000,4,30,100%_Bubble,0,123
28,100.0000,100.0000,100.0000,0,30,100%_Bubble,0,123
29,100.0000,100.0000,100.0000,0,30,100%_Bubble,0,123
30,100.0000,100.0000,100.0000,0,30,100%_Bubble,0,123
0,100.0000,3.3333,46.6667,0,30,100%_Bubble,0,789
1,100.0000,3.3333,56.6667,8,30,100%_Bubble,0,789
2,100.0000,10.0000,56.6667,8,30,100%_Bubble,0,789
3,100.0000,6.6667,60.0000,9,30,100%_Bubble,0,789
4,100.0000,13.3333,66.6667,9,30,100%_Bubble,0,789
5,100.0000,10.0000,66.6667,6,30,100%_Bubble,0,789
6,100.0000,0.0000,63.3333,7,30,100%_Bubble,0,789
7,100.0000,0.0000,70.0000,7,30,100%_Bubble,0,789
8,100.0000,0.0000,66.6667,6,30,100%_Bubble,0,789
9,100.0000,0.0000,63.3333,7,30,100%_Bubble,0,789
10,100.0000,0.0000,66.6667,6,30,100%_Bubble,0,789
11,100.0000,0.0000,70.0000,8,30,100%_Bubble,0,789
12,100.0000,0.0000,63.3333,7,30,100%_Bubble,0,789
13,100.0000,0.0000,70.0000,10,30,100%_Bubble,0,789
14,100.0000,0.0000,70.0000,6,30,100%_Bubble,0,789
15,100.0000,0.0000,66.6667,5,30,100%_Bubble,0,789
16,100.0000,0.0000,70.0000,7,30,100%_Bubble,0,789
17,100.0000,0.0000,73.3333,5,30,100%_Bubble,0,789
18,100.0000,0.0000,66.6667,6,30,100%_Bubble,0,789
19,100.0000,0.0000,70.0000,5,30,100%_Bubble,0,789
20,100.0000,3.3333,76.6667,5,30,100%_Bubble,0,789
21,100.0000,3.3333,73.3333,4,30,100%_Bubble,0,789
22,100.0000,6.6667,70.0000,7,30,100%_Bubble,0,789
23,100.0000,6.6667,70.0000,4,30,100%_Bubble,0,789
24,100.0000,10.0000,73.3333,6,30,100%_Bubble,0,789
25,100.0000,6.6667,70.0000,6,30,100%_Bubble,0,789
26,100.0000,10.0000,73.3333,7,30,100%_Bubble,0,789
27,100.0000,10.0000,73.3333,8,30,100%_Bubble,0,789
28,100.0000,20.0000,76.6667,6,30,100%_Bubble,0,789
29,100.0000,20.0000,73.3333,7,30,100%_Bubble,0,789
30,100.0000,20.0000,70.0000,8,30,100%_Bubble,0,789
31,100.0000,20.0000,66.6667,8,30,100%_Bubble,0,789
32,100.0000,36.6667,80.0000,7,30,100%_Bubble,0,789
33,100.0000,36.6667,73.3333,4,30,100%_Bubble,0,789
34,100.0000,46.6667,80.0000,6,30,100%_Bubble,0,789
35,100.0000,50.0000,80.0000,6,30,100%_Bubble,0,789
36,100.0000,66.6667,86.6667,5,30,100%_Bubble,0,789
37,100.0000,70.0000,86.6667,2,30,100%_Bubble,0,789
38,100.0000,86.6667,93.3333,3,30,100%_Bubble,0,789
39,100.0000,93.3333,96.6667,1,30,100%_Bubble,0,789
40,100.0000,93.3333,96.6667,0,30,100%_Bubble,0,789
41,100.0000,100.0000,100.0000,1,30,100%_Bubble,0,789
42,100.0000,100.0000,100.0000,0,30,100%_Bubble,0,789
43,100.0000,100.0000,100.0000,0,30,100%_Bubble,0,789
44,100.0000,100.0000,100.0000,0,30,100%_Bubble,0,789
0,100.0000,6.6667,46.6667,0,30,100%_Bubble,1,42
1,100.0000,3.3333,50.0000,9,30,100%_Bubble,1,42
2,100.0000,6.6667,56.6667,9,30,100%_Bubble,1,42
3,100.0000,10.0000,53.3333,8,30,100%_Bubble,1,42
4,100.0000,10.0000,60.0000,11,30,100%_Bubble,1,42
5,100.0000,10.0000,60.0000,8,30,100%_Bubble,1,42
6,100.0000,10.0000,63.3333,9,30,100%_Bubble,1,42
7,100.0000,13.3333,60.0000,8,30,100%_Bubble,1,42
8,100.0000,13.3333,66.6667,8,30,100%_Bubble,1,42
9,100.0000,10.0000,60.0000,6,30,100%_Bubble,1,42
10,100.0000,10.0000,70.0000,8,30,100%_Bubble,1,42
11,100.0000,10.0000,63.3333,8,30,100%_Bubble,1,42
12,100.0000,13.3333,70.0000,6,30,100%_Bubble,1,42
13,100.0000,13.3333,63.3333,7,30,100%_Bubble,1,42
14,100.0000,13.3333,66.6667,8,30,100%_Bubble,1,42
15,100.0000,6.6667,70.0000,8,30,100%_Bubble,1,42
16,100.0000,10.0000,63.3333,9,30,100%_Bubble,1,42
17,100.0000,10.0000,70.0000,8,30,100%_Bubble,1,42
18,100.0000,10.0000,66.6667,6,30,100%_Bubble,1,42
19,100.0000,10.0000,73.3333,7,30,100%_Bubble,1,42
20,100.0000,13.3333,66.6667,5,30,100%_Bubble,1,42
21,100.0000,13.3333,73.3333,7,30,100%_Bubble,1,42
22,100.0000,13.3333,70.0000,4,30,100%_Bubble,1,42
23,100.0000,6.6667,73.3333,4,30,100%_Bubble,1,42
24,100.0000,10.0000,73.3333,7,30,100%_Bubble,1,42
25,100.0000,10.0000,76.6667,8,30,100%_Bubble,1,42
26,100.0000,13.3333,76.6667,5,30,100%_Bubble,1,42
27,100.0000,10.0000,76.6667,6,30,100%_Bubble,1,42
28,100.0000,10.0000,76.6667,4,30,100%_Bubble,1,42
29,100.0000,13.3333,76.6667,4,30,100%_Bubble,1,42
30,100.0000,20.0000,76.6667,4,30,100%_Bubble,1,42
31,100.0000,33.3333,76.6667,6,30,100%_Bubble,1,42
32,100.0000,46.6667,83.3333,5,30,100%_Bubble,1,42
33,100.0000,63.3333,90.0000,4,30,100%_Bubble,1,42
34,100.0000,66.6667,86.6667,3,30,100%_Bubble,1,42
35,100.0000,83.3333,93.3333,4,30,100%_Bubble,1,42
36,100.0000,86.6667,93.3333,2,30,100%_Bubble,1,42
37,100.0000,93.3333,96.6667,2,30,100%_Bubble,1,42
38,100.0000,100.0000,100.0000,1,30,100%_Bubble,1,42
39,100.0000,100.0000,100.0000,0,30,100%_Bubble,1,42
40,100.0000,100.0000,100.0000,0,30,100%_Bubble,1,42
41,100.0000,100.0000,100.0000,0,30,100%_Bubble,1,42
0,100.0000,6.6667,53.3333,0,30,100%_Bubble,1,123
1,100.0000,6.6667,66.6667,10,30,100%_Bubble,1,123
2,100.0000,3.3333,66.6667,7,30,100%_Bubble,1,123
3,100.0000,6.6667,63.3333,7,30,100%_Bubble,1,123
4,100.0000,10.0000,63.3333,6,30,100%_Bubble,1,123
5,100.0000,10.0000,66.6667,9,30,100%_Bubble,1,123
6,100.0000,6.6667,70.0000,7,30,100%_Bubble,1,123
7,100.0000,13.3333,76.6667,5,30,100%_Bubble,1,123
8,100.0000,16.6667,66.6667,6,30,100%_Bubble,1,123
9,100.0000,13.3333,70.0000,7,30,100%_Bubble,1,123
10,100.0000,13.3333,70.0000,5,30,100%_Bubble,1,123
11,100.0000,16.6667,70.0000,7,30,100%_Bubble,1,123
12,100.0000,13.3333,73.3333,5,30,100%_Bubble,1,123
13,100.0000,13.3333,73.3333,6,30,100%_Bubble,1,123
14,100.0000,23.3333,76.6667,6,30,100%_Bubble,1,123
15,100.0000,30.0000,80.0000,6,30,100%_Bubble,1,123
16,100.0000,36.6667,80.0000,3,30,100%_Bubble,1,123
17,100.0000,33.3333,86.6667,5,30,100%_Bubble,1,123
18,100.0000,36.6667,80.0000,3,30,100%_Bubble,1,123
19,100.0000,33.3333,83.3333,5,30,100%_Bubble,1,123
20,100.0000,33.3333,86.6667,4,30,100%_Bubble,1,123
21,100.0000,33.3333,83.3333,3,30,100%_Bubble,1,123
22,100.0000,33.3333,83.3333,2,30,100%_Bubble,1,123
23,100.0000,40.0000,86.6667,3,30,100%_Bubble,1,123
24,100.0000,43.3333,83.3333,3,30,100%_Bubble,1,123
25,100.0000,56.6667,86.6667,5,30,100%_Bubble,1,123
26,100.0000,76.6667,93.3333,4,30,100%_Bubble,1,123
27,100.0000,86.6667,96.6667,2,30,100%_Bubble,1,123
28,100.0000,90.0000,96.6667,1,30,100%_Bubble,1,123
29,100.0000,93.3333,96.6667,1,30,100%_Bubble,1,123
30,100.0000,100.0000,100.0000,1,30,100%_Bubble,1,123
31,100.0000,100.0000,100.0000,0,30,100%_Bubble,1,123
32,100.0000,100.0000,100.0000,0,30,100%_Bubble,1,123
33,100.0000,100.0000,100.0000,0,30,100%_Bubble,1,123
0,100.0000,3.3333,46.6667,0,30,100%_Bubble,1,789
1,100.0000,0.0000,56.6667,10,30,100%_Bubble,1,789
2,100.0000,10.0000,56.6667,9,30,100%_Bubble,1,789
3,100.0000,0.0000,66.6667,10,30,100%_Bubble,1,789
4,100.0000,0.0000,63.3333,5,30,100%_Bubble,1,789
5,100.0000,10.0000,60.0000,9,30,100%_Bubble,1,789
6,100.0000,0.0000,66.6667,8,30,100%_Bubble,1,789
7,100.0000,0.0000,70.0000,7,30,100%_Bubble,1,789
8,100.0000,0.0000,73.3333,5,30,100%_Bubble,1,789
9,100.0000,0.0000,63.3333,7,30,100%_Bubble,1,789
10,100.0000,0.0000,66.6667,8,30,100%_Bubble,1,789
11,100.0000,0.0000,66.6667,6,30,100%_Bubble,1,789
12,100.0000,0.0000,70.0000,6,30,100%_Bubble,1,789
13,100.0000,0.0000,63.3333,7,30,100%_Bubble,1,789
14,100.0000,0.0000,70.0000,6,30,100%_Bubble,1,789
15,100.0000,3.3333,66.6667,8,30,100%_Bubble,1,789
16,100.0000,0.0000,70.0000,8,30,100%_Bubble,1,789
17,100.0000,3.3333,70.0000,6,30,100%_Bubble,1,789
18,100.0000,3.3333,76.6667,5,30,100%_Bubble,1,789
19,100.0000,3.3333,70.0000,4,30,100%_Bubble,1,789
20,100.0000,3.3333,70.0000,7,30,100%_Bubble,1,789
21,100.0000,3.3333,66.6667,6,30,100%_Bubble,1,789
22,100.0000,6.6667,73.3333,7,30,100%_Bubble,1,789
23,100.0000,6.6667,66.6667,4,30,100%_Bubble,1,789
24,100.0000,10.0000,70.0000,9,30,100%_Bubble,1,789
25,100.0000,6.6667,70.0000,7,30,100%_Bubble,1,789
26,100.0000,6.6667,73.3333,5,30,100%_Bubble,1,789
27,100.0000,10.0000,70.0000,7,30,100%_Bubble,1,789
28,100.0000,13.3333,73.3333,6,30,100%_Bubble,1,789
29,100.0000,13.3333,80.0000,3,30,100%_Bubble,1,789
30,100.0000,16.6667,73.3333,5,30,100%_Bubble,1,789
31,100.0000,16.6667,73.3333,6,30,100%_Bubble,1,789
32,100.0000,13.3333,76.6667,6,30,100%_Bubble,1,789
33,100.0000,13.3333,73.3333,6,30,100%_Bubble,1,789
34,100.0000,20.0000,73.3333,5,30,100%_Bubble,1,789
35,100.0000,30.0000,73.3333,6,30,100%_Bubble,1,789
36,100.0000,66.6667,90.0000,6,30,100%_Bubble,1,789
37,100.0000,73.3333,86.6667,3,30,100%_Bubble,1,789
38,100.0000,93.3333,96.6667,4,30,100%_Bubble,1,789
39,100.0000,100.0000,100.0000,1,30,100%_Bubble,1,789
40,100.0000,100.0000,100.0000,0,30,100%_Bubble,1,789
41,100.0000,100.0000,100.0000,0,30,100%_Bubble,1,789
42,100.0000,100.0000,100.0000,0,30,100%_Bubble,1,789
0,100.0000,6.6667,46.6667,0,30,100%_Bubble,3,42
1,100.0000,6.6667,60.0000,9,30,100%_Bubble,3,42
2,100.0000,6.6667,56.6667,10,30,100%_Bubble,3,42
3,100.0000,6.6667,53.3333,8,30,100%_Bubble,3,42
4,100.0000,6.6667,53.3333,9,30,100%_Bubble,3,42
5,100.0000,6.6667,60.0000,9,30,100%_Bubble,3,42
6,100.0000,13.3333,60.0000,9,30,100%_Bubble,3,42
7,100.0000,10.0000,63.3333,8,30,100%_Bubble,3,42
8,100.0000,20.0000,63.3333,7,30,100%_Bubble,3,42
9,100.0000,10.0000,66.6667,8,30,100%_Bubble,3,42
10,100.0000,10.0000,60.0000,7,30,100%_Bubble,3,42
11,100.0000,6.6667,60.0000,8,30,100%_Bubble,3,42
12,100.0000,6.6667,73.3333,8,30,100%_Bubble,3,42
13,100.0000,6.6667,66.6667,4,30,100%_Bubble,3,42
14,100.0000,10.0000,70.0000,7,30,100%_Bubble,3,42
15,100.0000,13.3333,66.6667,6,30,100%_Bubble,3,42
16,100.0000,13.3333,66.6667,8,30,100%_Bubble,3,42
17,100.0000,10.0000,73.3333,9,30,100%_Bubble,3,42
18,100.0000,10.0000,73.3333,5,30,100%_Bubble,3,42
19,100.0000,16.6667,70.0000,5,30,100%_Bubble,3,42
20,100.0000,10.0000,66.6667,7,30,100%_Bubble,3,42
21,100.0000,10.0000,70.0000,4,30,100%_Bubble,3,42
22,100.0000,20.0000,76.6667,6,30,100%_Bubble,3,42
23,100.0000,20.0000,73.3333,4,30,100%_Bubble,3,42
24,100.0000,13.3333,66.6667,6,30,100%_Bubble,3,42
25,100.0000,6.6667,80.0000,5,30,100%_Bubble,3,42
26,100.0000,6.6667,73.3333,2,30,100%_Bubble,3,42
27,100.0000,13.3333,80.0000,6,30,100%_Bubble,3,42
28,100.0000,13.3333,73.3333,5,30,100%_Bubble,3,42
29,100.0000,13.3333,80.0000,6,30,100%_Bubble,3,42
30,100.0000,20.0000,76.6667,5,30,100%_Bubble,3,42
31,100.0000,20.0000,80.0000,5,30,100%_Bubble,3,42
32,100.0000,26.6667,83.3333,4,30,100%_Bubble,3,42
33,100.0000,26.6667,80.0000,4,30,100%_Bubble,3,42
34,100.0000,26.6667,76.6667,3,30,100%_Bubble,3,42
35,100.0000,33.3333,80.0000,4,30,100%_Bubble,3,42
36,100.0000,53.3333,86.6667,6,30,100%_Bubble,3,42
37,100.0000,60.0000,86.6667,2,30,100%_Bubble,3,42
38,100.0000,76.6667,93.3333,3,30,100%_Bubble,3,42
39,100.0000,83.3333,96.6667,1,30,100%_Bubble,3,42
40,100.0000,86.6667,96.6667,1,30,100%_Bubble,3,42
41,100.0000,90.0000,96.6667,1,30,100%_Bubble,3,42
42,100.0000,93.3333,96.6667,1,30,100%_Bubble,3,42
43,100.0000,100.0000,100.0000,1,30,100%_Bubble,3,42
44,100.0000,100.0000,100.0000,0,30,100%_Bubble,3,42
45,100.0000,100.0000,100.0000,0,30,100%_Bubble,3,42
46,100.0000,100.0000,100.0000,0,30,100%_Bubble,3,42
0,100.0000,6.6667,53.3333,0,30,100%_Bubble,3,123
1,100.0000,3.3333,63.3333,9,30,100%_Bubble,3,123
2,100.0000,0.0000,70.0000,7,30,100%_Bubble,3,123
3,100.0000,0.0000,63.3333,6,30,100%_Bubble,3,123
4,100.0000,3.3333,60.0000,5,30,100%_Bubble,3,123
5,100.0000,10.0000,63.3333,8,30,100%_Bubble,3,123
6,100.0000,10.0000,70.0000,10,30,100%_Bubble,3,123
7,100.0000,10.0000,76.6667,7,30,100%_Bubble,3,123
8,100.0000,13.3333,73.3333,6,30,100%_Bubble,3,123
9,100.0000,16.6667,73.3333,6,30,100%_Bubble,3,123
10,100.0000,16.6667,76.6667,6,30,100%_Bubble,3,123
11,100.0000,13.3333,70.0000,6,30,100%_Bubble,3,123
12,100.0000,13.3333,73.3333,2,30,100%_Bubble,3,123
13,100.0000,20.0000,70.0000,7,30,100%_Bubble,3,123
14,100.0000,30.0000,76.6667,5,30,100%_Bubble,3,123
15,100.0000,33.3333,70.0000,5,30,100%_Bubble,3,123
16,100.0000,33.3333,76.6667,7,30,100%_Bubble,3,123
17,100.0000,36.6667,80.0000,4,30,100%_Bubble,3,123
18,100.0000,33.3333,86.6667,4,30,100%_Bubble,3,123
19,100.0000,36.6667,83.3333,3,30,100%_Bubble,3,123
20,100.0000,33.3333,86.6667,4,30,100%_Bubble,3,123
21,100.0000,33.3333,83.3333,4,30,100%_Bubble,3,123
22,100.0000,40.0000,83.3333,5,30,100%_Bubble,3,123
23,100.0000,46.6667,83.3333,5,30,100%_Bubble,3,123
24,100.0000,60.0000,86.6667,5,30,100%_Bubble,3,123
25,100.0000,76.6667,90.0000,4,30,100%_Bubble,3,123
26,100.0000,90.0000,96.6667,2,30,100%_Bubble,3,123
27,100.0000,93.3333,96.6667,1,30,100%_Bubble,3,123
28,100.0000,100.0000,100.0000,1,30,100%_Bubble,3,123
29,100.0000,100.0000,100.0000,0,30,100%_Bubble,3,123
30,100.0000,100.0000,100.0000,0,30,100%_Bubble,3,123
31,100.0000,100.0000,100.0000,0,30,100%_Bubble,3,123
0,100.0000,3.3333,46.6667,0,30,100%_Bubble,3,789
1,100.0000,0.0000,63.3333,10,30,100%_Bubble,3,789
2,100.0000,6.6667,56.6667,6,30,100%_Bubble,3,789
3,100.0000,3.3333,66.6667,8,30,100%_Bubble,3,789
4,100.0000,3.3333,66.6667,7,30,100%_Bubble,3,789
5,100.0000,6.6667,66.6667,10,30,100%_Bubble,3,789
6,100.0000,3.3333,66.6667,7,30,100%_Bubble,3,789
7,100.0000,0.0000,66.6667,5,30,100%_Bubble,3,789
8,100.0000,0.0000,70.0000,8,30,100%_Bubble,3,789
9,100.0000,0.0000,66.6667,8,30,100%_Bubble,3,789
10,100.0000,0.0000,73.3333,6,30,100%_Bubble,3,789
11,100.0000,0.0000,73.3333,5,30,100%_Bubble,3,789
12,100.0000,0.0000,70.0000,6,30,100%_Bubble,3,789
13,100.0000,0.0000,73.3333,6,30,100%_Bubble,3,789
14,100.0000,0.0000,73.3333,6,30,100%_Bubble,3,789
15,100.0000,0.0000,76.6667,7,30,100%_Bubble,3,789
16,100.0000,0.0000,70.0000,6,30,100%_Bubble,3,789
17,100.0000,0.0000,70.0000,3,30,100%_Bubble,3,789
18,100.0000,3.3333,70.0000,7,30,100%_Bubble,3,789
19,100.0000,3.3333,70.0000,7,30,100%_Bubble,3,789
20,100.0000,3.3333,66.6667,6,30,100%_Bubble,3,789
21,100.0000,6.6667,70.0000,8,30,100%_Bubble,3,789
22,100.0000,6.6667,66.6667,8,30,100%_Bubble,3,789
23,100.0000,10.0000,73.3333,8,30,100%_Bubble,3,789
24,100.0000,10.0000,76.6667,5,30,100%_Bubble,3,789
25,100.0000,10.0000,70.0000,5,30,100%_Bubble,3,789
26,100.0000,23.3333,70.0000,8,30,100%_Bubble,3,789
27,100.0000,26.6667,76.6667,5,30,100%_Bubble,3,789
28,100.0000,20.0000,80.0000,6,30,100%_Bubble,3,789
29,100.0000,20.0000,80.0000,4,30,100%_Bubble,3,789
30,100.0000,23.3333,80.0000,4,30,100%_Bubble,3,789
31,100.0000,23.3333,73.3333,5,30,100%_Bubble,3,789
32,100.0000,26.6667,76.6667,6,30,100%_Bubble,3,789
33,100.0000,33.3333,80.0000,5,30,100%_Bubble,3,789
34,100.0000,36.6667,83.3333,5,30,100%_Bubble,3,789
35,100.0000,36.6667,80.0000,4,30,100%_Bubble,3,789
36,100.0000,36.6667,76.6667,4,30,100%_Bubble,3,789
37,100.0000,46.6667,80.0000,7,30,100%_Bubble,3,789
38,100.0000,56.6667,86.6667,3,30,100%_Bubble,3,789
39,100.0000,63.3333,86.6667,2,30,100%_Bubble,3,789
40,100.0000,80.0000,90.0000,4,30,100%_Bubble,3,789
41,100.0000,80.0000,90.0000,0,30,100%_Bubble,3,789
42,100.0000,100.0000,100.0000,3,30,100%_Bubble,3,789
43,100.0000,100.0000,100.0000,0,30,100%_Bubble,3,789
44,100.0000,100.0000,100.0000,0,30,100%_Bubble,3,789
45,100.0000,100.0000,100.0000,0,30,100%_Bubble,3,789
0,100.0000,6.6667,46.6667,0,30,50/50_Bubble/Selection,0,42
1,100.0000,6.6667,53.3333,9,30,50/50_Bubble/Selection,0,42
2,100.0000,6.6667,63.3333,10,30,50/50_Bubble/Selection,0,42
3,100.0000,6.6667,60.0000,7,30,50/50_Bubble/Selection,0,42
4,100.0000,6.6667,53.3333,8,30,50/50_Bubble/Selection,0,42
5,100.0000,6.6667,56.6667,11,30,50/50_Bubble/Selection,0,42
6,100.0000,10.0000,60.0000,7,30,50/50_Bubble/Selection,0,42
7,100.0000,13.3333,56.6667,9,30,50/50_Bubble/Selection,0,42
8,100.0000,10.0000,60.0000,7,30,50/50_Bubble/Selection,0,42
9,100.0000,10.0000,60.0000,7,30,50/50_Bubble/Selection,0,42
10,100.0000,13.3333,66.6667,8,30,50/50_Bubble/Selection,0,42
11,100.0000,13.3333,73.3333,6,30,50/50_Bubble/Selection,0,42
12,100.0000,16.6667,66.6667,6,30,50/50_Bubble/Selection,0,42
13,100.0000,16.6667,66.6667,3,30,50/50_Bubble/Selection,0,42
14,100.0000,10.0000,66.6667,5,30,50/50_Bubble/Selection,0,42
15,100.0000,10.0000,70.0000,7,30,50/50_Bubble/Selection,0,42
16,100.0000,6.6667,70.0000,6,30,50/50_Bubble/Selection,0,42
17,100.0000,6.6667,76.6667,5,30,50/50_Bubble/Selection,0,42
18,100.0000,10.0000,66.6667,4,30,50/50_Bubble/Selection,0,42
19,100.0000,16.6667,70.0000,7,30,50/50_Bubble/Selection,0,42
20,100.0000,16.6667,66.6667,6,30,50/50_Bubble/Selection,0,42
21,100.0000,16.6667,70.0000,9,30,50/50_Bubble/Selection,0,42
22,100.0000,16.6667,73.3333,5,30,50/50_Bubble/Selection,0,42
23,100.0000,16.6667,70.0000,4,30,50/50_Bubble/Selection,0,42
24,100.0000,23.3333,70.0000,7,30,50/50_Bubble/Selection,0,42
25,100.0000,16.6667,80.0000,5,30,50/50_Bubble/Selection,0,42
26,100.0000,16.6667,83.3333,4,30,50/50_Bubble/Selection,0,42
27,100.0000,16.6667,76.6667,5,30,50/50_Bubble/Selection,0,42
28,100.0000,16.6667,80.0000,5,30,50/50_Bubble/Selection,0,42
29,100.0000,16.6667,76.6667,6,30,50/50_Bubble/Selection,0,42
30,100.0000,16.6667,80.0000,6,30,50/50_Bubble/Selection,0,42
31,100.0000,23.3333,86.6667,4,30,50/50_Bubble/Selection,0,42
32,100.0000,26.6667,90.0000,1,30,50/50_Bubble/Selection,0,42
33,100.0000,26.6667,86.6667,2,30,50/50_Bubble/Selection,0,42
34,100.0000,26.6667,80.0000,3,30,50/50_Bubble/Selection,0,42
35,100.0000,26.6667,83.3333,6,30,50/50_Bubble/Selection,0,42
36,100.0000,30.0000,86.6667,1,30,50/50_Bubble/Selection,0,42
37,100.0000,36.6667,90.0000,2,30,50/50_Bubble/Selection,0,42
38,100.0000,40.0000,86.6667,3,30,50/50_Bubble/Selection,0,42
39,100.0000,46.6667,86.6667,4,30,50/50_Bubble/Selection,0,42
40,100.0000,50.0000,86.6667,3,30,50/50_Bubble/Selection,0,42
41,100.0000,53.3333,86.6667,2,30,50/50_Bubble/Selection,0,42
42,100.0000,56.6667,86.6667,2,30,50/50_Bubble/Selection,0,42
43,100.0000,70.0000,90.0000,3,30,50/50_Bubble/Selection,0,42
44,100.0000,80.0000,93.3333,2,30,50/50_Bubble/Selection,0,42
45,100.0000,90.0000,96.6667,2,30,50/50_Bubble/Selection,0,42
46,100.0000,90.0000,96.6667,0,30,50/50_Bubble/Selection,0,42
47,100.0000,93.3333,96.6667,1,30,50/50_Bubble/Selection,0,42
48,100.0000,93.3333,96.6667,0,30,50/50_Bubble/Selection,0,42
49,100.0000,100.0000,100.0000,1,30,50/50_Bubble/Selection,0,42
50,100.0000,100.0000,100.0000,0,30,50/50_Bubble/Selection,0,42
51,100.0000,100.0000,100.0000,0,30,50/50_Bubble/Selection,0,42
52,100.0000,100.0000,100.0000,0,30,50/50_Bubble/Selection,0,42
0,100.0000,6.6667,53.3333,0,30,50/50_Bubble/Selection,0,123
1,100.0000,6.6667,66.6667,10,30,50/50_Bubble/Selection,0,123
2,100.0000,6.6667,60.0000,7,30,50/50_Bubble/Selection,0,123
3,100.0000,6.6667,73.3333,9,30,50/50_Bubble/Selection,0,123
4,100.0000,6.6667,70.0000,6,30,50/50_Bubble/Selection,0,123
5,100.0000,10.0000,63.3333,7,30,50/50_Bubble/Selection,0,123
6,100.0000,13.3333,66.6667,7,30,50/50_Bubble/Selection,0,123
7,100.0000,13.3333,66.6667,7,30,50/50_Bubble/Selection,0,123
8,100.0000,20.0000,73.3333,7,30,50/50_Bubble/Selection,0,123
9,100.0000,16.6667,66.6667,8,30,50/50_Bubble/Selection,0,123
10,100.0000,20.0000,56.6667,9,30,50/50_Bubble/Selection,0,123
11,100.0000,23.3333,73.3333,8,30,50/50_Bubble/Selection,0,123
12,100.0000,30.0000,70.0000,8,30,50/50_Bubble/Selection,0,123
13,100.0000,26.6667,70.0000,7,30,50/50_Bubble/Selection,0,123
14,100.0000,23.3333,83.3333,6,30,50/50_Bubble/Selection,0,123
15,100.0000,30.0000,73.3333,5,30,50/50_Bubble/Selection,0,123
16,100.0000,30.0000,76.6667,4,30,50/50_Bubble/Selection,0,123
17,100.0000,36.6667,80.0000,4,30,50/50_Bubble/Selection,0,123
18,100.0000,40.0000,80.0000,5,30,50/50_Bubble/Selection,0,123
19,100.0000,50.0000,86.6667,5,30,50/50_Bubble/Selection,0,123
20,100.0000,53.3333,83.3333,3,30,50/50_Bubble/Selection,0,123
21,100.0000,70.0000,93.3333,4,30,50/50_Bubble/Selection,0,123
22,100.0000,70.0000,93.3333,0,30,50/50_Bubble/Selection,0,123
23,100.0000,73.3333,90.0000,2,30,50/50_Bubble/Selection,0,123
24,100.0000,83.3333,93.3333,3,30,50/50_Bubble/Selection,0,123
25,100.0000,86.6667,93.3333,1,30,50/50_Bubble/Selection,0,123
26,100.0000,93.3333,96.6667,1,30,50/50_Bubble/Selection,0,123
27,100.0000,100.0000,100.0000,1,30,50/50_Bubble/Selection,0,123
28,100.0000,100.0000,100.0000,0,30,50/50_Bubble/Selection,0,123
29,100.0000,100.0000,100.0000,0,30,50/50_Bubble/Selection,0,123
30,100.0000,100.0000,100.0000,0,30,50/50_Bubble/Selection,0,123
0,100.0000,3.3333,46.6667,0,30,50/50_Bubble/Selection,0,789
1,100.0000,0.0000,60.0000,6,30,50/50_Bubble/Selection,0,789
2,100.0000,0.0000,60.0000,7,30,50/50_Bubble/Selection,0,789
3,100.0000,3.3333,63.3333,8,30,50/50_Bubble/Selection,0,789
4,100.0000,13.3333,60.0000,8,30,50/50_Bubble/Selection,0,789
5,100.0000,13.3333,63.3333,10,30,50/50_Bubble/Selection,0,789
6,100.0000,3.3333,73.3333,7,30,50/50_Bubble/Selection,0,789
7,100.0000,0.0000,63.3333,7,30,50/50_Bubble/Selection,0,789
8,100.0000,0.0000,66.6667,8,30,50/50_Bubble/Selection,0,789
9,100.0000,0.0000,66.6667,6,30,50/50_Bubble/Selection,0,789
10,100.0000,0.0000,70.0000,6,30,50/50_Bubble/Selection,0,789
11,100.0000,0.0000,73.3333,5,30,50/50_Bubble/Selection,0,789
12,100.0000,0.0000,70.0000,5,30,50/50_Bubble/Selection,0,789
13,100.0000,0.0000,70.0000,6,30,50/50_Bubble/Selection,0,789
14,100.0000,0.0000,66.6667,8,30,50/50_Bubble/Selection,0,789
15,100.0000,0.0000,63.3333,8,30,50/50_Bubble/Selection,0,789
16,100.0000,6.6667,73.3333,10,30,50/50_Bubble/Selection,0,789
17,100.0000,3.3333,76.6667,6,30,50/50_Bubble/Selection,0,789
18,100.0000,3.3333,73.3333,7,30,50/50_Bubble/Selection,0,789
19,100.0000,3.3333,76.6667,4,30,50/50_Bubble/Selection,0,789
20,100.0000,3.3333,70.0000,6,30,50/50_Bubble/Selection,0,789
21,100.0000,6.6667,73.3333,8,30,50/50_Bubble/Selection,0,789
22,100.0000,6.6667,70.0000,8,30,50/50_Bubble/Selection,0,789
23,100.0000,13.3333,73.3333,5,30,50/50_Bubble/Selection,0,789
24,100.0000,16.6667,70.0000,7,30,50/50_Bubble/Selection,0,789
25,100.0000,10.0000,73.3333,6,30,50/50_Bubble/Selection,0,789
26,100.0000,16.6667,70.0000,6,30,50/50_Bubble/Selection,0,789
27,100.0000,20.0000,73.3333,6,30,50/50_Bubble/Selection,0,789
28,100.0000,16.6667,73.3333,8,30,50/50_Bubble/Selection,0,789
29,100.0000,16.6667,76.6667,5,30,50/50_Bubble/Selection,0,789
30,100.0000,13.3333,76.6667,5,30,50/50_Bubble/Selection,0,789
31,100.0000,13.3333,73.3333,5,30,50/50_Bubble/Selection,0,789
32,100.0000,13.3333,76.6667,5,30,50/50_Bubble/Selection,0,789
33,100.0000,13.3333,66.6667,7,30,50/50_Bubble/Selection,0,789
34,100.0000,36.6667,73.3333,7,30,50/50_Bubble/Selection,0,789
35,100.0000,43.3333,76.6667,5,30,50/50_Bubble/Selection,0,789
36,100.0000,63.3333,86.6667,5,30,50/50_Bubble/Selection,0,789
37,100.0000,80.0000,90.0000,4,30,50/50_Bubble/Selection,0,789
38,100.0000,100.0000,100.0000,3,30,50/50_Bubble/Selection,0,789
39,100.0000,100.0000,100.0000,0,30,50/50_Bubble/Selection,0,789
40,100.0000,100.0000,100.0000,0,30,50/50_Bubble/Selection,0,789
41,100.0000,100.0000,100.0000,0,30,50/50_Bubble/Selection,0,789
0,100.0000,6.6667,46.6667,0,30,50/50_Bubble/Selection,1,42
1,100.0000,6.6667,53.3333,7,30,50/50_Bubble/Selection,1,42
2,100.0000,3.3333,56.6667,10,30,50/50_Bubble/Selection,1,42
3,100.0000,3.3333,53.3333,6,30,50/50_Bubble/Selection,1,42
4,100.0000,6.6667,46.6667,12,30,50/50_Bubble/Selection,1,42
5,100.0000,6.6667,56.6667,11,30,50/50_Bubble/Selection,1,42
6,100.0000,0.0000,56.6667,8,30,50/50_Bubble/Selection,1,42
7,100.0000,6.6667,56.6667,8,30,50/50_Bubble/Selection,1,42
8,100.0000,6.6667,60.0000,8,30,50/50_Bubble/Selection,1,42
9,100.0000,13.3333,60.0000,11,30,50/50_Bubble/Selection,1,42
10,100.0000,13.3333,60.0000,9,30,50/50_Bubble/Selection,1,42
11,100.0000,13.3333,66.6667,9,30,50/50_Bubble/Selection,1,42
12,100.0000,10.0000,60.0000,8,30,50/50_Bubble/Selection,1,42
13,100.0000,10.0000,70.0000,9,30,50/50_Bubble/Selection,1,42
14,100.0000,10.0000,66.6667,8,30,50/50_Bubble/Selection,1,42
15,100.0000,6.6667,73.3333,5,30,50/50_Bubble/Selection,1,42
16,100.0000,10.0000,73.3333,4,30,50/50_Bubble/Selection,1,42
17,100.0000,6.6667,70.0000,7,30,50/50_Bubble/Selection,1,42
18,100.0000,6.6667,76.6667,6,30,50/50_Bubble/Selection,1,42
19,100.0000,10.0000,76.6667,5,30,50/50_Bubble/Selection,1,42
20,100.0000,6.6667,83.3333,4,30,50/50_Bubble/Selection,1,42
21,100.0000,10.0000,80.0000,5,30,50/50_Bubble/Selection,1,42
22,100.0000,10.0000,83.3333,4,30,50/50_Bubble/Selection,1,42
23,100.0000,10.0000,80.0000,4,30,50/50_Bubble/Selection,1,42
24,100.0000,10.0000,80.0000,3,30,50/50_Bubble/Selection,1,42
25,100.0000,6.6667,76.6667,5,30,50/50_Bubble/Selection,1,42
26,100.0000,10.0000,76.6667,7,30,50/50_Bubble/Selection,1,42
27,100.0000,10.0000,80.0000,6,30,50/50_Bubble/Selection,1,42
28,100.0000,10.0000,83.3333,2,30,50/50_Bubble/Selection,1,42
29,100.0000,10.0000,80.0000,4,30,50/50_Bubble/Selection,1,42
30,100.0000,10.0000,80.0000,3,30,50/50_Bubble/Selection,1,42
31,100.0000,13.3333,76.6667,5,30,50/50_Bubble/Selection,1,42
32,100.0000,16.6667,73.3333,6,30,50/50_Bubble/Selection,1,42
33,100.0000,23.3333,73.3333,7,30,50/50_Bubble/Selection,1,42
34,100.0000,50.0000,80.0000,8,30,50/50_Bubble/Selection,1,42
35,100.0000,70.0000,90.0000,5,30,50/50_Bubble/Selection,1,42
36,100.0000,76.6667,93.3333,2,30,50/50_Bubble/Selection,1,42
37,100.0000,83.3333,93.3333,2,30,50/50_Bubble/Selection,1,42
38,100.0000,90.0000,96.6667,1,30,50/50_Bubble/Selection,1,42
39,100.0000,90.0000,96.6667,0,30,50/50_Bubble/Selection,1,42
40,100.0000,93.3333,96.6667,1,30,50/50_Bubble/Selection,1,42
41,100.0000,100.0000,100.0000,1,30,50/50_Bubble/Selection,1,42
42,100.0000,100.0000,100.0000,0,30,50/50_Bubble/Selection,1,42
43,100.0000,100.0000,100.0000,0,30,50/50_Bubble/Selection,1,42
44,100.0000,100.0000,100.0000,0,30,50/50_Bubble/Selection,1,42
0,100.0000,6.6667,53.3333,0,30,50/50_Bubble/Selection,1,123
1,100.0000,3.3333,63.3333,7,30,50/50_Bubble/Selection,1,123
2,100.0000,0.0000,63.3333,8,30,50/50_Bubble/Selection,1,123
3,100.0000,0.0000,66.6667,6,30,50/50_Bubble/Selection,1,123
4,100.0000,6.6667,66.6667,6,30,50/50_Bubble/Selection,1,123
5,100.0000,10.0000,66.6667,7,30,50/50_Bubble/Selection,1,123
6,100.0000,10.0000,73.3333,6,30,50/50_Bubble/Selection,1,123
7,100.0000,16.6667,73.3333,4,30,50/50_Bubble/Selection,1,123
8,100.0000,16.6667,73.3333,5,30,50/50_Bubble/Selection,1,123
9,100.0000,20.0000,70.0000,5,30,50/50_Bubble/Selection,1,123
10,100.0000,20.0000,73.3333,7,30,50/50_Bubble/Selection,1,123
11,100.0000,16.6667,76.6667,5,30,50/50_Bubble/Selection,1,123
12,100.0000,20.0000,73.3333,6,30,50/50_Bubble/Selection,1,123
13,100.0000,13.3333,76.6667,5,30,50/50_Bubble/Selection,1,123
14,100.0000,16.6667,73.3333,6,30,50/50_Bubble/Selection,1,123
15,100.0000,20.0000,70.0000,6,30,50/50_Bubble/Selection,1,123
16,100.0000,23.3333,70.0000,8,30,50/50_Bubble/Selection,1,123
17,100.0000,26.6667,73.3333,6,30,50/50_Bubble/Selection,1,123
18,100.0000,33.3333,80.0000,7,30,50/50_Bubble/Selection,1,123
19,100.0000,36.6667,83.3333,4,30,50/50_Bubble/Selection,1,123
20,100.0000,36.6667,76.6667,3,30,50/50_Bubble/Selection,1,123
21,100.0000,33.3333,83.3333,6,30,50/50_Bubble/Selection,1,123
22,100.0000,36.6667,83.3333,3,30,50/50_Bubble/Selection,1,123
23,100.0000,36.6667,86.6667,1,30,50/50_Bubble/Selection,1,123
24,100.0000,43.3333,80.0000,4,30,50/50_Bubble/Selection,1,123
25,100.0000,53.3333,83.3333,4,30,50/50_Bubble/Selection,1,123
26,100.0000,66.6667,86.6667,3,30,50/50_Bubble/Selection,1,123
27,100.0000,73.3333,90.0000,1,30,50/50_Bubble/Selection,1,123
28,100.0000,76.6667,90.0000,1,30,50/50_Bubble/Selection,1,123
29,100.0000,90.0000,96.6667,2,30,50/50_Bubble/Selection,1,123
30,100.0000,93.3333,96.6667,1,30,50/50_Bubble/Selection,1,123
31,100.0000,93.3333,96.6667,0,30,50/50_Bubble/Selection,1,123
32,100.0000,100.0000,100.0000,1,30,50/50_Bubble/Selection,1,123
33,100.0000,100.0000,100.0000,0,30,50/50_Bubble/Selection,1,123
34,100.0000,100.0000,100.0000,0,30,50/50_Bubble/Selection,1,123
35,100.0000,100.0000,100.0000,0,30,50/50_Bubble/Selection,1,123
0,100.0000,3.3333,46.6667,0,30,50/50_Bubble/Selection,1,789
1,100.0000,3.3333,60.0000,10,30,50/50_Bubble/Selection,1,789
2,100.0000,10.0000,56.6667,10,30,50/50_Bubble/Selection,1,789
3,100.0000,3.3333,66.6667,11,30,50/50_Bubble/Selection,1,789
4,100.0000,3.3333,66.6667,8,30,50/50_Bubble/Selection,1,789
5,100.0000,3.3333,63.3333,8,30,50/50_Bubble/Selection,1,789
6,100.0000,3.3333,76.6667,7,30,50/50_Bubble/Selection,1,789
7,100.0000,0.0000,70.0000,6,30,50/50_Bubble/Selection,1,789
8,100.0000,0.0000,73.3333,6,30,50/50_Bubble/Selection,1,789
9,100.0000,0.0000,73.3333,5,30,50/50_Bubble/Selection,1,789
10,100.0000,0.0000,73.3333,4,30,50/50_Bubble/Selection,1,789
11,100.0000,0.0000,73.3333,7,30,50/50_Bubble/Selection,1,789
12,100.0000,0.0000,76.6667,4,30,50/50_Bubble/Selection,1,789
13,100.0000,0.0000,66.6667,5,30,50/50_Bubble/Selection,1,789
14,100.0000,0.0000,80.0000,7,30,50/50_Bubble/Selection,1,789
15,100.0000,0.0000,66.6667,6,30,50/50_Bubble/Selection,1,789
16,100.0000,0.0000,70.0000,7,30,50/50_Bubble/Selection,1,789
17,100.0000,0.0000,66.6667,6,30,50/50_Bubble/Selection,1,789
18,100.0000,3.3333,66.6667,6,30,50/50_Bubble/Selection,1,789
19,100.0000,3.3333,70.0000,6,30,50/50_Bubble/Selection,1,789
20,100.0000,6.6667,73.3333,6,30,50/50_Bubble/Selection,1,789
21,100.0000,3.3333,76.6667,6,30,50/50_Bubble/Selection,1,789
22,100.0000,3.3333,76.6667,5,30,50/50_Bubble/Selection,1,789
23,100.0000,3.3333,70.0000,4,30,50/50_Bubble/Selection,1,789
24,100.0000,10.0000,70.0000,6,30,50/50_Bubble/Selection,1,789
25,100.0000,10.0000,73.3333,5,30,50/50_Bubble/Selection,1,789
26,100.0000,13.3333,76.6667,5,30,50/50_Bubble/Selection,1,789
27,100.0000,13.3333,73.3333,4,30,50/50_Bubble/Selection,1,789
28,100.0000,13.3333,76.6667,6,30,50/50_Bubble/Selection,1,789
29,100.0000,13.3333,70.0000,4,30,50/50_Bubble/Selection,1,789
30,100.0000,20.0000,76.6667,7,30,50/50_Bubble/Selection,1,789
31,100.0000,20.0000,70.0000,3,30,50/50_Bubble/Selection,1,789
32,100.0000,23.3333,76.6667,6,30,50/50_Bubble/Selection,1,789
33,100.0000,30.0000,70.0000,6,30,50/50_Bubble/Selection,1,789
34,100.0000,26.6667,70.0000,4,30,50/50_Bubble/Selection,1,789
35,100.0000,26.6667,80.0000,4,30,50/50_Bubble/Selection,1,789
36,100.0000,33.3333,80.0000,5,30,50/50_Bubble/Selection,1,789
37,100.0000,36.6667,83.3333,2,30,50/50_Bubble/Selection,1,789
38,100.0000,36.6667,80.0000,3,30,50/50_Bubble/Selection,1,789
39,100.0000,40.0000,76.6667,6,30,50/50_Bubble/Selection,1,789
40,100.0000,53.3333,86.6667,3,30,50/50_Bubble/Selection,1,789
41,100.0000,60.0000,86.6667,3,30,50/50_Bubble/Selection,1,789
42,100.0000,76.6667,93.3333,4,30,50/50_Bubble/Selection,1,789
43,100.0000,76.6667,93.3333,0,30,50/50_Bubble/Selection,1,789
44,100.0000,76.6667,90.0000,2,30,50/50_Bubble/Selection,1,789
45,100.0000,80.0000,90.0000,2,30,50/50_Bubble/Selection,1,789
46,100.0000,100.0000,100.0000,3,30,50/50_Bubble/Selection,1,789
47,100.0000,100.0000,100.0000,0,30,50/50_Bubble/Selection,1,789
48,100.0000,100.0000,100.0000,0,30,50/50_Bubble/Selection,1,789
49,100.0000,100.0000,100.0000,0,30,50/50_Bubble/Selection,1,789
0,100.0000,6.6667,46.6667,0,30,50/50_Bubble/Selection,3,42
1,100.0000,6.6667,53.3333,8,30,50/50_Bubble/Selection,3,42
2,100.0000,3.3333,63.3333,9,30,50/50_Bubble/Selection,3,42
3,100.0000,3.3333,56.6667,8,30,50/50_Bubble/Selection,3,42
4,100.0000,3.3333,53.3333,11,30,50/50_Bubble/Selection,3,42
5,100.0000,0.0000,66.6667,10,30,50/50_Bubble/Selection,3,42
6,100.0000,0.0000,63.3333,5,30,50/50_Bubble/Selection,3,42
7,100.0000,3.3333,60.0000,9,30,50/50_Bubble/Selection,3,42
8,100.0000,3.3333,63.3333,8,30,50/50_Bubble/Selection,3,42
9,100.0000,0.0000,56.6667,9,30,50/50_Bubble/Selection,3,42
10,100.0000,6.6667,56.6667,9,30,50/50_Bubble/Selection,3,42
11,100.0000,3.3333,66.6667,10,30,50/50_Bubble/Selection,3,42
12,100.0000,6.6667,70.0000,8,30,50/50_Bubble/Selection,3,42
13,100.0000,10.0000,66.6667,6,30,50/50_Bubble/Selection,3,42
14,100.0000,13.3333,70.0000,7,30,50/50_Bubble/Selection,3,42
15,100.0000,13.3333,70.0000,6,30,50/50_Bubble/Selection,3,42
16,100.0000,10.0000,76.6667,7,30,50/50_Bubble/Selection,3,42
17,100.0000,13.3333,76.6667,2,30,50/50_Bubble/Selection,3,42
18,100.0000,10.0000,73.3333,5,30,50/50_Bubble/Selection,3,42
19,100.0000,13.3333,73.3333,6,30,50/50_Bubble/Selection,3,42
20,100.0000,13.3333,73.3333,5,30,50/50_Bubble/Selection,3,42
21,100.0000,10.0000,73.3333,7,30,50/50_Bubble/Selection,3,42
22,100.0000,6.6667,66.6667,7,30,50/50_Bubble/Selection,3,42
23,100.0000,6.6667,70.0000,7,30,50/50_Bubble/Selection,3,42
24,100.0000,6.6667,73.3333,7,30,50/50_Bubble/Selection,3,42
25,100.0000,6.6667,76.6667,4,30,50/50_Bubble/Selection,3,42
26,100.0000,13.3333,80.0000,3,30,50/50_Bubble/Selection,3,42
27,100.0000,13.3333,70.0000,5,30,50/50_Bubble/Selection,3,42
28,100.0000,13.3333,66.6667,7,30,50/50_Bubble/Selection,3,42
29,100.0000,6.6667,70.0000,5,30,50/50_Bubble/Selection,3,42
30,100.0000,13.3333,73.3333,6,30,50/50_Bubble/Selection,3,42
31,100.0000,30.0000,80.0000,6,30,50/50_Bubble/Selection,3,42
32,100.0000,43.3333,83.3333,5,30,50/50_Bubble/Selection,3,42
33,100.0000,50.0000,80.0000,3,30,50/50_Bubble/Selection,3,42
34,100.0000,60.0000,86.6667,5,30,50/50_Bubble/Selection,3,42
35,100.0000,66.6667,90.0000,2,30,50/50_Bubble/Selection,3,42
36,100.0000,73.3333,90.0000,3,30,50/50_Bubble/Selection,3,42
37,100.0000,86.6667,96.6667,3,30,50/50_Bubble/Selection,3,42
38,100.0000,90.0000,96.6667,1,30,50/50_Bubble/Selection,3,42
39,100.0000,93.3333,96.6667,1,30,50/50_Bubble/Selection,3,42
40,100.0000,100.0000,100.0000,1,30,50/50_Bubble/Selection,3,42
41,100.0000,100.0000,100.0000,0,30,50/50_Bubble/Selection,3,42
42,100.0000,100.0000,100.0000,0,30,50/50_Bubble/Selection,3,42
43,100.0000,100.0000,100.0000,0,30,50/50_Bubble/Selection,3,42
0,100.0000,6.6667,53.3333,0,30,50/50_Bubble/Selection,3,123
1,100.0000,6.6667,63.3333,10,30,50/50_Bubble/Selection,3,123
2,100.0000,3.3333,60.0000,7,30,50/50_Bubble/Selection,3,123
3,100.0000,0.0000,63.3333,4,30,50/50_Bubble/Selection,3,123
4,100.0000,6.6667,63.3333,10,30,50/50_Bubble/Selection,3,123
5,100.0000,10.0000,66.6667,10,30,50/50_Bubble/Selection,3,123
6,100.0000,13.3333,66.6667,8,30,50/50_Bubble/Selection,3,123
7,100.0000,13.3333,60.0000,7,30,50/50_Bubble/Selection,3,123
8,100.0000,13.3333,60.0000,7,30,50/50_Bubble/Selection,3,123
9,100.0000,16.6667,66.6667,9,30,50/50_Bubble/Selection,3,123
10,100.0000,20.0000,70.0000,6,30,50/50_Bubble/Selection,3,123
11,100.0000,16.6667,70.0000,8,30,50/50_Bubble/Selection,3,123
12,100.0000,20.0000,76.6667,7,30,50/50_Bubble/Selection,3,123
13,100.0000,30.0000,80.0000,6,30,50/50_Bubble/Selection,3,123
14,100.0000,30.0000,80.0000,4,30,50/50_Bubble/Selection,3,123
15,100.0000,33.3333,90.0000,5,30,50/50_Bubble/Selection,3,123
16,100.0000,33.3333,86.6667,2,30,50/50_Bubble/Selection,3,123
17,100.0000,33.3333,86.6667,3,30,50/50_Bubble/Selection,3,123
18,100.0000,33.3333,83.3333,3,30,50/50_Bubble/Selection,3,123
19,100.0000,36.6667,83.3333,4,30,50/50_Bubble/Selection,3,123
20,100.0000,43.3333,83.3333,3,30,50/50_Bubble/Selection,3,123
21,100.0000,46.6667,86.6667,3,30,50/50_Bubble/Selection,3,123
22,100.0000,56.6667,86.6667,4,30,50/50_Bubble/Selection,3,123
23,100.0000,60.0000,86.6667,4,30,50/50_Bubble/Selection,3,123
24,100.0000,70.0000,93.3333,3,30,50/50_Bubble/Selection,3,123
25,100.0000,73.3333,93.3333,1,30,50/50_Bubble/Selection,3,123
26,100.0000,76.6667,93.3333,1,30,50/50_Bubble/Selection,3,123
27,100.0000,76.6667,90.0000,1,30,50/50_Bubble/Selection,3,123
28,100.0000,93.3333,96.6667,3,30,50/50_Bubble/Selection,3,123
29,100.0000,100.0000,100.0000,1,30,50/50_Bubble/Selection,3,123
30,100.0000,100.0000,100.0000,0,30,50/50_Bubble/Selection,3,123
31,100.0000,100.0000,100.0000,0,30,50/50_Bubble/Selection,3,123
32,100.0000,100.0000,100.0000,0,30,50/50_Bubble/Selection,3,123
0,100.0000,3.3333,46.6667,0,30,50/50_Bubble/Selection,3,789
1,100.0000,3.3333,60.0000,8,30,50/50_Bubble/Selection,3,789
2,100.0000,3.3333,63.3333,8,30,50/50_Bubble/Selection,3,789
3,100.0000,6.6667,66.6667,8,30,50/50_Bubble/Selection,3,789
4,100.0000,13.3333,60.0000,8,30,50/50_Bubble/Selection,3,789
5,100.0000,3.3333,66.6667,10,30,50/50_Bubble/Selection,3,789
6,100.0000,0.0000,63.3333,8,30,50/50_Bubble/Selection,3,789
7,100.0000,0.0000,70.0000,7,30,50/50_Bubble/Selection,3,789
8,100.0000,0.0000,73.3333,5,30,50/50_Bubble/Selection,3,789
9,100.0000,0.0000,70.0000,5,30,50/50_Bubble/Selection,3,789
10,100.0000,0.0000,70.0000,8,30,50/50_Bubble/Selection,3,789
11,100.0000,0.0000,73.3333,5,30,50/50_Bubble/Selection,3,789
12,100.0000,3.3333,73.3333,5,30,50/50_Bubble/Selection,3,789
13,100.0000,3.3333,73.3333,6,30,50/50_Bubble/Selection,3,789
14,100.0000,0.0000,76.6667,7,30,50/50_Bubble/Selection,3,789
15,100.0000,0.0000,76.6667,5,30,50/50_Bubble/Selection,3,789
16,100.0000,0.0000,70.0000,6,30,50/50_Bubble/Selection,3,789
17,100.0000,3.3333,73.3333,7,30,50/50_Bubble/Selection,3,789
18,100.0000,3.3333,73.3333,7,30,50/50_Bubble/Selection,3,789
19,100.0000,3.3333,73.3333,6,30,50/50_Bubble/Selection,3,789
20,100.0000,3.3333,76.6667,7,30,50/50_Bubble/Selection,3,789
21,100.0000,3.3333,73.3333,6,30,50/50_Bubble/Selection,3,789
22,100.0000,3.3333,73.3333,7,30,50/50_Bubble/Selection,3,789
23,100.0000,3.3333,70.0000,7,30,50/50_Bubble/Selection,3,789
24,100.0000,3.3333,76.6667,6,30,50/50_Bubble/Selection,3,789
25,100.0000,3.3333,66.6667,6,30,50/50_Bubble/Selection,3,789
26,100.0000,6.6667,63.3333,8,30,50/50_Bubble/Selection,3,789
27,100.0000,6.6667,66.6667,8,30,50/50_Bubble/Selection,3,789
28,100.0000,10.0000,66.6667,9,30,50/50_Bubble/Selection,3,789
29,100.0000,16.6667,66.6667,9,30,50/50_Bubble/Selection,3,789
30,100.0000,16.6667,70.0000,7,30,50/50_Bubble/Selection,3,789
31,100.0000,33.3333,80.0000,6,30,50/50_Bubble/Selection,3,789
32,100.0000,36.6667,76.6667,5,30,50/50_Bubble/Selection,3,789
33,100.0000,50.0000,80.0000,6,30,50/50_Bubble/Selection,3,789
34,100.0000,53.3333,76.6667,6,30,50/50_Bubble/Selection,3,789
35,100.0000,63.3333,86.6667,3,30,50/50_Bubble/Selection,3,789
36,100.0000,73.3333,90.0000,3,30,50/50_Bubble/Selection,3,789
37,100.0000,86.6667,96.6667,2,30,50/50_Bubble/Selection,3,789
38,100.0000,86.6667,93.3333,1,30,50/50_Bubble/Selection,3,789
39,100.0000,93.3333,96.6667,1,30,50/50_Bubble/Selection,3,789
40,100.0000,100.0000,100.0000,1,30,50/50_Bubble/Selection,3,789
41,100.0000,100.0000,100.0000,0,30,50/50_Bubble/Selection,3,789
42,100.0000,100.0000,100.0000,0,30,50/50_Bubble/Selection,3,789
43,100.0000,100.0000,100.0000,0,30,50/50_Bubble/Selection,3,789
0,100.0000,6.6667,46.6667,0,30,33/33/33_Bubble/Selection/Insertion,0,42
1,100.0000,3.3333,60.0000,8,30,33/33/33_Bubble/Selection/Insertion,0,42
2,100.0000,3.3333,56.6667,8,30,33/33/33_Bubble/Selection/Insertion,0,42
3,100.0000,3.3333,56.6667,8,30,33/33/33_Bubble/Selection/Insertion,0,42
4,100.0000,3.3333,50.0000,9,30,33/33/33_Bubble/Selection/Insertion,0,42
5,100.0000,3.3333,56.6667,8,30,33/33/33_Bubble/Selection/Insertion,0,42
6,100.0000,3.3333,60.0000,10,30,33/33/33_Bubble/Selection/Insertion,0,42
7,100.0000,10.0000,63.3333,11,30,33/33/33_Bubble/Selection/Insertion,0,42
8,100.0000,10.0000,56.6667,8,30,33/33/33_Bubble/Selection/Insertion,0,42
9,100.0000,13.3333,70.0000,9,30,33/33/33_Bubble/Selection/Insertion,0,42
10,100.0000,13.3333,60.0000,7,30,33/33/33_Bubble/Selection/Insertion,0,42
11,100.0000,10.0000,63.3333,7,30,33/33/33_Bubble/Selection/Insertion,0,42
12,100.0000,16.6667,63.3333,6,30,33/33/33_Bubble/Selection/Insertion,0,42
13,100.0000,16.6667,73.3333,7,30,33/33/33_Bubble/Selection/Insertion,0,42
14,100.0000,13.3333,73.3333,7,30,33/33/33_Bubble/Selection/Insertion,0,42
15,100.0000,16.6667,73.3333,5,30,33/33/33_Bubble/Selection/Insertion,0,42
16,100.0000,10.0000,66.6667,6,30,33/33/33_Bubble/Selection/Insertion,0,42
17,100.0000,10.0000,76.6667,8,30,33/33/33_Bubble/Selection/Insertion,0,42
18,100.0000,13.3333,73.3333,5,30,33/33/33_Bubble/Selection/Insertion,0,42
19,100.0000,10.0000,66.6667,8,30,33/33/33_Bubble/Selection/Insertion,0,42
20,100.0000,10.0000,73.3333,5,30,33/33/33_Bubble/Selection/Insertion,0,42
21,100.0000,10.0000,70.0000,5,30,33/33/33_Bubble/Selection/Insertion,0,42
22,100.0000,10.0000,73.3333,8,30,33/33/33_Bubble/Selection/Insertion,0,42
23,100.0000,10.0000,76.6667,7,30,33/33/33_Bubble/Selection/Insertion,0,42
24,100.0000,10.0000,80.0000,4,30,33/33/33_Bubble/Selection/Insertion,0,42
25,100.0000,6.6667,76.6667,4,30,33/33/33_Bubble/Selection/Insertion,0,42
26,100.0000,13.3333,73.3333,6,30,33/33/33_Bubble/Selection/Insertion,0,42
27,100.0000,10.0000,83.3333,6,30,33/33/33_Bubble/Selection/Insertion,0,42
28,100.0000,10.0000,83.3333,1,30,33/33/33_Bubble/Selection/Insertion,0,42
29,100.0000,16.6667,86.6667,4,30,33/33/33_Bubble/Selection/Insertion,0,42
30,100.0000,16.6667,90.0000,3,30,33/33/33_Bubble/Selection/Insertion,0,42
31,100.0000,20.0000,90.0000,2,30,33/33/33_Bubble/Selection/Insertion,0,42
32,100.0000,23.3333,86.6667,3,30,33/33/33_Bubble/Selection/Insertion,0,42
33,100.0000,33.3333,86.6667,4,30,33/33/33_Bubble/Selection/Insertion,0,42
34,100.0000,36.6667,83.3333,4,30,33/33/33_Bubble/Selection/Insertion,0,42
35,100.0000,40.0000,83.3333,4,30,33/33/33_Bubble/Selection/Insertion,0,42
36,100.0000,50.0000,83.3333,5,30,33/33/33_Bubble/Selection/Insertion,0,42
37,100.0000,56.6667,86.6667,4,30,33/33/33_Bubble/Selection/Insertion,0,42
38,100.0000,60.0000,86.6667,3,30,33/33/33_Bubble/Selection/Insertion,0,42
39,100.0000,70.0000,90.0000,3,30,33/33/33_Bubble/Selection/Insertion,0,42
40,100.0000,76.6667,90.0000,2,30,33/33/33_Bubble/Selection/Insertion,0,42
41,100.0000,93.3333,96.6667,3,30,33/33/33_Bubble/Selection/Insertion,0,42
42,100.0000,100.0000,100.0000,1,30,33/33/33_Bubble/Selection/Insertion,0,42
43,100.0000,100.0000,100.0000,0,30,33/33/33_Bubble/Selection/Insertion,0,42
44,100.0000,100.0000,100.0000,0,30,33/33/33_Bubble/Selection/Insertion,0,42
45,100.0000,100.0000,100.0000,0,30,33/33/33_Bubble/Selection/Insertion,0,42
0,100.0000,6.6667,53.3333,0,30,33/33/33_Bubble/Selection/Insertion,0,123
1,100.0000,3.3333,56.6667,9,30,33/33/33_Bubble/Selection/Insertion,0,123
2,100.0000,0.0000,70.0000,8,30,33/33/33_Bubble/Selection/Insertion,0,123
3,100.0000,6.6667,73.3333,5,30,33/33/33_Bubble/Selection/Insertion,0,123
4,100.0000,10.0000,70.0000,6,30,33/33/33_Bubble/Selection/Insertion,0,123
5,100.0000,13.3333,76.6667,6,30,33/33/33_Bubble/Selection/Insertion,0,123
6,100.0000,13.3333,66.6667,6,30,33/33/33_Bubble/Selection/Insertion,0,123
7,100.0000,6.6667,73.3333,8,30,33/33/33_Bubble/Selection/Insertion,0,123
8,100.0000,6.6667,70.0000,4,30,33/33/33_Bubble/Selection/Insertion,0,123
9,100.0000,13.3333,66.6667,8,30,33/33/33_Bubble/Selection/Insertion,0,123
10,100.0000,10.0000,63.3333,9,30,33/33/33_Bubble/Selection/Insertion,0,123
11,100.0000,16.6667,73.3333,8,30,33/33/33_Bubble/Selection/Insertion,0,123
12,100.0000,33.3333,70.0000,5,30,33/33/33_Bubble/Selection/Insertion,0,123
13,100.0000,30.0000,73.3333,7,30,33/33/33_Bubble/Selection/Insertion,0,123
14,100.0000,40.0000,76.6667,3,30,33/33/33_Bubble/Selection/Insertion,0,123
15,100.0000,40.0000,73.3333,7,30,33/33/33_Bubble/Selection/Insertion,0,123
16,100.0000,36.6667,90.0000,6,30,33/33/33_Bubble/Selection/Insertion,0,123
17,100.0000,36.6667,90.0000,1,30,33/33/33_Bubble/Selection/Insertion,0,123
18,100.0000,36.6667,86.6667,2,30,33/33/33_Bubble/Selection/Insertion,0,123
19,100.0000,33.3333,90.0000,3,30,33/33/33_Bubble/Selection/Insertion,0,123
20,100.0000,33.3333,90.0000,2,30,33/33/33_Bubble/Selection/Insertion,0,123
21,100.0000,36.6667,90.0000,2,30,33/33/33_Bubble/Selection/Insertion,0,123
22,100.0000,46.6667,90.0000,3,30,33/33/33_Bubble/Selection/Insertion,0,123
23,100.0000,53.3333,93.3333,2,30,33/33/33_Bubble/Selection/Insertion,0,123
24,100.0000,53.3333,90.0000,2,30,33/33/33_Bubble/Selection/Insertion,0,123
25,100.0000,53.3333,90.0000,1,30,33/33/33_Bubble/Selection/Insertion,0,123
26,100.0000,53.3333,86.6667,2,30,33/33/33_Bubble/Selection/Insertion,0,123
27,100.0000,53.3333,86.6667,2,30,33/33/33_Bubble/Selection/Insertion,0,123
28,100.0000,56.6667,90.0000,3,30,33/33/33_Bubble/Selection/Insertion,0,123
29,100.0000,60.0000,90.0000,2,30,33/33/33_Bubble/Selection/Insertion,0,123
30,100.0000,60.0000,86.6667,1,30,33/33/33_Bubble/Selection/Insertion,0,123
31,100.0000,66.6667,90.0000,2,30,33/33/33_Bubble/Selection/Insertion,0,123
32,100.0000,66.6667,90.0000,1,30,33/33/33_Bubble/Selection/Insertion,0,123
33,100.0000,70.0000,86.6667,2,30,33/33/33_Bubble/Selection/Insertion,0,123
34,100.0000,86.6667,93.3333,4,30,33/33/33_Bubble/Selection/Insertion,0,123
35,100.0000,100.0000,100.0000,2,30,33/33/33_Bubble/Selection/Insertion,0,123
36,100.0000,100.0000,100.0000,0,30,33/33/33_Bubble/Selection/Insertion,0,123
37,100.0000,100.0000,100.0000,0,30,33/33/33_Bubble/Selection/Insertion,0,123
38,100.0000,100.0000,100.0000,0,30,33/33/33_Bubble/Selection/Insertion,0,123
0,100.0000,3.3333,46.6667,0,30,33/33/33_Bubble/Selection/Insertion,0,789
1,100.0000,0.0000,63.3333,10,30,33/33/33_Bubble/Selection/Insertion,0,789
2,100.0000,6.6667,60.0000,9,30,33/33/33_Bubble/Selection/Insertion,0,789
3,100.0000,6.6667,70.0000,7,30,33/33/33_Bubble/Selection/Insertion,0,789
4,100.0000,3.3333,70.0000,5,30,33/33/33_Bubble/Selection/Insertion,0,789
5,100.0000,6.6667,66.6667,9,30,33/33/33_Bubble/Selection/Insertion,0,789
6,100.0000,6.6667,73.3333,6,30,33/33/33_Bubble/Selection/Insertion,0,789
7,100.0000,0.0000,66.6667,8,30,33/33/33_Bubble/Selection/Insertion,0,789
8,100.0000,0.0000,60.0000,7,30,33/33/33_Bubble/Selection/Insertion,0,789
9,100.0000,0.0000,76.6667,7,30,33/33/33_Bubble/Selection/Insertion,0,789
10,100.0000,0.0000,70.0000,7,30,33/33/33_Bubble/Selection/Insertion,0,789
11,100.0000,0.0000,73.3333,6,30,33/33/33_Bubble/Selection/Insertion,0,789
12,100.0000,0.0000,70.0000,5,30,33/33/33_Bubble/Selection/Insertion,0,789
13,100.0000,0.0000,73.3333,6,30,33/33/33_Bubble/Selection/Insertion,0,789
14,100.0000,0.0000,73.3333,7,30,33/33/33_Bubble/Selection/Insertion,0,789
15,100.0000,0.0000,73.3333,3,30,33/33/33_Bubble/Selection/Insertion,0,789
16,100.0000,0.0000,66.6667,7,30,33/33/33_Bubble/Selection/Insertion,0,789
17,100.0000,0.0000,70.0000,7,30,33/33/33_Bubble/Selection/Insertion,0,789
18,100.0000,0.0000,73.3333,6,30,33/33/33_Bubble/Selection/Insertion,0,789
19,100.0000,0.0000,70.0000,5,30,33/33/33_Bubble/Selection/Insertion,0,789
20,100.0000,0.0000,66.6667,6,30,33/33/33_Bubble/Selection/Insertion,0,789
21,100.0000,3.3333,70.0000,6,30,33/33/33_Bubble/Selection/Insertion,0,789
22,100.0000,3.3333,66.6667,7,30,33/33/33_Bubble/Selection/Insertion,0,789
23,100.0000,3.3333,63.3333,7,30,33/33/33_Bubble/Selection/Insertion,0,789
24,100.0000,6.6667,73.3333,4,30,33/33/33_Bubble/Selection/Insertion,0,789
25,100.0000,10.0000,63.3333,6,30,33/33/33_Bubble/Selection/Insertion,0,789
26,100.0000,10.0000,70.0000,7,30,33/33/33_Bubble/Selection/Insertion,0,789
27,100.0000,10.0000,70.0000,5,30,33/33/33_Bubble/Selection/Insertion,0,789
28,100.0000,10.0000,66.6667,7,30,33/33/33_Bubble/Selection/Insertion,0,789
29,100.0000,13.3333,70.0000,5,30,33/33/33_Bubble/Selection/Insertion,0,789
30,100.0000,23.3333,70.0000,7,30,33/33/33_Bubble/Selection/Insertion,0,789
31,100.0000,20.0000,76.6667,4,30,33/33/33_Bubble/Selection/Insertion,0,789
32,100.0000,23.3333,70.0000,6,30,33/33/33_Bubble/Selection/Insertion,0,789
33,100.0000,30.0000,70.0000,8,30,33/33/33_Bubble/Selection/Insertion,0,789
34,100.0000,30.0000,76.6667,5,30,33/33/33_Bubble/Selection/Insertion,0,789
35,100.0000,43.3333,80.0000,4,30,33/33/33_Bubble/Selection/Insertion,0,789
36,100.0000,43.3333,80.0000,3,30,33/33/33_Bubble/Selection/Insertion,0,789
37,100.0000,43.3333,76.6667,5,30,33/33/33_Bubble/Selection/Insertion,0,789
38,100.0000,46.6667,80.0000,3,30,33/33/33_Bubble/Selection/Insertion,0,789
39,100.0000,60.0000,83.3333,4,30,33/33/33_Bubble/Selection/Insertion,0,789
40,100.0000,80.0000,90.0000,4,30,33/33/33_Bubble/Selection/Insertion,0,789
41,100.0000,100.0000,100.0000,3,30,33/33/33_Bubble/Selection/Insertion,0,789
42,100.0000,100.0000,100.0000,0,30,33/33/33_Bubble/Selection/Insertion,0,789
43,100.0000,100.0000,100.0000,0,30,33/33/33_Bubble/Selection/Insertion,0,789
44,100.0000,100.0000,100.0000,0,30,33/33/33_Bubble/Selection/Insertion,0,789
0,100.0000,6.6667,46.6667,0,30,33/33/33_Bubble/Selection/Insertion,1,42
1,100.0000,6.6667,50.0000,9,30,33/33/33_Bubble/Selection/Insertion,1,42
2,100.0000,6.6667,63.3333,10,30,33/33/33_Bubble/Selection/Insertion,1,42
3,100.0000,6.6667,53.3333,8,30,33/33/33_Bubble/Selection/Insertion,1,42
4,100.0000,3.3333,53.3333,11,30,33/33/33_Bubble/Selection/Insertion,1,42
5,100.0000,6.6667,60.0000,10,30,33/33/33_Bubble/Selection/Insertion,1,42
6,100.0000,13.3333,56.6667,11,30,33/33/33_Bubble/Selection/Insertion,1,42
7,100.0000,6.6667,56.6667,9,30,33/33/33_Bubble/Selection/Insertion,1,42
8,100.0000,6.6667,66.6667,7,30,33/33/33_Bubble/Selection/Insertion,1,42
9,100.0000,10.0000,60.0000,8,30,33/33/33_Bubble/Selection/Insertion,1,42
10,100.0000,6.6667,63.3333,7,30,33/33/33_Bubble/Selection/Insertion,1,42
11,100.0000,6.6667,70.0000,8,30,33/33/33_Bubble/Selection/Insertion,1,42
12,100.0000,6.6667,66.6667,5,30,33/33/33_Bubble/Selection/Insertion,1,42
13,100.0000,16.6667,66.6667,9,30,33/33/33_Bubble/Selection/Insertion,1,42
14,100.0000,16.6667,66.6667,7,30,33/33/33_Bubble/Selection/Insertion,1,42
15,100.0000,16.6667,76.6667,7,30,33/33/33_Bubble/Selection/Insertion,1,42
16,100.0000,20.0000,73.3333,3,30,33/33/33_Bubble/Selection/Insertion,1,42
17,100.0000,10.0000,76.6667,6,30,33/33/33_Bubble/Selection/Insertion,1,42
18,100.0000,6.6667,73.3333,4,30,33/33/33_Bubble/Selection/Insertion,1,42
19,100.0000,10.0000,73.3333,5,30,33/33/33_Bubble/Selection/Insertion,1,42
20,100.0000,6.6667,76.6667,6,30,33/33/33_Bubble/Selection/Insertion,1,42
21,100.0000,10.0000,70.0000,5,30,33/33/33_Bubble/Selection/Insertion,1,42
22,100.0000,13.3333,70.0000,7,30,33/33/33_Bubble/Selection/Insertion,1,42
23,100.0000,6.6667,66.6667,8,30,33/33/33_Bubble/Selection/Insertion,1,42
24,100.0000,10.0000,66.6667,8,30,33/33/33_Bubble/Selection/Insertion,1,42
25,100.0000,10.0000,73.3333,6,30,33/33/33_Bubble/Selection/Insertion,1,42
26,100.0000,10.0000,76.6667,5,30,33/33/33_Bubble/Selection/Insertion,1,42
27,100.0000,10.0000,70.0000,5,30,33/33/33_Bubble/Selection/Insertion,1,42
28,100.0000,26.6667,73.3333,8,30,33/33/33_Bubble/Selection/Insertion,1,42
29,100.0000,23.3333,80.0000,6,30,33/33/33_Bubble/Selection/Insertion,1,42
30,100.0000,30.0000,73.3333,5,30,33/33/33_Bubble/Selection/Insertion,1,42
31,100.0000,36.6667,76.6667,7,30,33/33/33_Bubble/Selection/Insertion,1,42
32,100.0000,53.3333,83.3333,4,30,33/33/33_Bubble/Selection/Insertion,1,42
33,100.0000,63.3333,83.3333,4,30,33/33/33_Bubble/Selection/Insertion,1,42
34,100.0000,83.3333,93.3333,5,30,33/33/33_Bubble/Selection/Insertion,1,42
35,100.0000,93.3333,96.6667,2,30,33/33/33_Bubble/Selection/Insertion,1,42
36,100.0000,100.0000,100.0000,1,30,33/33/33_Bubble/Selection/Insertion,1,42
37,100.0000,100.0000,100.0000,0,30,33/33/33_Bubble/Selection/Insertion,1,42
38,100.0000,100.0000,100.0000,0,30,33/33/33_Bubble/Selection/Insertion,1,42
39,100.0000,100.0000,100.0000,0,30,33/33/33_Bubble/Selection/Insertion,1,42
0,100.0000,6.6667,53.3333,0,30,33/33/33_Bubble/Selection/Insertion,1,123
1,100.0000,6.6667,63.3333,8,30,33/33/33_Bubble/Selection/Insertion,1,123
2,100.0000,6.6667,56.6667,8,30,33/33/33_Bubble/Selection/Insertion,1,123
3,100.0000,0.0000,60.0000,8,30,33/33/33_Bubble/Selection/Insertion,1,123
4,100.0000,0.0000,56.6667,10,30,33/33/33_Bubble/Selection/Insertion,1,123
5,100.0000,10.0000,63.3333,9,30,33/33/33_Bubble/Selection/Insertion,1,123
6,100.0000,23.3333,60.0000,11,30,33/33/33_Bubble/Selection/Insertion,1,123
7,100.0000,13.3333,63.3333,11,30,33/33/33_Bubble/Selection/Insertion,1,123
8,100.0000,16.6667,70.0000,9,30,33/33/33_Bubble/Selection/Insertion,1,123
9,100.0000,20.0000,63.3333,8,30,33/33/33_Bubble/Selection/Insertion,1,123
10,100.0000,16.6667,73.3333,7,30,33/33/33_Bubble/Selection/Insertion,1,123
11,100.0000,16.6667,73.3333,4,30,33/33/33_Bubble/Selection/Insertion,1,123
12,100.0000,23.3333,80.0000,6,30,33/33/33_Bubble/Selection/Insertion,1,123
13,100.0000,33.3333,76.6667,6,30,33/33/33_Bubble/Selection/Insertion,1,123
14,100.0000,26.6667,86.6667,4,30,33/33/33_Bubble/Selection/Insertion,1,123
15,100.0000,33.3333,93.3333,2,30,33/33/33_Bubble/Selection/Insertion,1,123
16,100.0000,33.3333,90.0000,2,30,33/33/33_Bubble/Selection/Insertion,1,123
17,100.0000,33.3333,86.6667,2,30,33/33/33_Bubble/Selection/Insertion,1,123
18,100.0000,33.3333,86.6667,3,30,33/33/33_Bubble/Selection/Insertion,1,123
19,100.0000,33.3333,86.6667,3,30,33/33/33_Bubble/Selection/Insertion,1,123
20,100.0000,36.6667,86.6667,3,30,33/33/33_Bubble/Selection/Insertion,1,123
21,100.0000,40.0000,86.6667,2,30,33/33/33_Bubble/Selection/Insertion,1,123
22,100.0000,46.6667,86.6667,4,30,33/33/33_Bubble/Selection/Insertion,1,123
23,100.0000,50.0000,86.6667,1,30,33/33/33_Bubble/Selection/Insertion,1,123
24,100.0000,60.0000,86.6667,4,30,33/33/33_Bubble/Selection/Insertion,1,123
25,100.0000,70.0000,90.0000,3,30,33/33/33_Bubble/Selection/Insertion,1,123
26,100.0000,83.3333,93.3333,3,30,33/33/33_Bubble/Selection/Insertion,1,123
27,100.0000,93.3333,96.6667,2,30,33/33/33_Bubble/Selection/Insertion,1,123
28,100.0000,100.0000,100.0000,1,30,33/33/33_Bubble/Selection/Insertion,1,123
29,100.0000,100.0000,100.0000,0,30,33/33/33_Bubble/Selection/Insertion,1,123
30,100.0000,100.0000,100.0000,0,30,33/33/33_Bubble/Selection/Insertion,1,123
31,100.0000,100.0000,100.0000,0,30,33/33/33_Bubble/Selection/Insertion,1,123
0,100.0000,3.3333,46.6667,0,30,33/33/33_Bubble/Selection/Insertion,1,789
1,100.0000,0.0000,60.0000,9,30,33/33/33_Bubble/Selection/Insertion,1,789
2,100.0000,3.3333,56.6667,10,30,33/33/33_Bubble/Selection/Insertion,1,789
3,100.0000,3.3333,70.0000,9,30,33/33/33_Bubble/Selection/Insertion,1,789
4,100.0000,13.3333,60.0000,6,30,33/33/33_Bubble/Selection/Insertion,1,789
5,100.0000,3.3333,66.6667,8,30,33/33/33_Bubble/Selection/Insertion,1,789
6,100.0000,3.3333,63.3333,4,30,33/33/33_Bubble/Selection/Insertion,1,789
7,100.0000,0.0000,66.6667,9,30,33/33/33_Bubble/Selection/Insertion,1,789
8,100.0000,0.0000,63.3333,7,30,33/33/33_Bubble/Selection/Insertion,1,789
9,100.0000,0.0000,66.6667,7,30,33/33/33_Bubble/Selection/Insertion,1,789
10,100.0000,0.0000,66.6667,6,30,33/33/33_Bubble/Selection/Insertion,1,789
11,100.0000,0.0000,60.0000,6,30,33/33/33_Bubble/Selection/Insertion,1,789
12,100.0000,0.0000,63.3333,6,30,33/33/33_Bubble/Selection/Insertion,1,789
13,100.0000,0.0000,73.3333,8,30,33/33/33_Bubble/Selection/Insertion,1,789
14,100.0000,0.0000,63.3333,8,30,33/33/33_Bubble/Selection/Insertion,1,789
15,100.0000,0.0000,66.6667,8,30,33/33/33_Bubble/Selection/Insertion,1,789
16,100.0000,0.0000,70.0000,5,30,33/33/33_Bubble/Selection/Insertion,1,789
17,100.0000,0.0000,70.0000,6,30,33/33/33_Bubble/Selection/Insertion,1,789
18,100.0000,0.0000,70.0000,7,30,33/33/33_Bubble/Selection/Insertion,1,789
19,100.0000,0.0000,63.3333,9,30,33/33/33_Bubble/Selection/Insertion,1,789
20,100.0000,3.3333,70.0000,8,30,33/33/33_Bubble/Selection/Insertion,1,789
21,100.0000,6.6667,70.0000,5,30,33/33/33_Bubble/Selection/Insertion,1,789
22,100.0000,6.6667,73.3333,5,30,33/33/33_Bubble/Selection/Insertion,1,789
23,100.0000,10.0000,66.6667,7,30,33/33/33_Bubble/Selection/Insertion,1,789
24,100.0000,6.6667,70.0000,8,30,33/33/33_Bubble/Selection/Insertion,1,789
25,100.0000,10.0000,70.0000,7,30,33/33/33_Bubble/Selection/Insertion,1,789
26,100.0000,13.3333,70.0000,7,30,33/33/33_Bubble/Selection/Insertion,1,789
27,100.0000,13.3333,73.3333,6,30,33/33/33_Bubble/Selection/Insertion,1,789
28,100.0000,16.6667,73.3333,6,30,33/33/33_Bubble/Selection/Insertion,1,789
29,100.0000,16.6667,73.3333,7,30,33/33/33_Bubble/Selection/Insertion,1,789
30,100.0000,20.0000,73.3333,7,30,33/33/33_Bubble/Selection/Insertion,1,789
31,100.0000,23.3333,66.6667,6,30,33/33/33_Bubble/Selection/Insertion,1,789
32,100.0000,26.6667,73.3333,5,30,33/33/33_Bubble/Selection/Insertion,1,789
33,100.0000,40.0000,80.0000,3,30,33/33/33_Bubble/Selection/Insertion,1,789
34,100.0000,46.6667,80.0000,3,30,33/33/33_Bubble/Selection/Insertion,1,789
35,100.0000,46.6667,76.6667,4,30,33/33/33_Bubble/Selection/Insertion,1,789
36,100.0000,73.3333,90.0000,5,30,33/33/33_Bubble/Selection/Insertion,1,789
37,100.0000,80.0000,93.3333,2,30,33/33/33_Bubble/Selection/Insertion,1,789
38,100.0000,90.0000,96.6667,2,30,33/33/33_Bubble/Selection/Insertion,1,789
39,100.0000,93.3333,96.6667,1,30,33/33/33_Bubble/Selection/Insertion,1,789
40,100.0000,93.3333,96.6667,0,30,33/33/33_Bubble/Selection/Insertion,1,789
41,100.0000,100.0000,100.0000,1,30,33/33/33_Bubble/Selection/Insertion,1,789
42,100.0000,100.0000,100.0000,0,30,33/33/33_Bubble/Selection/Insertion,1,789
43,100.0000,100.0000,100.0000,0,30,33/33/33_Bubble/Selection/Insertion,1,789
44,100.0000,100.0000,100.0000,0,30,33/33/33_Bubble/Selection/Insertion,1,789
0,100.0000,6.6667,46.6667,0,30,33/33/33_Bubble/Selection/Insertion,3,42
1,100.0000,10.0000,53.3333,11,30,33/33/33_Bubble/Selection/Insertion,3,42
2,100.0000,6.6667,66.6667,8,30,33/33/33_Bubble/Selection/Insertion,3,42
3,100.0000,6.6667,60.0000,7,30,33/33/33_Bubble/Selection/Insertion,3,42
4,100.0000,3.3333,56.6667,10,30,33/33/33_Bubble/Selection/Insertion,3,42
5,100.0000,10.0000,60.0000,8,30,33/33/33_Bubble/Selection/Insertion,3,42
6,100.0000,10.0000,70.0000,7,30,33/33/33_Bubble/Selection/Insertion,3,42
7,100.0000,13.3333,60.0000,9,30,33/33/33_Bubble/Selection/Insertion,3,42
8,100.0000,13.3333,66.6667,8,30,33/33/33_Bubble/Selection/Insertion,3,42
9,100.0000,13.3333,60.0000,9,30,33/33/33_Bubble/Selection/Insertion,3,42
10,100.0000,13.3333,66.6667,7,30,33/33/33_Bubble/Selection/Insertion,3,42
11,100.0000,10.0000,76.6667,6,30,33/33/33_Bubble/Selection/Insertion,3,42
12,100.0000,13.3333,73.3333,5,30,33/33/33_Bubble/Selection/Insertion,3,42
13,100.0000,13.3333,66.6667,7,30,33/33/33_Bubble/Selection/Insertion,3,42
14,100.0000,10.0000,70.0000,8,30,33/33/33_Bubble/Selection/Insertion,3,42
15,100.0000,10.0000,73.3333,5,30,33/33/33_Bubble/Selection/Insertion,3,42
16,100.0000,10.0000,66.6667,5,30,33/33/33_Bubble/Selection/Insertion,3,42
17,100.0000,6.6667,70.0000,9,30,33/33/33_Bubble/Selection/Insertion,3,42
18,100.0000,10.0000,66.6667,8,30,33/33/33_Bubble/Selection/Insertion,3,42
19,100.0000,6.6667,76.6667,6,30,33/33/33_Bubble/Selection/Insertion,3,42
20,100.0000,10.0000,66.6667,7,30,33/33/33_Bubble/Selection/Insertion,3,42
21,100.0000,10.0000,73.3333,4,30,33/33/33_Bubble/Selection/Insertion,3,42
22,100.0000,10.0000,83.3333,6,30,33/33/33_Bubble/Selection/Insertion,3,42
23,100.0000,10.0000,80.0000,3,30,33/33/33_Bubble/Selection/Insertion,3,42
24,100.0000,6.6667,80.0000,5,30,33/33/33_Bubble/Selection/Insertion,3,42
25,100.0000,10.0000,80.0000,5,30,33/33/33_Bubble/Selection/Insertion,3,42
26,100.0000,10.0000,83.3333,5,30,33/33/33_Bubble/Selection/Insertion,3,42
27,100.0000,10.0000,80.0000,3,30,33/33/33_Bubble/Selection/Insertion,3,42
28,100.0000,10.0000,80.0000,3,30,33/33/33_Bubble/Selection/Insertion,3,42
29,100.0000,16.6667,80.0000,6,30,33/33/33_Bubble/Selection/Insertion,3,42
30,100.0000,16.6667,80.0000,5,30,33/33/33_Bubble/Selection/Insertion,3,42
31,100.0000,16.6667,80.0000,4,30,33/33/33_Bubble/Selection/Insertion,3,42
32,100.0000,20.0000,80.0000,4,30,33/33/33_Bubble/Selection/Insertion,3,42
33,100.0000,30.0000,86.6667,4,30,33/33/33_Bubble/Selection/Insertion,3,42
34,100.0000,30.0000,83.3333,2,30,33/33/33_Bubble/Selection/Insertion,3,42
35,100.0000,33.3333,80.0000,3,30,33/33/33_Bubble/Selection/Insertion,3,42
36,100.0000,46.6667,86.6667,5,30,33/33/33_Bubble/Selection/Insertion,3,42
37,100.0000,50.0000,86.6667,2,30,33/33/33_Bubble/Selection/Insertion,3,42
38,100.0000,56.6667,86.6667,3,30,33/33/33_Bubble/Selection/Insertion,3,42
39,100.0000,70.0000,93.3333,2,30,33/33/33_Bubble/Selection/Insertion,3,42
40,100.0000,73.3333,93.3333,2,30,33/33/33_Bubble/Selection/Insertion,3,42
41,100.0000,73.3333,90.0000,2,30,33/33/33_Bubble/Selection/Insertion,3,42
42,100.0000,76.6667,90.0000,3,30,33/33/33_Bubble/Selection/Insertion,3,42
43,100.0000,83.3333,93.3333,2,30,33/33/33_Bubble/Selection/Insertion,3,42
44,100.0000,93.3333,96.6667,2,30,33/33/33_Bubble/Selection/Insertion,3,42
45,100.0000,100.0000,100.0000,1,30,33/33/33_Bubble/Selection/Insertion,3,42
46,100.0000,100.0000,100.0000,0,30,33/33/33_Bubble/Selection/Insertion,3,42
47,100.0000,100.0000,100.0000,0,30,33/33/33_Bubble/Selection/Insertion,3,42
48,100.0000,100.0000,100.0000,0,30,33/33/33_Bubble/Selection/Insertion,3,42
0,100.0000,6.6667,53.3333,0,30,33/33/33_Bubble/Selection/Insertion,3,123
1,100.0000,6.6667,63.3333,10,30,33/33/33_Bubble/Selection/Insertion,3,123
2,100.0000,0.0000,70.0000,6,30,33/33/33_Bubble/Selection/Insertion,3,123
3,100.0000,0.0000,66.6667,7,30,33/33/33_Bubble/Selection/Insertion,3,123
4,100.0000,6.6667,66.6667,6,30,33/33/33_Bubble/Selection/Insertion,3,123
5,100.0000,6.6667,70.0000,7,30,33/33/33_Bubble/Selection/Insertion,3,123
6,100.0000,16.6667,63.3333,7,30,33/33/33_Bubble/Selection/Insertion,3,123
7,100.0000,16.6667,63.3333,6,30,33/33/33_Bubble/Selection/Insertion,3,123
8,100.0000,16.6667,63.3333,9,30,33/33/33_Bubble/Selection/Insertion,3,123
9,100.0000,13.3333,66.6667,9,30,33/33/33_Bubble/Selection/Insertion,3,123
10,100.0000,10.0000,70.0000,6,30,33/33/33_Bubble/Selection/Insertion,3,123
11,100.0000,20.0000,73.3333,7,30,33/33/33_Bubble/Selection/Insertion,3,123
12,100.0000,16.6667,70.0000,6,30,33/33/33_Bubble/Selection/Insertion,3,123
13,100.0000,23.3333,80.0000,8,30,33/33/33_Bubble/Selection/Insertion,3,123
14,100.0000,20.0000,86.6667,3,30,33/33/33_Bubble/Selection/Insertion,3,123
15,100.0000,23.3333,76.6667,4,30,33/33/33_Bubble/Selection/Insertion,3,123
16,100.0000,20.0000,86.6667,5,30,33/33/33_Bubble/Selection/Insertion,3,123
17,100.0000,23.3333,83.3333,3,30,33/33/33_Bubble/Selection/Insertion,3,123
18,100.0000,23.3333,80.0000,4,30,33/33/33_Bubble/Selection/Insertion,3,123
19,100.0000,30.0000,76.6667,5,30,33/33/33_Bubble/Selection/Insertion,3,123
20,100.0000,36.6667,86.6667,4,30,33/33/33_Bubble/Selection/Insertion,3,123
21,100.0000,40.0000,83.3333,3,30,33/33/33_Bubble/Selection/Insertion,3,123
22,100.0000,46.6667,83.3333,4,30,33/33/33_Bubble/Selection/Insertion,3,123
23,100.0000,53.3333,83.3333,4,30,33/33/33_Bubble/Selection/Insertion,3,123
24,100.0000,60.0000,86.6667,1,30,33/33/33_Bubble/Selection/Insertion,3,123
25,100.0000,66.6667,86.6667,3,30,33/33/33_Bubble/Selection/Insertion,3,123
26,100.0000,76.6667,90.0000,3,30,33/33/33_Bubble/Selection/Insertion,3,123
27,100.0000,93.3333,96.6667,3,30,33/33/33_Bubble/Selection/Insertion,3,123
28,100.0000,100.0000,100.0000,1,30,33/33/33_Bubble/Selection/Insertion,3,123
29,100.0000,100.0000,100.0000,0,30,33/33/33_Bubble/Selection/Insertion,3,123
30,100.0000,100.0000,100.0000,0,30,33/33/33_Bubble/Selection/Insertion,3,123
31,100.0000,100.0000,100.0000,0,30,33/33/33_Bubble/Selection/Insertion,3,123
0,100.0000,3.3333,46.6667,0,30,33/33/33_Bubble/Selection/Insertion,3,789
1,100.0000,0.0000,63.3333,10,30,33/33/33_Bubble/Selection/Insertion,3,789
2,100.0000,3.3333,53.3333,8,30,33/33/33_Bubble/Selection/Insertion,3,789
3,100.0000,6.6667,63.3333,9,30,33/33/33_Bubble/Selection/Insertion,3,789
4,100.0000,6.6667,66.6667,7,30,33/33/33_Bubble/Selection/Insertion,3,789
5,100.0000,6.6667,63.3333,6,30,33/33/33_Bubble/Selection/Insertion,3,789
6,100.0000,3.3333,63.3333,6,30,33/33/33_Bubble/Selection/Insertion,3,789
7,100.0000,0.0000,63.3333,9,30,33/33/33_Bubble/Selection/Insertion,3,789
8,100.0000,0.0000,63.3333,8,30,33/33/33_Bubble/Selection/Insertion,3,789
9,100.0000,0.0000,70.0000,7,30,33/33/33_Bubble/Selection/Insertion,3,789
10,100.0000,0.0000,63.3333,7,30,33/33/33_Bubble/Selection/Insertion,3,789
11,100.0000,0.0000,73.3333,6,30,33/33/33_Bubble/Selection/Insertion,3,789
12,100.0000,0.0000,70.0000,7,30,33/33/33_Bubble/Selection/Insertion,3,789
13,100.0000,0.0000,70.0000,7,30,33/33/33_Bubble/Selection/Insertion,3,789
14,100.0000,0.0000,73.3333,8,30,33/33/33_Bubble/Selection/Insertion,3,789
15,100.0000,0.0000,70.0000,5,30,33/33/33_Bubble/Selection/Insertion,3,789
16,100.0000,0.0000,73.3333,7,30,33/33/33_Bubble/Selection/Insertion,3,789
17,100.0000,0.0000,70.0000,6,30,33/33/33_Bubble/Selection/Insertion,3,789
18,100.0000,0.0000,73.3333,5,30,33/33/33_Bubble/Selection/Insertion,3,789
19,100.0000,0.0000,70.0000,7,30,33/33/33_Bubble/Selection/Insertion,3,789
20,100.0000,0.0000,66.6667,8,30,33/33/33_Bubble/Selection/Insertion,3,789
21,100.0000,0.0000,63.3333,8,30,33/33/33_Bubble/Selection/Insertion,3,789
22,100.0000,3.3333,66.6667,9,30,33/33/33_Bubble/Selection/Insertion,3,789
23,100.0000,6.6667,63.3333,8,30,33/33/33_Bubble/Selection/Insertion,3,789
24,100.0000,13.3333,70.0000,6,30,33/33/33_Bubble/Selection/Insertion,3,789
25,100.0000,16.6667,66.6667,8,30,33/33/33_Bubble/Selection/Insertion,3,789
26,100.0000,20.0000,66.6667,7,30,33/33/33_Bubble/Selection/Insertion,3,789
27,100.0000,26.6667,70.0000,9,30,33/33/33_Bubble/Selection/Insertion,3,789
28,100.0000,20.0000,80.0000,7,30,33/33/33_Bubble/Selection/Insertion,3,789
29,100.0000,30.0000,80.0000,5,30,33/33/33_Bubble/Selection/Insertion,3,789
30,100.0000,33.3333,83.3333,6,30,33/33/33_Bubble/Selection/Insertion,3,789
31,100.0000,33.3333,83.3333,4,30,33/33/33_Bubble/Selection/Insertion,3,789
32,100.0000,33.3333,76.6667,4,30,33/33/33_Bubble/Selection/Insertion,3,789
33,100.0000,43.3333,83.3333,5,30,33/33/33_Bubble/Selection/Insertion,3,789
34,100.0000,53.3333,83.3333,4,30,33/33/33_Bubble/Selection/Insertion,3,789
35,100.0000,70.0000,86.6667,5,30,33/33/33_Bubble/Selection/Insertion,3,789
36,100.0000,86.6667,93.3333,3,30,33/33/33_Bubble/Selection/Insertion,3,789
37,100.0000,93.3333,96.6667,1,30,33/33/33_Bubble/Selection/Insertion,3,789
38,100.0000,100.0000,100.0000,1,30,33/33/33_Bubble/Selection/Insertion,3,789
39,100.0000,100.0000,100.0000,0,30,33/33/33_Bubble/Selection/Insertion,3,789
40,100.0000,100.0000,100.0000,0,30,33/33/33_Bubble/Selection/Insertion,3,789
41,100.0000,100.0000,100.0000,0,30,33/33/33_Bubble/Selection/Insertion,3,789
0,100.0000,2.0000,54.0000,0,50,100%_Bubble,0,42
1,100.0000,4.0000,54.0000,15,50,100%_Bubble,0,42
2,100.0000,2.0000,50.0000,18,50,100%_Bubble,0,42
3,100.0000,2.0000,54.0000,16,50,100%_Bubble,0,42
4,100.0000,0.0000,58.0000,13,50,100%_Bubble,0,42
5,100.0000,2.0000,60.0000,16,50,100%_Bubble,0,42
6,100.0000,0.0000,56.0000,16,50,100%_Bubble,0,42
7,100.0000,6.0000,56.0000,16,50,100%_Bubble,0,42
8,100.0000,4.0000,60.0000,15,50,100%_Bubble,0,42
9,100.0000,0.0000,56.0000,16,50,100%_Bubble,0,42
10,100.0000,2.0000,62.0000,14,50,100%_Bubble,0,42
11,100.0000,0.0000,62.0000,14,50,100%_Bubble,0,42
12,100.0000,0.0000,56.0000,15,50,100%_Bubble,0,42
13,100.0000,2.0000,62.0000,14,50,100%_Bubble,0,42
14,100.0000,2.0000,68.0000,14,50,100%_Bubble,0,42
15,100.0000,4.0000,64.0000,10,50,100%_Bubble,0,42
16,100.0000,4.0000,74.0000,9,50,100%_Bubble,0,42
17,100.0000,6.0000,70.0000,9,50,100%_Bubble,0,42
18,100.0000,2.0000,66.0000,11,50,100%_Bubble,0,42
19,100.0000,0.0000,66.0000,14,50,100%_Bubble,0,42
20,100.0000,2.0000,66.0000,14,50,100%_Bubble,0,42
21,100.0000,8.0000,64.0000,14,50,100%_Bubble,0,42
22,100.0000,8.0000,70.0000,8,50,100%_Bubble,0,42
23,100.0000,8.0000,64.0000,8,50,100%_Bubble,0,42
24,100.0000,8.0000,66.0000,14,50,100%_Bubble,0,42
25,100.0000,12.0000,64.0000,13,50,100%_Bubble,0,42
26,100.0000,10.0000,70.0000,13,50,100%_Bubble,0,42
27,100.0000,8.0000,78.0000,8,50,100%_Bubble,0,42
28,100.0000,8.0000,72.0000,7,50,100%_Bubble,0,42
29,100.0000,8.0000,76.0000,9,50,100%_Bubble,0,42
30,100.0000,8.0000,82.0000,8,50,100%_Bubble,0,42
31,100.0000,6.0000,76.0000,8,50,100%_Bubble,0,42
32,100.0000,8.0000,76.0000,8,50,100%_Bubble,0,42
33,100.0000,6.0000,72.0000,6,50,100%_Bubble,0,42
34,100.0000,6.0000,76.0000,8,50,100%_Bubble,0,42
35,100.0000,6.0000,72.0000,6,50,100%_Bubble,0,42
36,100.0000,8.0000,76.0000,10,50,100%_Bubble,0,42
37,100.0000,10.0000,74.0000,9,50,100%_Bubble,0,42
38,100.0000,10.0000,70.0000,10,50,100%_Bubble,0,42
39,100.0000,10.0000,72.0000,11,50,100%_Bubble,0,42
40,100.0000,10.0000,74.0000,10,50,100%_Bubble,0,42
41,100.0000,10.0000,74.0000,11,50,100%_Bubble,0,42
42,100.0000,8.0000,74.0000,12,50,100%_Bubble,0,42
43,100.0000,8.0000,74.0000,9,50,100%_Bubble,0,42
44,100.0000,8.0000,76.0000,11,50,100%_Bubble,0,42
45,100.0000,12.0000,80.0000,11,50,100%_Bubble,0,42
46,100.0000,10.0000,82.0000,6,50,100%_Bubble,0,42
47,100.0000,14.0000,84.0000,6,50,100%_Bubble,0,42
48,100.0000,16.0000,84.0000,7,50,100%_Bubble,0,42
49,100.0000,18.0000,82.0000,7,50,100%_Bubble,0,42
50,100.0000,20.0000,82.0000,4,50,100%_Bubble,0,42
51,100.0000,28.0000,84.0000,8,50,100%_Bubble,0,42
52,100.0000,30.0000,84.0000,6,50,100%_Bubble,0,42
53,100.0000,32.0000,86.0000,4,50,100%_Bubble,0,42
54,100.0000,40.0000,88.0000,6,50,100%_Bubble,0,42
55,100.0000,46.0000,90.0000,5,50,100%_Bubble,0,42
56,100.0000,50.0000,90.0000,3,50,100%_Bubble,0,42
57,100.0000,54.0000,88.0000,5,50,100%_Bubble,0,42
58,100.0000,60.0000,88.0000,5,50,100%_Bubble,0,42
59,100.0000,72.0000,94.0000,6,50,100%_Bubble,0,42
60,100.0000,74.0000,94.0000,2,50,100%_Bubble,0,42
61,100.0000,76.0000,94.0000,2,50,100%_Bubble,0,42
62,100.0000,82.0000,96.0000,3,50,100%_Bubble,0,42
63,100.0000,84.0000,96.0000,2,50,100%_Bubble,0,42
64,100.0000,86.0000,96.0000,2,50,100%_Bubble,0,42
65,100.0000,86.0000,96.0000,1,50,100%_Bubble,0,42
66,100.0000,88.0000,96.0000,2,50,100%_Bubble,0,42
67,100.0000,92.0000,96.0000,2,50,100%_Bubble,0,42
68,100.0000,100.0000,100.0000,2,50,100%_Bubble,0,42
69,100.0000,100.0000,100.0000,0,50,100%_Bubble,0,42
70,100.0000,100.0000,100.0000,0,50,100%_Bubble,0,42
71,100.0000,100.0000,100.0000,0,50,100%_Bubble,0,42
0,100.0000,2.0000,54.0000,0,50,100%_Bubble,0,123
1,100.0000,6.0000,62.0000,13,50,100%_Bubble,0,123
2,100.0000,4.0000,62.0000,14,50,100%_Bubble,0,123
3,100.0000,4.0000,60.0000,16,50,100%_Bubble,0,123
4,100.0000,4.0000,56.0000,13,50,100%_Bubble,0,123
5,100.0000,2.0000,62.0000,14,50,100%_Bubble,0,123
6,100.0000,2.0000,60.0000,12,50,100%_Bubble,0,123
7,100.0000,4.0000,62.0000,14,50,100%_Bubble,0,123
8,100.0000,6.0000,68.0000,15,50,100%_Bubble,0,123
9,100.0000,4.0000,70.0000,11,50,100%_Bubble,0,123
10,100.0000,6.0000,68.0000,9,50,100%_Bubble,0,123
11,100.0000,4.0000,64.0000,12,50,100%_Bubble,0,123
12,100.0000,2.0000,64.0000,12,50,100%_Bubble,0,123
13,100.0000,2.0000,68.0000,14,50,100%_Bubble,0,123
14,100.0000,2.0000,70.0000,12,50,100%_Bubble,0,123
15,100.0000,2.0000,72.0000,10,50,100%_Bubble,0,123
16,100.0000,2.0000,68.0000,12,50,100%_Bubble,0,123
17,100.0000,6.0000,66.0000,12,50,100%_Bubble,0,123
18,100.0000,6.0000,74.0000,9,50,100%_Bubble,0,123
19,100.0000,6.0000,68.0000,11,50,100%_Bubble,0,123
20,100.0000,4.0000,70.0000,9,50,100%_Bubble,0,123
21,100.0000,4.0000,64.0000,11,50,100%_Bubble,0,123
22,100.0000,2.0000,74.0000,10,50,100%_Bubble,0,123
23,100.0000,2.0000,72.0000,7,50,100%_Bubble,0,123
24,100.0000,8.0000,66.0000,9,50,100%_Bubble,0,123
25,100.0000,6.0000,70.0000,10,50,100%_Bubble,0,123
26,100.0000,10.0000,70.0000,9,50,100%_Bubble,0,123
27,100.0000,6.0000,72.0000,10,50,100%_Bubble,0,123
28,100.0000,4.0000,72.0000,12,50,100%_Bubble,0,123
29,100.0000,4.0000,70.0000,7,50,100%_Bubble,0,123
30,100.0000,8.0000,76.0000,10,50,100%_Bubble,0,123
31,100.0000,6.0000,74.0000,9,50,100%_Bubble,0,123
32,100.0000,8.0000,72.0000,9,50,100%_Bubble,0,123
33,100.0000,8.0000,72.0000,12,50,100%_Bubble,0,123
34,100.0000,4.0000,78.0000,10,50,100%_Bubble,0,123
35,100.0000,4.0000,76.0000,8,50,100%_Bubble,0,123
36,100.0000,4.0000,72.0000,9,50,100%_Bubble,0,123
37,100.0000,6.0000,78.0000,12,50,100%_Bubble,0,123
38,100.0000,10.0000,82.0000,6,50,100%_Bubble,0,123
39,100.0000,14.0000,80.0000,6,50,100%_Bubble,0,123
40,100.0000,12.0000,78.0000,8,50,100%_Bubble,0,123
41,100.0000,12.0000,76.0000,8,50,100%_Bubble,0,123
42,100.0000,14.0000,80.0000,6,50,100%_Bubble,0,123
43,100.0000,16.0000,82.0000,5,50,100%_Bubble,0,123
44,100.0000,16.0000,78.0000,9,50,100%_Bubble,0,123
45,100.0000,16.0000,82.0000,8,50,100%_Bubble,0,123
46,100.0000,16.0000,78.0000,8,50,100%_Bubble,0,123
47,100.0000,18.0000,80.0000,7,50,100%_Bubble,0,123
48,100.0000,18.0000,76.0000,5,50,100%_Bubble,0,123
49,100.0000,20.0000,76.0000,8,50,100%_Bubble,0,123
50,100.0000,26.0000,82.0000,8,50,100%_Bubble,0,123
51,100.0000,26.0000,78.0000,7,50,100%_Bubble,0,123
52,100.0000,32.0000,78.0000,8,50,100%_Bubble,0,123
53,100.0000,48.0000,86.0000,8,50,100%_Bubble,0,123
54,100.0000,56.0000,88.0000,6,50,100%_Bubble,0,123
55,100.0000,58.0000,88.0000,3,50,100%_Bubble,0,123
56,100.0000,62.0000,92.0000,4,50,100%_Bubble,0,123
57,100.0000,66.0000,92.0000,3,50,100%_Bubble,0,123
58,100.0000,72.0000,94.0000,4,50,100%_Bubble,0,123
59,100.0000,74.0000,94.0000,2,50,100%_Bubble,0,123
60,100.0000,78.0000,94.0000,3,50,100%_Bubble,0,123
61,100.0000,78.0000,94.0000,1,50,100%_Bubble,0,123
62,100.0000,80.0000,94.0000,1,50,100%_Bubble,0,123
63,100.0000,88.0000,96.0000,3,50,100%_Bubble,0,123
64,100.0000,94.0000,98.0000,2,50,100%_Bubble,0,123
65,100.0000,94.0000,98.0000,0,50,100%_Bubble,0,123
66,100.0000,94.0000,98.0000,0,50,100%_Bubble,0,123
67,100.0000,96.0000,98.0000,1,50,100%_Bubble,0,123
68,100.0000,100.0000,100.0000,1,50,100%_Bubble,0,123
69,100.0000,100.0000,100.0000,0,50,100%_Bubble,0,123
70,100.0000,100.0000,100.0000,0,50,100%_Bubble,0,123
71,100.0000,100.0000,100.0000,0,50,100%_Bubble,0,123
0,100.0000,6.0000,46.0000,0,50,100%_Bubble,0,789
1,100.0000,0.0000,62.0000,16,50,100%_Bubble,0,789
2,100.0000,0.0000,58.0000,16,50,100%_Bubble,0,789
3,100.0000,2.0000,60.0000,16,50,100%_Bubble,0,789
4,100.0000,4.0000,56.0000,14,50,100%_Bubble,0,789
5,100.0000,4.0000,58.0000,14,50,100%_Bubble,0,789
6,100.0000,0.0000,62.0000,15,50,100%_Bubble,0,789
7,100.0000,2.0000,64.0000,13,50,100%_Bubble,0,789
8,100.0000,4.0000,56.0000,14,50,100%_Bubble,0,789
9,100.0000,0.0000,58.0000,13,50,100%_Bubble,0,789
10,100.0000,0.0000,58.0000,17,50,100%_Bubble,0,789
11,100.0000,0.0000,62.0000,13,50,100%_Bubble,0,789
12,100.0000,0.0000,60.0000,13,50,100%_Bubble,0,789
13,100.0000,0.0000,62.0000,13,50,100%_Bubble,0,789
14,100.0000,4.0000,66.0000,10,50,100%_Bubble,0,789
15,100.0000,4.0000,64.0000,12,50,100%_Bubble,0,789
16,100.0000,4.0000,60.0000,13,50,100%_Bubble,0,789
17,100.0000,4.0000,60.0000,16,50,100%_Bubble,0,789
18,100.0000,2.0000,62.0000,13,50,100%_Bubble,0,789
19,100.0000,2.0000,70.0000,14,50,100%_Bubble,0,789
20,100.0000,0.0000,76.0000,12,50,100%_Bubble,0,789
21,100.0000,0.0000,72.0000,9,50,100%_Bubble,0,789
22,100.0000,2.0000,72.0000,8,50,100%_Bubble,0,789
23,100.0000,0.0000,76.0000,10,50,100%_Bubble,0,789
24,100.0000,0.0000,76.0000,8,50,100%_Bubble,0,789
25,100.0000,0.0000,72.0000,8,50,100%_Bubble,0,789
26,100.0000,0.0000,74.0000,12,50,100%_Bubble,0,789
27,100.0000,0.0000,72.0000,10,50,100%_Bubble,0,789
28,100.0000,4.0000,72.0000,10,50,100%_Bubble,0,789
29,100.0000,8.0000,70.0000,10,50,100%_Bubble,0,789
30,100.0000,8.0000,72.0000,10,50,100%_Bubble,0,789
31,100.0000,8.0000,68.0000,9,50,100%_Bubble,0,789
32,100.0000,6.0000,72.0000,11,50,100%_Bubble,0,789
33,100.0000,8.0000,70.0000,6,50,100%_Bubble,0,789
34,100.0000,10.0000,70.0000,9,50,100%_Bubble,0,789
35,100.0000,10.0000,72.0000,8,50,100%_Bubble,0,789
36,100.0000,8.0000,68.0000,9,50,100%_Bubble,0,789
37,100.0000,8.0000,68.0000,12,50,100%_Bubble,0,789
38,100.0000,10.0000,74.0000,13,50,100%_Bubble,0,789
39,100.0000,14.0000,74.0000,12,50,100%_Bubble,0,789
40,100.0000,14.0000,74.0000,9,50,100%_Bubble,0,789
41,100.0000,16.0000,74.0000,10,50,100%_Bubble,0,789
42,100.0000,20.0000,78.0000,9,50,100%_Bubble,0,789
43,100.0000,24.0000,78.0000,10,50,100%_Bubble,0,789
44,100.0000,18.0000,80.0000,9,50,100%_Bubble,0,789
45,100.0000,18.0000,80.0000,6,50,100%_Bubble,0,789
46,100.0000,22.0000,84.0000,6,50,100%_Bubble,0,789
47,100.0000,24.0000,80.0000,6,50,100%_Bubble,0,789
48,100.0000,26.0000,80.0000,8,50,100%_Bubble,0,789
49,100.0000,30.0000,86.0000,4,50,100%_Bubble,0,789
50,100.0000,40.0000,82.0000,7,50,100%_Bubble,0,789
51,100.0000,56.0000,86.0000,9,50,100%_Bubble,0,789
52,100.0000,62.0000,86.0000,5,50,100%_Bubble,0,789
53,100.0000,74.0000,90.0000,7,50,100%_Bubble,0,789
54,100.0000,78.0000,92.0000,3,50,100%_Bubble,0,789
55,100.0000,86.0000,94.0000,4,50,100%_Bubble,0,789
56,100.0000,94.0000,98.0000,2,50,100%_Bubble,0,789
57,100.0000,94.0000,98.0000,0,50,100%_Bubble,0,789
58,100.0000,96.0000,98.0000,1,50,100%_Bubble,0,789
59,100.0000,96.0000,98.0000,0,50,100%_Bubble,0,789
60,100.0000,100.0000,100.0000,1,50,100%_Bubble,0,789
61,100.0000,100.0000,100.0000,0,50,100%_Bubble,0,789
62,100.0000,100.0000,100.0000,0,50,100%_Bubble,0,789
63,100.0000,100.0000,100.0000,0,50,100%_Bubble,0,789
0,100.0000,2.0000,54.0000,0,50,100%_Bubble,1,42
1,100.0000,0.0000,58.0000,13,50,100%_Bubble,1,42
2,100.0000,6.0000,58.0000,15,50,100%_Bubble,1,42
3,100.0000,4.0000,50.0000,17,50,100%_Bubble,1,42
4,100.0000,2.0000,68.0000,17,50,100%_Bubble,1,42
5,100.0000,4.0000,58.0000,10,50,100%_Bubble,1,42
6,100.0000,0.0000,60.0000,12,50,100%_Bubble,1,42
7,100.0000,0.0000,64.0000,13,50,100%_Bubble,1,42
8,100.0000,2.0000,58.0000,15,50,100%_Bubble,1,42
9,100.0000,0.0000,62.0000,13,50,100%_Bubble,1,42
10,100.0000,0.0000,64.0000,12,50,100%_Bubble,1,42
11,100.0000,0.0000,64.0000,14,50,100%_Bubble,1,42
12,100.0000,2.0000,64.0000,13,50,100%_Bubble,1,42
13,100.0000,2.0000,58.0000,14,50,100%_Bubble,1,42
14,100.0000,0.0000,66.0000,10,50,100%_Bubble,1,42
15,100.0000,0.0000,66.0000,11,50,100%_Bubble,1,42
16,100.0000,0.0000,60.0000,11,50,100%_Bubble,1,42
17,100.0000,2.0000,66.0000,13,50,100%_Bubble,1,42
18,100.0000,2.0000,62.0000,14,50,100%_Bubble,1,42
19,100.0000,6.0000,64.0000,14,50,100%_Bubble,1,42
20,100.0000,8.0000,70.0000,13,50,100%_Bubble,1,42
21,100.0000,6.0000,72.0000,11,50,100%_Bubble,1,42
22,100.0000,8.0000,68.0000,12,50,100%_Bubble,1,42
23,100.0000,8.0000,72.0000,12,50,100%_Bubble,1,42
24,100.0000,8.0000,68.0000,10,50,100%_Bubble,1,42
25,100.0000,12.0000,74.0000,11,50,100%_Bubble,1,42
26,100.0000,10.0000,66.0000,12,50,100%_Bubble,1,42
27,100.0000,14.0000,74.0000,10,50,100%_Bubble,1,42
28,100.0000,8.0000,70.0000,10,50,100%_Bubble,1,42
29,100.0000,6.0000,70.0000,11,50,100%_Bubble,1,42
30,100.0000,6.0000,72.0000,9,50,100%_Bubble,1,42
31,100.0000,6.0000,72.0000,9,50,100%_Bubble,1,42
32,100.0000,10.0000,68.0000,11,50,100%_Bubble,1,42
33,100.0000,10.0000,68.0000,11,50,100%_Bubble,1,42
34,100.0000,12.0000,70.0000,11,50,100%_Bubble,1,42
35,100.0000,14.0000,68.0000,13,50,100%_Bubble,1,42
36,100.0000,8.0000,74.0000,11,50,100%_Bubble,1,42
37,100.0000,6.0000,74.0000,10,50,100%_Bubble,1,42
38,100.0000,6.0000,76.0000,10,50,100%_Bubble,1,42
39,100.0000,8.0000,76.0000,10,50,100%_Bubble,1,42
40,100.0000,8.0000,80.0000,9,50,100%_Bubble,1,42
41,100.0000,6.0000,80.0000,7,50,100%_Bubble,1,42
42,100.0000,6.0000,82.0000,6,50,100%_Bubble,1,42
43,100.0000,6.0000,82.0000,6,50,100%_Bubble,1,42
44,100.0000,6.0000,80.0000,6,50,100%_Bubble,1,42
45,100.0000,6.0000,80.0000,8,50,100%_Bubble,1,42
46,100.0000,6.0000,80.0000,5,50,100%_Bubble,1,42
47,100.0000,8.0000,78.0000,9,50,100%_Bubble,1,42
48,100.0000,12.0000,78.0000,8,50,100%_Bubble,1,42
49,100.0000,14.0000,76.0000,8,50,100%_Bubble,1,42
50,100.0000,16.0000,80.0000,9,50,100%_Bubble,1,42
51,100.0000,18.0000,78.0000,8,50,100%_Bubble,1,42
52,100.0000,20.0000,82.0000,8,50,100%_Bubble,1,42
53,100.0000,26.0000,84.0000,6,50,100%_Bubble,1,42
54,100.0000,28.0000,82.0000,4,50,100%_Bubble,1,42
55,100.0000,36.0000,84.0000,7,50,100%_Bubble,1,42
56,100.0000,48.0000,86.0000,8,50,100%_Bubble,1,42
57,100.0000,52.0000,86.0000,4,50,100%_Bubble,1,42
58,100.0000,60.0000,90.0000,3,50,100%_Bubble,1,42
59,100.0000,68.0000,92.0000,5,50,100%_Bubble,1,42
60,100.0000,72.0000,92.0000,3,50,100%_Bubble,1,42
61,100.0000,78.0000,92.0000,4,50,100%_Bubble,1,42
62,100.0000,84.0000,94.0000,3,50,100%_Bubble,1,42
63,100.0000,92.0000,96.0000,3,50,100%_Bubble,1,42
64,100.0000,100.0000,100.0000,2,50,100%_Bubble,1,42
65,100.0000,100.0000,100.0000,0,50,100%_Bubble,1,42
66,100.0000,100.0000,100.0000,0,50,100%_Bubble,1,42
67,100.0000,100.0000,100.0000,0,50,100%_Bubble,1,42
0,100.0000,2.0000,54.0000,0,50,100%_Bubble,1,123
1,100.0000,4.0000,60.0000,16,50,100%_Bubble,1,123
2,100.0000,6.0000,58.0000,13,50,100%_Bubble,1,123
3,100.0000,2.0000,58.0000,15,50,100%_Bubble,1,123
4,100.0000,0.0000,54.0000,15,50,100%_Bubble,1,123
5,100.0000,4.0000,66.0000,12,50,100%_Bubble,1,123
6,100.0000,10.0000,64.0000,11,50,100%_Bubble,1,123
7,100.0000,4.0000,60.0000,14,50,100%_Bubble,1,123
8,100.0000,4.0000,68.0000,12,50,100%_Bubble,1,123
9,100.0000,6.0000,66.0000,10,50,100%_Bubble,1,123
10,100.0000,4.0000,70.0000,13,50,100%_Bubble,1,123
11,100.0000,4.0000,66.0000,10,50,100%_Bubble,1,123
12,100.0000,2.0000,68.0000,13,50,100%_Bubble,1,123
13,100.0000,2.0000,62.0000,10,50,100%_Bubble,1,123
14,100.0000,4.0000,74.0000,11,50,100%_Bubble,1,123
15,100.0000,2.0000,64.0000,12,50,100%_Bubble,1,123
16,100.0000,2.0000,70.0000,12,50,100%_Bubble,1,123
17,100.0000,2.0000,66.0000,12,50,100%_Bubble,1,123
18,100.0000,2.0000,70.0000,16,50,100%_Bubble,1,123
19,100.0000,2.0000,74.0000,12,50,100%_Bubble,1,123
20,100.0000,2.0000,70.0000,11,50,100%_Bubble,1,123
21,100.0000,4.0000,68.0000,13,50,100%_Bubble,1,123
22,100.0000,4.0000,78.0000,11,50,100%_Bubble,1,123
23,100.0000,4.0000,70.0000,10,50,100%_Bubble,1,123
24,100.0000,4.0000,68.0000,10,50,100%_Bubble,1,123
25,100.0000,2.0000,70.0000,12,50,100%_Bubble,1,123
26,100.0000,6.0000,66.0000,11,50,100%_Bubble,1,123
27,100.0000,6.0000,68.0000,12,50,100%_Bubble,1,123
28,100.0000,6.0000,74.0000,12,50,100%_Bubble,1,123
29,100.0000,6.0000,68.0000,10,50,100%_Bubble,1,123
30,100.0000,6.0000,68.0000,11,50,100%_Bubble,1,123
31,100.0000,4.0000,72.0000,13,50,100%_Bubble,1,123
32,100.0000,6.0000,76.0000,9,50,100%_Bubble,1,123
33,100.0000,6.0000,76.0000,10,50,100%_Bubble,1,123
34,100.0000,6.0000,78.0000,8,50,100%_Bubble,1,123
35,100.0000,4.0000,78.0000,9,50,100%_Bubble,1,123
36,100.0000,6.0000,78.0000,7,50,100%_Bubble,1,123
37,100.0000,8.0000,72.0000,10,50,100%_Bubble,1,123
38,100.0000,12.0000,76.0000,9,50,100%_Bubble,1,123
39,100.0000,14.0000,80.0000,9,50,100%_Bubble,1,123
40,100.0000,14.0000,80.0000,8,50,100%_Bubble,1,123
41,100.0000,14.0000,78.0000,7,50,100%_Bubble,1,123
42,100.0000,14.0000,78.0000,9,50,100%_Bubble,1,123
43,100.0000,20.0000,80.0000,7,50,100%_Bubble,1,123
44,100.0000,20.0000,84.0000,5,50,100%_Bubble,1,123
45,100.0000,20.0000,78.0000,6,50,100%_Bubble,1,123
46,100.0000,22.0000,80.0000,10,50,100%_Bubble,1,123
47,100.0000,28.0000,80.0000,8,50,100%_Bubble,1,123
48,100.0000,32.0000,84.0000,7,50,100%_Bubble,1,123
49,100.0000,40.0000,82.0000,6,50,100%_Bubble,1,123
50,100.0000,50.0000,86.0000,4,50,100%_Bubble,1,123
51,100.0000,60.0000,90.0000,6,50,100%_Bubble,1,123
52,100.0000,64.0000,90.0000,4,50,100%_Bubble,1,123
53,100.0000,66.0000,90.0000,4,50,100%_Bubble,1,123
54,100.0000,72.0000,92.0000,4,50,100%_Bubble,1,123
55,100.0000,78.0000,92.0000,4,50,100%_Bubble,1,123
56,100.0000,80.0000,94.0000,3,50,100%_Bubble,1,123
57,100.0000,82.0000,96.0000,1,50,100%_Bubble,1,123
58,100.0000,84.0000,94.0000,2,50,100%_Bubble,1,123
59,100.0000,88.0000,94.0000,3,50,100%_Bubble,1,123
60,100.0000,96.0000,98.0000,2,50,100%_Bubble,1,123
61,100.0000,96.0000,98.0000,0,50,100%_Bubble,1,123
62,100.0000,100.0000,100.0000,1,50,100%_Bubble,1,123
63,100.0000,100.0000,100.0000,0,50,100%_Bubble,1,123
64,100.0000,100.0000,100.0000,0,50,100%_Bubble,1,123
65,100.0000,100.0000,100.0000,0,50,100%_Bubble,1,123
0,100.0000,6.0000,46.0000,0,50,100%_Bubble,1,789
1,100.0000,2.0000,60.0000,17,50,100%_Bubble,1,789
2,100.0000,2.0000,58.0000,14,50,100%_Bubble,1,789
3,100.0000,4.0000,60.0000,16,50,100%_Bubble,1,789
4,100.0000,6.0000,62.0000,15,50,100%_Bubble,1,789
5,100.0000,0.0000,58.0000,16,50,100%_Bubble,1,789
6,100.0000,0.0000,58.0000,14,50,100%_Bubble,1,789
7,100.0000,4.0000,58.0000,15,50,100%_Bubble,1,789
8,100.0000,2.0000,56.0000,15,50,100%_Bubble,1,789
9,100.0000,0.0000,62.0000,17,50,100%_Bubble,1,789
10,100.0000,2.0000,68.0000,10,50,100%_Bubble,1,789
11,100.0000,2.0000,68.0000,11,50,100%_Bubble,1,789
12,100.0000,2.0000,60.0000,13,50,100%_Bubble,1,789
13,100.0000,6.0000,64.0000,16,50,100%_Bubble,1,789
14,100.0000,4.0000,68.0000,12,50,100%_Bubble,1,789
15,100.0000,4.0000,66.0000,12,50,100%_Bubble,1,789
16,100.0000,0.0000,66.0000,14,50,100%_Bubble,1,789
17,100.0000,0.0000,66.0000,13,50,100%_Bubble,1,789
18,100.0000,2.0000,72.0000,9,50,100%_Bubble,1,789
19,100.0000,0.0000,66.0000,10,50,100%_Bubble,1,789
20,100.0000,0.0000,72.0000,13,50,100%_Bubble,1,789
21,100.0000,0.0000,74.0000,9,50,100%_Bubble,1,789
22,100.0000,0.0000,78.0000,9,50,100%_Bubble,1,789
23,100.0000,2.0000,76.0000,5,50,100%_Bubble,1,789
24,100.0000,6.0000,74.0000,9,50,100%_Bubble,1,789
25,100.0000,2.0000,72.0000,10,50,100%_Bubble,1,789
26,100.0000,0.0000,70.0000,11,50,100%_Bubble,1,789
27,100.0000,0.0000,76.0000,10,50,100%_Bubble,1,789
28,100.0000,2.0000,68.0000,12,50,100%_Bubble,1,789
29,100.0000,8.0000,76.0000,11,50,100%_Bubble,1,789
30,100.0000,8.0000,74.0000,10,50,100%_Bubble,1,789
31,100.0000,6.0000,76.0000,9,50,100%_Bubble,1,789
32,100.0000,8.0000,74.0000,9,50,100%_Bubble,1,789
33,100.0000,6.0000,76.0000,7,50,100%_Bubble,1,789
34,100.0000,8.0000,76.0000,9,50,100%_Bubble,1,789
35,100.0000,8.0000,76.0000,9,50,100%_Bubble,1,789
36,100.0000,8.0000,78.0000,7,50,100%_Bubble,1,789
37,100.0000,8.0000,78.0000,9,50,100%_Bubble,1,789
38,100.0000,8.0000,70.0000,10,50,100%_Bubble,1,789
39,100.0000,12.0000,76.0000,9,50,100%_Bubble,1,789
40,100.0000,8.0000,76.0000,10,50,100%_Bubble,1,789
41,100.0000,8.0000,76.0000,8,50,100%_Bubble,1,789
42,100.0000,10.0000,76.0000,9,50,100%_Bubble,1,789
43,100.0000,8.0000,80.0000,9,50,100%_Bubble,1,789
44,100.0000,8.0000,82.0000,6,50,100%_Bubble,1,789
45,100.0000,8.0000,82.0000,6,50,100%_Bubble,1,789
46,100.0000,8.0000,76.0000,8,50,100%_Bubble,1,789
47,100.0000,12.0000,76.0000,6,50,100%_Bubble,1,789
48,100.0000,16.0000,80.0000,11,50,100%_Bubble,1,789
49,100.0000,28.0000,84.0000,8,50,100%_Bubble,1,789
50,100.0000,32.0000,84.0000,6,50,100%_Bubble,1,789
51,100.0000,36.0000,84.0000,6,50,100%_Bubble,1,789
52,100.0000,38.0000,84.0000,5,50,100%_Bubble,1,789
53,100.0000,48.0000,86.0000,7,50,100%_Bubble,1,789
54,100.0000,60.0000,92.0000,6,50,100%_Bubble,1,789
55,100.0000,62.0000,92.0000,3,50,100%_Bubble,1,789
56,100.0000,64.0000,94.0000,1,50,100%_Bubble,1,789
57,100.0000,66.0000,94.0000,2,50,100%_Bubble,1,789
58,100.0000,72.0000,96.0000,2,50,100%_Bubble,1,789
59,100.0000,74.0000,96.0000,1,50,100%_Bubble,1,789
60,100.0000,76.0000,96.0000,1,50,100%_Bubble,1,789
61,100.0000,82.0000,98.0000,2,50,100%_Bubble,1,789
62,100.0000,82.0000,98.0000,0,50,100%_Bubble,1,789
63,100.0000,84.0000,98.0000,1,50,100%_Bubble,1,789
64,100.0000,84.0000,98.0000,0,50,100%_Bubble,1,789
65,100.0000,86.0000,98.0000,1,50,100%_Bubble,1,789
66,100.0000,88.0000,98.0000,1,50,100%_Bubble,1,789
67,100.0000,90.0000,98.0000,1,50,100%_Bubble,1,789
68,100.0000,92.0000,98.0000,1,50,100%_Bubble,1,789
69,100.0000,92.0000,98.0000,0,50,100%_Bubble,1,789
70,100.0000,92.0000,98.0000,0,50,100%_Bubble,1,789
71,100.0000,92.0000,98.0000,0,50,100%_Bubble,1,789
0,100.0000,2.0000,54.0000,0,50,100%_Bubble,3,42
1,100.0000,0.0000,58.0000,14,50,100%_Bubble,3,42
2,100.0000,2.0000,56.0000,16,50,100%_Bubble,3,42
3,100.0000,2.0000,54.0000,15,50,100%_Bubble,3,42
4,100.0000,0.0000,56.0000,15,50,100%_Bubble,3,42
5,100.0000,0.0000,60.0000,15,50,100%_Bubble,3,42
6,100.0000,4.0000,50.0000,10,50,100%_Bubble,3,42
7,100.0000,2.0000,64.0000,14,50,100%_Bubble,3,42
8,100.0000,2.0000,56.0000,12,50,100%_Bubble,3,42
9,100.0000,0.0000,60.0000,13,50,100%_Bubble,3,42
10,100.0000,0.0000,60.0000,15,50,100%_Bubble,3,42
11,100.0000,4.0000,54.0000,14,50,100%_Bubble,3,42
12,100.0000,4.0000,58.0000,15,50,100%_Bubble,3,42
13,100.0000,2.0000,56.0000,15,50,100%_Bubble,3,42
14,100.0000,0.0000,62.0000,13,50,100%_Bubble,3,42
15,100.0000,2.0000,64.0000,11,50,100%_Bubble,3,42
16,100.0000,2.0000,58.0000,13,50,100%_Bubble,3,42
17,100.0000,2.0000,64.0000,15,50,100%_Bubble,3,42
18,100.0000,0.0000,64.0000,11,50,100%_Bubble,3,42
19,100.0000,0.0000,62.0000,13,50,100%_Bubble,3,42
20,100.0000,2.0000,66.0000,14,50,100%_Bubble,3,42
21,100.0000,8.0000,60.0000,14,50,100%_Bubble,3,42
22,100.0000,6.0000,68.0000,13,50,100%_Bubble,3,42
23,100.0000,10.0000,66.0000,14,50,100%_Bubble,3,42
24,100.0000,10.0000,64.0000,13,50,100%_Bubble,3,42
25,100.0000,8.0000,70.0000,13,50,100%_Bubble,3,42
26,100.0000,12.0000,62.0000,12,50,100%_Bubble,3,42
27,100.0000,10.0000,70.0000,14,50,100%_Bubble,3,42
28,100.0000,16.0000,66.0000,8,50,100%_Bubble,3,42
29,100.0000,12.0000,70.0000,12,50,100%_Bubble,3,42
30,100.0000,6.0000,72.0000,11,50,100%_Bubble,3,42
31,100.0000,8.0000,74.0000,11,50,100%_Bubble,3,42
32,100.0000,10.0000,72.0000,11,50,100%_Bubble,3,42
33,100.0000,6.0000,78.0000,9,50,100%_Bubble,3,42
34,100.0000,6.0000,76.0000,8,50,100%_Bubble,3,42
35,100.0000,6.0000,70.0000,9,50,100%_Bubble,3,42
36,100.0000,8.0000,84.0000,8,50,100%_Bubble,3,42
37,100.0000,8.0000,76.0000,6,50,100%_Bubble,3,42
38,100.0000,6.0000,82.0000,10,50,100%_Bubble,3,42
39,100.0000,6.0000,78.0000,8,50,100%_Bubble,3,42
40,100.0000,8.0000,78.0000,9,50,100%_Bubble,3,42
41,100.0000,6.0000,84.0000,6,50,100%_Bubble,3,42
42,100.0000,6.0000,80.0000,5,50,100%_Bubble,3,42
43,100.0000,6.0000,80.0000,9,50,100%_Bubble,3,42
44,100.0000,10.0000,80.0000,7,50,100%_Bubble,3,42
45,100.0000,12.0000,78.0000,8,50,100%_Bubble,3,42
46,100.0000,16.0000,80.0000,10,50,100%_Bubble,3,42
47,100.0000,20.0000,78.0000,9,50,100%_Bubble,3,42
48,100.0000,28.0000,80.0000,8,50,100%_Bubble,3,42
49,100.0000,34.0000,80.0000,9,50,100%_Bubble,3,42
50,100.0000,34.0000,82.0000,9,50,100%_Bubble,3,42
51,100.0000,34.0000,86.0000,7,50,100%_Bubble,3,42
52,100.0000,38.0000,84.0000,7,50,100%_Bubble,3,42
53,100.0000,44.0000,84.0000,8,50,100%_Bubble,3,42
54,100.0000,62.0000,92.0000,8,50,100%_Bubble,3,42
55,100.0000,64.0000,92.0000,2,50,100%_Bubble,3,42
56,100.0000,70.0000,92.0000,4,50,100%_Bubble,3,42
57,100.0000,74.0000,92.0000,3,50,100%_Bubble,3,42
58,100.0000,84.0000,96.0000,3,50,100%_Bubble,3,42
59,100.0000,86.0000,96.0000,2,50,100%_Bubble,3,42
60,100.0000,88.0000,96.0000,2,50,100%_Bubble,3,42
61,100.0000,88.0000,96.0000,0,50,100%_Bubble,3,42
62,100.0000,90.0000,96.0000,2,50,100%_Bubble,3,42
63,100.0000,94.0000,98.0000,1,50,100%_Bubble,3,42
64,100.0000,96.0000,98.0000,1,50,100%_Bubble,3,42
65,100.0000,100.0000,100.0000,1,50,100%_Bubble,3,42
66,100.0000,100.0000,100.0000,0,50,100%_Bubble,3,42
67,100.0000,100.0000,100.0000,0,50,100%_Bubble,3,42
68,100.0000,100.0000,100.0000,0,50,100%_Bubble,3,42
0,100.0000,2.0000,54.0000,0,50,100%_Bubble,3,123
1,100.0000,4.0000,60.0000,16,50,100%_Bubble,3,123
2,100.0000,4.0000,64.0000,14,50,100%_Bubble,3,123
3,100.0000,4.0000,60.0000,13,50,100%_Bubble,3,123
4,100.0000,2.0000,60.0000,10,50,100%_Bubble,3,123
5,100.0000,4.0000,58.0000,11,50,100%_Bubble,3,123
6,100.0000,2.0000,58.0000,13,50,100%_Bubble,3,123
7,100.0000,4.0000,50.0000,16,50,100%_Bubble,3,123
8,100.0000,8.0000,62.0000,19,50,100%_Bubble,3,123
9,100.0000,8.0000,68.0000,14,50,100%_Bubble,3,123
10,100.0000,4.0000,62.0000,12,50,100%_Bubble,3,123
11,100.0000,4.0000,66.0000,15,50,100%_Bubble,3,123
12,100.0000,4.0000,62.0000,13,50,100%_Bubble,3,123
13,100.0000,2.0000,66.0000,14,50,100%_Bubble,3,123
14,100.0000,4.0000,68.0000,14,50,100%_Bubble,3,123
15,100.0000,6.0000,62.0000,10,50,100%_Bubble,3,123
16,100.0000,2.0000,70.0000,11,50,100%_Bubble,3,123
17,100.0000,2.0000,74.0000,10,50,100%_Bubble,3,123
18,100.0000,2.0000,68.0000,11,50,100%_Bubble,3,123
19,100.0000,2.0000,66.0000,9,50,100%_Bubble,3,123
20,100.0000,8.0000,72.0000,11,50,100%_Bubble,3,123
21,100.0000,6.0000,72.0000,7,50,100%_Bubble,3,123
22,100.0000,6.0000,72.0000,10,50,100%_Bubble,3,123
23,100.0000,4.0000,72.0000,8,50,100%_Bubble,3,123
24,100.0000,8.0000,70.0000,8,50,100%_Bubble,3,123
25,100.0000,4.0000,68.0000,9,50,100%_Bubble,3,123
26,100.0000,4.0000,68.0000,11,50,100%_Bubble,3,123
27,100.0000,6.0000,70.0000,12,50,100%_Bubble,3,123
28,100.0000,4.0000,68.0000,10,50,100%_Bubble,3,123
29,100.0000,6.0000,70.0000,12,50,100%_Bubble,3,123
30,100.0000,6.0000,76.0000,11,50,100%_Bubble,3,123
31,100.0000,10.0000,78.0000,9,50,100%_Bubble,3,123
32,100.0000,6.0000,80.0000,7,50,100%_Bubble,3,123
33,100.0000,6.0000,78.0000,5,50,100%_Bubble,3,123
34,100.0000,4.0000,76.0000,8,50,100%_Bubble,3,123
35,100.0000,4.0000,76.0000,8,50,100%_Bubble,3,123
36,100.0000,4.0000,74.0000,6,50,100%_Bubble,3,123
37,100.0000,6.0000,74.0000,9,50,100%_Bubble,3,123
38,100.0000,6.0000,76.0000,11,50,100%_Bubble,3,123
39,100.0000,8.0000,76.0000,10,50,100%_Bubble,3,123
40,100.0000,8.0000,80.0000,11,50,100%_Bubble,3,123
41,100.0000,14.0000,84.0000,7,50,100%_Bubble,3,123
42,100.0000,14.0000,84.0000,7,50,100%_Bubble,3,123
43,100.0000,16.0000,84.0000,7,50,100%_Bubble,3,123
44,100.0000,16.0000,82.0000,7,50,100%_Bubble,3,123
45,100.0000,16.0000,82.0000,7,50,100%_Bubble,3,123
46,100.0000,16.0000,82.0000,7,50,100%_Bubble,3,123
47,100.0000,16.0000,82.0000,4,50,100%_Bubble,3,123
48,100.0000,16.0000,80.0000,7,50,100%_Bubble,3,123
49,100.0000,22.0000,82.0000,7,50,100%_Bubble,3,123
50,100.0000,22.0000,80.0000,6,50,100%_Bubble,3,123
51,100.0000,30.0000,84.0000,6,50,100%_Bubble,3,123
52,100.0000,38.0000,84.0000,6,50,100%_Bubble,3,123
53,100.0000,50.0000,90.0000,7,50,100%_Bubble,3,123
54,100.0000,52.0000,88.0000,4,50,100%_Bubble,3,123
55,100.0000,54.0000,88.0000,4,50,100%_Bubble,3,123
56,100.0000,60.0000,92.0000,5,50,100%_Bubble,3,123
57,100.0000,64.0000,90.0000,4,50,100%_Bubble,3,123
58,100.0000,68.0000,90.0000,3,50,100%_Bubble,3,123
59,100.0000,74.0000,92.0000,4,50,100%_Bubble,3,123
60,100.0000,80.0000,92.0000,3,50,100%_Bubble,3,123
61,100.0000,90.0000,96.0000,4,50,100%_Bubble,3,123
62,100.0000,96.0000,98.0000,2,50,100%_Bubble,3,123
63,100.0000,100.0000,100.0000,1,50,100%_Bubble,3,123
64,100.0000,100.0000,100.0000,0,50,100%_Bubble,3,123
65,100.0000,100.0000,100.0000,0,50,100%_Bubble,3,123
66,100.0000,100.0000,100.0000,0,50,100%_Bubble,3,123
0,100.0000,6.0000,46.0000,0,50,100%_Bubble,3,789
1,100.0000,0.0000,60.0000,17,50,100%_Bubble,3,789
2,100.0000,0.0000,58.0000,13,50,100%_Bubble,3,789
3,100.0000,2.0000,62.0000,15,50,100%_Bubble,3,789
4,100.0000,4.0000,64.0000,14,50,100%_Bubble,3,789
5,100.0000,2.0000,62.0000,12,50,100%_Bubble,3,789
6,100.0000,6.0000,70.0000,12,50,100%_Bubble,3,789
7,100.0000,2.0000,62.0000,12,50,100%_Bubble,3,789
8,100.0000,0.0000,64.0000,16,50,100%_Bubble,3,789
9,100.0000,2.0000,64.0000,12,50,100%_Bubble,3,789
10,100.0000,2.0000,62.0000,14,50,100%_Bubble,3,789
11,100.0000,0.0000,60.0000,13,50,100%_Bubble,3,789
12,100.0000,0.0000,56.0000,16,50,100%_Bubble,3,789
13,100.0000,4.0000,64.0000,15,50,100%_Bubble,3,789
14,100.0000,2.0000,62.0000,12,50,100%_Bubble,3,789
15,100.0000,2.0000,64.0000,14,50,100%_Bubble,3,789
16,100.0000,6.0000,62.0000,12,50,100%_Bubble,3,789
17,100.0000,4.0000,66.0000,11,50,100%_Bubble,3,789
18,100.0000,4.0000,64.0000,11,50,100%_Bubble,3,789
19,100.0000,0.0000,70.0000,12,50,100%_Bubble,3,789
20,100.0000,0.0000,68.0000,9,50,100%_Bubble,3,789
21,100.0000,0.0000,68.0000,11,50,100%_Bubble,3,789
22,100.0000,4.0000,70.0000,12,50,100%_Bubble,3,789
23,100.0000,0.0000,68.0000,11,50,100%_Bubble,3,789
24,100.0000,2.0000,70.0000,12,50,100%_Bubble,3,789
25,100.0000,6.0000,68.0000,10,50,100%_Bubble,3,789
26,100.0000,6.0000,74.0000,10,50,100%_Bubble,3,789
27,100.0000,6.0000,72.0000,7,50,100%_Bubble,3,789
28,100.0000,6.0000,78.0000,9,50,100%_Bubble,3,789
29,100.0000,6.0000,76.0000,9,50,100%_Bubble,3,789
30,100.0000,6.0000,76.0000,9,50,100%_Bubble,3,789
31,100.0000,6.0000,76.0000,10,50,100%_Bubble,3,789
32,100.0000,6.0000,74.0000,7,50,100%_Bubble,3,789
33,100.0000,6.0000,74.0000,10,50,100%_Bubble,3,789
34,100.0000,6.0000,74.0000,10,50,100%_Bubble,3,789
35,100.0000,8.0000,72.0000,10,50,100%_Bubble,3,789
36,100.0000,8.0000,72.0000,12,50,100%_Bubble,3,789
37,100.0000,8.0000,72.0000,11,50,100%_Bubble,3,789
38,100.0000,8.0000,76.0000,10,50,100%_Bubble,3,789
39,100.0000,12.0000,70.0000,11,50,100%_Bubble,3,789
40,100.0000,20.0000,76.0000,14,50,100%_Bubble,3,789
41,100.0000,20.0000,74.0000,11,50,100%_Bubble,3,789
42,100.0000,16.0000,78.0000,6,50,100%_Bubble,3,789
43,100.0000,18.0000,78.0000,9,50,100%_Bubble,3,789
44,100.0000,22.0000,80.0000,7,50,100%_Bubble,3,789
45,100.0000,20.0000,78.0000,7,50,100%_Bubble,3,789
46,100.0000,18.0000,78.0000,9,50,100%_Bubble,3,789
47,100.0000,24.0000,82.0000,9,50,100%_Bubble,3,789
48,100.0000,28.0000,76.0000,9,50,100%_Bubble,3,789
49,100.0000,34.0000,82.0000,7,50,100%_Bubble,3,789
50,100.0000,38.0000,80.0000,6,50,100%_Bubble,3,789
51,100.0000,50.0000,86.0000,7,50,100%_Bubble,3,789
52,100.0000,54.0000,88.0000,3,50,100%_Bubble,3,789
53,100.0000,58.0000,88.0000,3,50,100%_Bubble,3,789
54,100.0000,66.0000,88.0000,5,50,100%_Bubble,3,789
55,100.0000,80.0000,94.0000,5,50,100%_Bubble,3,789
56,100.0000,84.0000,94.0000,2,50,100%_Bubble,3,789
57,100.0000,90.0000,96.0000,2,50,100%_Bubble,3,789
58,100.0000,94.0000,98.0000,1,50,100%_Bubble,3,789
59,100.0000,96.0000,98.0000,1,50,100%_Bubble,3,789
60,100.0000,96.0000,98.0000,0,50,100%_Bubble,3,789
61,100.0000,100.0000,100.0000,1,50,100%_Bubble,3,789
62,100.0000,100.0000,100.0000,0,50,100%_Bubble,3,789
63,100.0000,100.0000,100.0000,0,50,100%_Bubble,3,789
64,100.0000,100.0000,100.0000,0,50,100%_Bubble,3,789
0,100.0000,2.0000,54.0000,0,50,50/50_Bubble/Selection,0,42
1,100.0000,2.0000,52.0000,17,50,50/50_Bubble/Selection,0,42
2,100.0000,2.0000,50.0000,19,50,50/50_Bubble/Selection,0,42
3,100.0000,2.0000,60.0000,14,50,50/50_Bubble/Selection,0,42
4,100.0000,0.0000,62.0000,15,50,50/50_Bubble/Selection,0,42
5,100.0000,4.0000,64.0000,12,50,50/50_Bubble/Selection,0,42
6,100.0000,2.0000,58.0000,14,50,50/50_Bubble/Selection,0,42
7,100.0000,2.0000,52.0000,16,50,50/50_Bubble/Selection,0,42
8,100.0000,0.0000,54.0000,15,50,50/50_Bubble/Selection,0,42
9,100.0000,0.0000,62.0000,15,50,50/50_Bubble/Selection,0,42
10,100.0000,0.0000,54.0000,13,50,50/50_Bubble/Selection,0,42
11,100.0000,0.0000,62.0000,16,50,50/50_Bubble/Selection,0,42
12,100.0000,0.0000,56.0000,14,50,50/50_Bubble/Selection,0,42
13,100.0000,2.0000,70.0000,15,50,50/50_Bubble/Selection,0,42
14,100.0000,0.0000,64.0000,12,50,50/50_Bubble/Selection,0,42
15,100.0000,0.0000,58.0000,14,50,50/50_Bubble/Selection,0,42
16,100.0000,2.0000,60.0000,17,50,50/50_Bubble/Selection,0,42
17,100.0000,8.0000,64.0000,13,50,50/50_Bubble/Selection,0,42
18,100.0000,8.0000,64.0000,13,50,50/50_Bubble/Selection,0,42
19,100.0000,6.0000,68.0000,13,50,50/50_Bubble/Selection,0,42
20,100.0000,8.0000,68.0000,12,50,50/50_Bubble/Selection,0,42
21,100.0000,8.0000,64.0000,12,50,50/50_Bubble/Selection,0,42
22,100.0000,10.0000,62.0000,14,50,50/50_Bubble/Selection,0,42
23,100.0000,10.0000,64.0000,13,50,50/50_Bubble/Selection,0,42
24,100.0000,6.0000,66.0000,13,50,50/50_Bubble/Selection,0,42
25,100.0000,8.0000,62.0000,15,50,50/50_Bubble/Selection,0,42
26,100.0000,14.0000,66.0000,17,50,50/50_Bubble/Selection,0,42
27,100.0000,14.0000,70.0000,11,50,50/50_Bubble/Selection,0,42
28,100.0000,14.0000,72.0000,10,50,50/50_Bubble/Selection,0,42
29,100.0000,10.0000,74.0000,10,50,50/50_Bubble/Selection,0,42
30,100.0000,6.0000,72.0000,9,50,50/50_Bubble/Selection,0,42
31,100.0000,8.0000,70.0000,9,50,50/50_Bubble/Selection,0,42
32,100.0000,6.0000,76.0000,10,50,50/50_Bubble/Selection,0,42
33,100.0000,6.0000,76.0000,9,50,50/50_Bubble/Selection,0,42
34,100.0000,12.0000,76.0000,10,50,50/50_Bubble/Selection,0,42
35,100.0000,12.0000,78.0000,10,50,50/50_Bubble/Selection,0,42
36,100.0000,10.0000,82.0000,7,50,50/50_Bubble/Selection,0,42
37,100.0000,8.0000,86.0000,6,50,50/50_Bubble/Selection,0,42
38,100.0000,8.0000,82.0000,5,50,50/50_Bubble/Selection,0,42
39,100.0000,8.0000,86.0000,6,50,50/50_Bubble/Selection,0,42
40,100.0000,8.0000,84.0000,6,50,50/50_Bubble/Selection,0,42
41,100.0000,8.0000,80.0000,7,50,50/50_Bubble/Selection,0,42
42,100.0000,8.0000,82.0000,7,50,50/50_Bubble/Selection,0,42
43,100.0000,6.0000,86.0000,7,50,50/50_Bubble/Selection,0,42
44,100.0000,6.0000,84.0000,7,50,50/50_Bubble/Selection,0,42
45,100.0000,10.0000,82.0000,7,50,50/50_Bubble/Selection,0,42
46,100.0000,14.0000,84.0000,8,50,50/50_Bubble/Selection,0,42
47,100.0000,22.0000,86.0000,7,50,50/50_Bubble/Selection,0,42
48,100.0000,26.0000,88.0000,5,50,50/50_Bubble/Selection,0,42
49,100.0000,28.0000,88.0000,5,50,50/50_Bubble/Selection,0,42
50,100.0000,28.0000,86.0000,4,50,50/50_Bubble/Selection,0,42
51,100.0000,28.0000,84.0000,3,50,50/50_Bubble/Selection,0,42
52,100.0000,28.0000,86.0000,4,50,50/50_Bubble/Selection,0,42
53,100.0000,30.0000,86.0000,2,50,50/50_Bubble/Selection,0,42
54,100.0000,32.0000,86.0000,5,50,50/50_Bubble/Selection,0,42
55,100.0000,36.0000,86.0000,4,50,50/50_Bubble/Selection,0,42
56,100.0000,38.0000,86.0000,4,50,50/50_Bubble/Selection,0,42
57,100.0000,44.0000,84.0000,6,50,50/50_Bubble/Selection,0,42
58,100.0000,46.0000,88.0000,5,50,50/50_Bubble/Selection,0,42
59,100.0000,48.0000,86.0000,3,50,50/50_Bubble/Selection,0,42
60,100.0000,58.0000,90.0000,6,50,50/50_Bubble/Selection,0,42
61,100.0000,64.0000,88.0000,4,50,50/50_Bubble/Selection,0,42
62,100.0000,72.0000,92.0000,3,50,50/50_Bubble/Selection,0,42
63,100.0000,78.0000,92.0000,4,50,50/50_Bubble/Selection,0,42
64,100.0000,86.0000,94.0000,4,50,50/50_Bubble/Selection,0,42
65,100.0000,92.0000,96.0000,3,50,50/50_Bubble/Selection,0,42
66,100.0000,96.0000,98.0000,1,50,50/50_Bubble/Selection,0,42
67,100.0000,100.0000,100.0000,1,50,50/50_Bubble/Selection,0,42
68,100.0000,100.0000,100.0000,0,50,50/50_Bubble/Selection,0,42
69,100.0000,100.0000,100.0000,0,50,50/50_Bubble/Selection,0,42
70,100.0000,100.0000,100.0000,0,50,50/50_Bubble/Selection,0,42
0,100.0000,2.0000,54.0000,0,50,50/50_Bubble/Selection,0,123
1,100.0000,6.0000,56.0000,13,50,50/50_Bubble/Selection,0,123
2,100.0000,8.0000,60.0000,14,50,50/50_Bubble/Selection,0,123
3,100.0000,4.0000,58.0000,14,50,50/50_Bubble/Selection,0,123
4,100.0000,0.0000,60.0000,17,50,50/50_Bubble/Selection,0,123
5,100.0000,0.0000,60.0000,13,50,50/50_Bubble/Selection,0,123
6,100.0000,2.0000,60.0000,16,50,50/50_Bubble/Selection,0,123
7,100.0000,4.0000,68.0000,14,50,50/50_Bubble/Selection,0,123
8,100.0000,2.0000,62.0000,13,50,50/50_Bubble/Selection,0,123
9,100.0000,2.0000,62.0000,14,50,50/50_Bubble/Selection,0,123
10,100.0000,4.0000,68.0000,12,50,50/50_Bubble/Selection,0,123
11,100.0000,6.0000,64.0000,12,50,50/50_Bubble/Selection,0,123
12,100.0000,4.0000,64.0000,12,50,50/50_Bubble/Selection,0,123
13,100.0000,2.0000,64.0000,12,50,50/50_Bubble/Selection,0,123
14,100.0000,4.0000,72.0000,11,50,50/50_Bubble/Selection,0,123
15,100.0000,4.0000,72.0000,11,50,50/50_Bubble/Selection,0,123
16,100.0000,2.0000,70.0000,8,50,50/50_Bubble/Selection,0,123
17,100.0000,2.0000,72.0000,11,50,50/50_Bubble/Selection,0,123
18,100.0000,2.0000,70.0000,8,50,50/50_Bubble/Selection,0,123
19,100.0000,2.0000,72.0000,9,50,50/50_Bubble/Selection,0,123
20,100.0000,4.0000,74.0000,8,50,50/50_Bubble/Selection,0,123
21,100.0000,4.0000,74.0000,9,50,50/50_Bubble/Selection,0,123
22,100.0000,6.0000,70.0000,9,50,50/50_Bubble/Selection,0,123
23,100.0000,4.0000,74.0000,10,50,50/50_Bubble/Selection,0,123
24,100.0000,6.0000,72.0000,10,50,50/50_Bubble/Selection,0,123
25,100.0000,6.0000,74.0000,8,50,50/50_Bubble/Selection,0,123
26,100.0000,4.0000,72.0000,9,50,50/50_Bubble/Selection,0,123
27,100.0000,6.0000,72.0000,7,50,50/50_Bubble/Selection,0,123
28,100.0000,6.0000,74.0000,11,50,50/50_Bubble/Selection,0,123
29,100.0000,10.0000,74.0000,9,50,50/50_Bubble/Selection,0,123
30,100.0000,10.0000,74.0000,10,50,50/50_Bubble/Selection,0,123
31,100.0000,8.0000,76.0000,10,50,50/50_Bubble/Selection,0,123
32,100.0000,6.0000,70.0000,11,50,50/50_Bubble/Selection,0,123
33,100.0000,6.0000,72.0000,12,50,50/50_Bubble/Selection,0,123
34,100.0000,4.0000,74.0000,10,50,50/50_Bubble/Selection,0,123
35,100.0000,4.0000,72.0000,12,50,50/50_Bubble/Selection,0,123
36,100.0000,8.0000,70.0000,13,50,50/50_Bubble/Selection,0,123
37,100.0000,10.0000,78.0000,7,50,50/50_Bubble/Selection,0,123
38,100.0000,8.0000,74.0000,10,50,50/50_Bubble/Selection,0,123
39,100.0000,8.0000,74.0000,12,50,50/50_Bubble/Selection,0,123
40,100.0000,10.0000,74.0000,10,50,50/50_Bubble/Selection,0,123
41,100.0000,12.0000,76.0000,9,50,50/50_Bubble/Selection,0,123
42,100.0000,12.0000,78.0000,10,50,50/50_Bubble/Selection,0,123
43,100.0000,14.0000,82.0000,9,50,50/50_Bubble/Selection,0,123
44,100.0000,16.0000,84.0000,6,50,50/50_Bubble/Selection,0,123
45,100.0000,20.0000,86.0000,5,50,50/50_Bubble/Selection,0,123
46,100.0000,20.0000,84.0000,5,50,50/50_Bubble/Selection,0,123
47,100.0000,20.0000,84.0000,7,50,50/50_Bubble/Selection,0,123
48,100.0000,22.0000,80.0000,7,50,50/50_Bubble/Selection,0,123
49,100.0000,26.0000,82.0000,7,50,50/50_Bubble/Selection,0,123
50,100.0000,38.0000,84.0000,9,50,50/50_Bubble/Selection,0,123
51,100.0000,40.0000,86.0000,6,50,50/50_Bubble/Selection,0,123
52,100.0000,48.0000,90.0000,5,50,50/50_Bubble/Selection,0,123
53,100.0000,54.0000,90.0000,4,50,50/50_Bubble/Selection,0,123
54,100.0000,62.0000,94.0000,4,50,50/50_Bubble/Selection,0,123
55,100.0000,64.0000,94.0000,2,50,50/50_Bubble/Selection,0,123
56,100.0000,70.0000,94.0000,3,50,50/50_Bubble/Selection,0,123
57,100.0000,72.0000,96.0000,1,50,50/50_Bubble/Selection,0,123
58,100.0000,74.0000,96.0000,1,50,50/50_Bubble/Selection,0,123
59,100.0000,76.0000,94.0000,2,50,50/50_Bubble/Selection,0,123
60,100.0000,80.0000,94.0000,3,50,50/50_Bubble/Selection,0,123
61,100.0000,86.0000,96.0000,3,50,50/50_Bubble/Selection,0,123
62,100.0000,88.0000,98.0000,1,50,50/50_Bubble/Selection,0,123
63,100.0000,88.0000,96.0000,1,50,50/50_Bubble/Selection,0,123
64,100.0000,90.0000,98.0000,1,50,50/50_Bubble/Selection,0,123
65,100.0000,90.0000,96.0000,1,50,50/50_Bubble/Selection,0,123
66,100.0000,90.0000,96.0000,1,50,50/50_Bubble/Selection,0,123
67,100.0000,92.0000,96.0000,1,50,50/50_Bubble/Selection,0,123
68,100.0000,100.0000,100.0000,2,50,50/50_Bubble/Selection,0,123
69,100.0000,100.0000,100.0000,0,50,50/50_Bubble/Selection,0,123
70,100.0000,100.0000,100.0000,0,50,50/50_Bubble/Selection,0,123
71,100.0000,100.0000,100.0000,0,50,50/50_Bubble/Selection,0,123
0,100.0000,6.0000,46.0000,0,50,50/50_Bubble/Selection,0,789
1,100.0000,0.0000,58.0000,18,50,50/50_Bubble/Selection,0,789
2,100.0000,0.0000,62.0000,12,50,50/50_Bubble/Selection,0,789
3,100.0000,0.0000,64.0000,15,50,50/50_Bubble/Selection,0,789
4,100.0000,4.0000,60.0000,16,50,50/50_Bubble/Selection,0,789
5,100.0000,8.0000,60.0000,10,50,50/50_Bubble/Selection,0,789
6,100.0000,6.0000,60.0000,15,50,50/50_Bubble/Selection,0,789
7,100.0000,0.0000,58.0000,17,50,50/50_Bubble/Selection,0,789
8,100.0000,2.0000,66.0000,15,50,50/50_Bubble/Selection,0,789
9,100.0000,2.0000,70.0000,9,50,50/50_Bubble/Selection,0,789
10,100.0000,2.0000,68.0000,10,50,50/50_Bubble/Selection,0,789
11,100.0000,0.0000,70.0000,8,50,50/50_Bubble/Selection,0,789
12,100.0000,0.0000,74.0000,10,50,50/50_Bubble/Selection,0,789
13,100.0000,0.0000,66.0000,10,50,50/50_Bubble/Selection,0,789
14,100.0000,0.0000,62.0000,13,50,50/50_Bubble/Selection,0,789
15,100.0000,4.0000,64.0000,13,50,50/50_Bubble/Selection,0,789
16,100.0000,6.0000,66.0000,14,50,50/50_Bubble/Selection,0,789
17,100.0000,2.0000,66.0000,16,50,50/50_Bubble/Selection,0,789
18,100.0000,0.0000,68.0000,14,50,50/50_Bubble/Selection,0,789
19,100.0000,2.0000,72.0000,12,50,50/50_Bubble/Selection,0,789
20,100.0000,2.0000,66.0000,11,50,50/50_Bubble/Selection,0,789
21,100.0000,0.0000,74.0000,13,50,50/50_Bubble/Selection,0,789
22,100.0000,0.0000,78.0000,8,50,50/50_Bubble/Selection,0,789
23,100.0000,0.0000,74.0000,8,50,50/50_Bubble/Selection,0,789
24,100.0000,0.0000,76.0000,10,50,50/50_Bubble/Selection,0,789
25,100.0000,2.0000,74.0000,9,50,50/50_Bubble/Selection,0,789
26,100.0000,6.0000,80.0000,7,50,50/50_Bubble/Selection,0,789
27,100.0000,6.0000,78.0000,8,50,50/50_Bubble/Selection,0,789
28,100.0000,6.0000,78.0000,8,50,50/50_Bubble/Selection,0,789
29,100.0000,6.0000,76.0000,9,50,50/50_Bubble/Selection,0,789
30,100.0000,6.0000,78.0000,9,50,50/50_Bubble/Selection,0,789
31,100.0000,6.0000,72.0000,9,50,50/50_Bubble/Selection,0,789
32,100.0000,6.0000,76.0000,9,50,50/50_Bubble/Selection,0,789
33,100.0000,6.0000,76.0000,8,50,50/50_Bubble/Selection,0,789
34,100.0000,6.0000,74.0000,9,50,50/50_Bubble/Selection,0,789
35,100.0000,6.0000,72.0000,9,50,50/50_Bubble/Selection,0,789
36,100.0000,6.0000,72.0000,9,50,50/50_Bubble/Selection,0,789
37,100.0000,6.0000,72.0000,7,50,50/50_Bubble/Selection,0,789
38,100.0000,8.0000,72.0000,11,50,50/50_Bubble/Selection,0,789
39,100.0000,6.0000,70.0000,10,50,50/50_Bubble/Selection,0,789
40,100.0000,6.0000,72.0000,9,50,50/50_Bubble/Selection,0,789
41,100.0000,12.0000,68.0000,10,50,50/50_Bubble/Selection,0,789
42,100.0000,14.0000,70.0000,12,50,50/50_Bubble/Selection,0,789
43,100.0000,16.0000,76.0000,8,50,50/50_Bubble/Selection,0,789
44,100.0000,16.0000,76.0000,10,50,50/50_Bubble/Selection,0,789
45,100.0000,18.0000,76.0000,6,50,50/50_Bubble/Selection,0,789
46,100.0000,18.0000,80.0000,10,50,50/50_Bubble/Selection,0,789
47,100.0000,20.0000,80.0000,7,50,50/50_Bubble/Selection,0,789
48,100.0000,22.0000,82.0000,7,50,50/50_Bubble/Selection,0,789
49,100.0000,20.0000,82.0000,5,50,50/50_Bubble/Selection,0,789
50,100.0000,20.0000,86.0000,7,50,50/50_Bubble/Selection,0,789
51,100.0000,24.0000,84.0000,6,50,50/50_Bubble/Selection,0,789
52,100.0000,30.0000,84.0000,6,50,50/50_Bubble/Selection,0,789
53,100.0000,34.0000,84.0000,5,50,50/50_Bubble/Selection,0,789
54,100.0000,40.0000,84.0000,7,50,50/50_Bubble/Selection,0,789
55,100.0000,46.0000,86.0000,4,50,50/50_Bubble/Selection,0,789
56,100.0000,60.0000,92.0000,5,50,50/50_Bubble/Selection,0,789
57,100.0000,64.0000,92.0000,4,50,50/50_Bubble/Selection,0,789
58,100.0000,68.0000,92.0000,3,50,50/50_Bubble/Selection,0,789
59,100.0000,72.0000,92.0000,3,50,50/50_Bubble/Selection,0,789
60,100.0000,76.0000,92.0000,4,50,50/50_Bubble/Selection,0,789
61,100.0000,80.0000,94.0000,2,50,50/50_Bubble/Selection,0,789
62,100.0000,82.0000,94.0000,2,50,50/50_Bubble/Selection,0,789
63,100.0000,84.0000,96.0000,1,50,50/50_Bubble/Selection,0,789
64,100.0000,86.0000,96.0000,1,50,50/50_Bubble/Selection,0,789
65,100.0000,90.0000,96.0000,2,50,50/50_Bubble/Selection,0,789
66,100.0000,96.0000,98.0000,2,50,50/50_Bubble/Selection,0,789
67,100.0000,100.0000,100.0000,1,50,50/50_Bubble/Selection,0,789
68,100.0000,100.0000,100.0000,0,50,50/50_Bubble/Selection,0,789
69,100.0000,100.0000,100.0000,0,50,50/50_Bubble/Selection,0,789
70,100.0000,100.0000,100.0000,0,50,50/50_Bubble/Selection,0,789
0,100.0000,2.0000,54.0000,0,50,50/50_Bubble/Selection,1,42
1,100.0000,4.0000,52.0000,16,50,50/50_Bubble/Selection,1,42
2,100.0000,2.0000,52.0000,15,50,50/50_Bubble/Selection,1,42
3,100.0000,0.0000,54.0000,15,50,50/50_Bubble/Selection,1,42
4,100.0000,0.0000,58.0000,17,50,50/50_Bubble/Selection,1,42
5,100.0000,0.0000,58.0000,14,50,50/50_Bubble/Selection,1,42
6,100.0000,2.0000,54.0000,17,50,50/50_Bubble/Selection,1,42
7,100.0000,2.0000,62.0000,15,50,50/50_Bubble/Selection,1,42
8,100.0000,0.0000,58.0000,16,50,50/50_Bubble/Selection,1,42
9,100.0000,2.0000,68.0000,14,50,50/50_Bubble/Selection,1,42
10,100.0000,2.0000,54.0000,13,50,50/50_Bubble/Selection,1,42
11,100.0000,0.0000,60.0000,16,50,50/50_Bubble/Selection,1,42
12,100.0000,2.0000,62.0000,13,50,50/50_Bubble/Selection,1,42
13,100.0000,4.0000,64.0000,11,50,50/50_Bubble/Selection,1,42
14,100.0000,2.0000,64.0000,14,50,50/50_Bubble/Selection,1,42
15,100.0000,6.0000,64.0000,12,50,50/50_Bubble/Selection,1,42
16,100.0000,8.0000,60.0000,12,50,50/50_Bubble/Selection,1,42
17,100.0000,8.0000,66.0000,11,50,50/50_Bubble/Selection,1,42
18,100.0000,2.0000,68.0000,9,50,50/50_Bubble/Selection,1,42
19,100.0000,0.0000,66.0000,11,50,50/50_Bubble/Selection,1,42
20,100.0000,2.0000,68.0000,12,50,50/50_Bubble/Selection,1,42
21,100.0000,0.0000,64.0000,9,50,50/50_Bubble/Selection,1,42
22,100.0000,2.0000,64.0000,15,50,50/50_Bubble/Selection,1,42
23,100.0000,8.0000,64.0000,13,50,50/50_Bubble/Selection,1,42
24,100.0000,12.0000,66.0000,11,50,50/50_Bubble/Selection,1,42
25,100.0000,12.0000,66.0000,12,50,50/50_Bubble/Selection,1,42
26,100.0000,8.0000,70.0000,14,50,50/50_Bubble/Selection,1,42
27,100.0000,8.0000,68.0000,9,50,50/50_Bubble/Selection,1,42
28,100.0000,10.0000,72.0000,13,50,50/50_Bubble/Selection,1,42
29,100.0000,10.0000,76.0000,6,50,50/50_Bubble/Selection,1,42
30,100.0000,8.0000,68.0000,11,50,50/50_Bubble/Selection,1,42
31,100.0000,6.0000,68.0000,11,50,50/50_Bubble/Selection,1,42
32,100.0000,8.0000,72.0000,12,50,50/50_Bubble/Selection,1,42
33,100.0000,6.0000,78.0000,8,50,50/50_Bubble/Selection,1,42
34,100.0000,8.0000,80.0000,7,50,50/50_Bubble/Selection,1,42
35,100.0000,8.0000,82.0000,7,50,50/50_Bubble/Selection,1,42
36,100.0000,8.0000,80.0000,6,50,50/50_Bubble/Selection,1,42
37,100.0000,6.0000,80.0000,6,50,50/50_Bubble/Selection,1,42
38,100.0000,6.0000,82.0000,8,50,50/50_Bubble/Selection,1,42
39,100.0000,6.0000,86.0000,5,50,50/50_Bubble/Selection,1,42
40,100.0000,6.0000,84.0000,4,50,50/50_Bubble/Selection,1,42
41,100.0000,8.0000,80.0000,7,50,50/50_Bubble/Selection,1,42
42,100.0000,8.0000,80.0000,7,50,50/50_Bubble/Selection,1,42
43,100.0000,8.0000,80.0000,9,50,50/50_Bubble/Selection,1,42
44,100.0000,8.0000,82.0000,4,50,50/50_Bubble/Selection,1,42
45,100.0000,10.0000,82.0000,8,50,50/50_Bubble/Selection,1,42
46,100.0000,8.0000,80.0000,8,50,50/50_Bubble/Selection,1,42
47,100.0000,6.0000,82.0000,8,50,50/50_Bubble/Selection,1,42
48,100.0000,8.0000,82.0000,5,50,50/50_Bubble/Selection,1,42
49,100.0000,6.0000,82.0000,5,50,50/50_Bubble/Selection,1,42
50,100.0000,10.0000,80.0000,5,50,50/50_Bubble/Selection,1,42
51,100.0000,12.0000,82.0000,6,50,50/50_Bubble/Selection,1,42
52,100.0000,14.0000,80.0000,6,50,50/50_Bubble/Selection,1,42
53,100.0000,18.0000,82.0000,7,50,50/50_Bubble/Selection,1,42
54,100.0000,20.0000,82.0000,6,50,50/50_Bubble/Selection,1,42
55,100.0000,22.0000,82.0000,8,50,50/50_Bubble/Selection,1,42
56,100.0000,28.0000,80.0000,7,50,50/50_Bubble/Selection,1,42
57,100.0000,30.0000,86.0000,6,50,50/50_Bubble/Selection,1,42
58,100.0000,38.0000,84.0000,6,50,50/50_Bubble/Selection,1,42
59,100.0000,46.0000,88.0000,5,50,50/50_Bubble/Selection,1,42
60,100.0000,52.0000,90.0000,5,50,50/50_Bubble/Selection,1,42
61,100.0000,54.0000,90.0000,3,50,50/50_Bubble/Selection,1,42
62,100.0000,56.0000,88.0000,4,50,50/50_Bubble/Selection,1,42
63,100.0000,64.0000,90.0000,6,50,50/50_Bubble/Selection,1,42
64,100.0000,68.0000,90.0000,3,50,50/50_Bubble/Selection,1,42
65,100.0000,72.0000,92.0000,3,50,50/50_Bubble/Selection,1,42
66,100.0000,82.0000,94.0000,4,50,50/50_Bubble/Selection,1,42
67,100.0000,84.0000,94.0000,1,50,50/50_Bubble/Selection,1,42
68,100.0000,92.0000,98.0000,2,50,50/50_Bubble/Selection,1,42
69,100.0000,92.0000,98.0000,0,50,50/50_Bubble/Selection,1,42
70,100.0000,94.0000,98.0000,1,50,50/50_Bubble/Selection,1,42
71,100.0000,94.0000,98.0000,0,50,50/50_Bubble/Selection,1,42
72,100.0000,96.0000,98.0000,1,50,50/50_Bubble/Selection,1,42
73,100.0000,100.0000,100.0000,1,50,50/50_Bubble/Selection,1,42
74,100.0000,100.0000,100.0000,0,50,50/50_Bubble/Selection,1,42
75,100.0000,100.0000,100.0000,0,50,50/50_Bubble/Selection,1,42
76,100.0000,100.0000,100.0000,0,50,50/50_Bubble/Selection,1,42
0,100.0000,2.0000,54.0000,0,50,50/50_Bubble/Selection,1,123
1,100.0000,4.0000,56.0000,14,50,50/50_Bubble/Selection,1,123
2,100.0000,6.0000,58.0000,17,50,50/50_Bubble/Selection,1,123
3,100.0000,6.0000,58.0000,13,50,50/50_Bubble/Selection,1,123
4,100.0000,0.0000,60.0000,14,50,50/50_Bubble/Selection,1,123
5,100.0000,0.0000,60.0000,14,50,50/50_Bubble/Selection,1,123
6,100.0000,0.0000,64.0000,15,50,50/50_Bubble/Selection,1,123
7,100.0000,0.0000,70.0000,12,50,50/50_Bubble/Selection,1,123
8,100.0000,2.0000,72.0000,11,50,50/50_Bubble/Selection,1,123
9,100.0000,4.0000,72.0000,10,50,50/50_Bubble/Selection,1,123
10,100.0000,4.0000,70.0000,12,50,50/50_Bubble/Selection,1,123
11,100.0000,2.0000,70.0000,10,50,50/50_Bubble/Selection,1,123
12,100.0000,2.0000,68.0000,11,50,50/50_Bubble/Selection,1,123
13,100.0000,2.0000,68.0000,13,50,50/50_Bubble/Selection,1,123
14,100.0000,4.0000,70.0000,9,50,50/50_Bubble/Selection,1,123
15,100.0000,4.0000,70.0000,10,50,50/50_Bubble/Selection,1,123
16,100.0000,4.0000,66.0000,12,50,50/50_Bubble/Selection,1,123
17,100.0000,2.0000,64.0000,12,50,50/50_Bubble/Selection,1,123
18,100.0000,4.0000,68.0000,12,50,50/50_Bubble/Selection,1,123
19,100.0000,2.0000,60.0000,14,50,50/50_Bubble/Selection,1,123
20,100.0000,4.0000,66.0000,14,50,50/50_Bubble/Selection,1,123
21,100.0000,6.0000,60.0000,14,50,50/50_Bubble/Selection,1,123
22,100.0000,4.0000,62.0000,15,50,50/50_Bubble/Selection,1,123
23,100.0000,6.0000,68.0000,14,50,50/50_Bubble/Selection,1,123
24,100.0000,6.0000,64.0000,13,50,50/50_Bubble/Selection,1,123
25,100.0000,2.0000,72.0000,12,50,50/50_Bubble/Selection,1,123
26,100.0000,6.0000,68.0000,10,50,50/50_Bubble/Selection,1,123
27,100.0000,2.0000,70.0000,12,50,50/50_Bubble/Selection,1,123
28,100.0000,6.0000,74.0000,10,50,50/50_Bubble/Selection,1,123
29,100.0000,6.0000,70.0000,8,50,50/50_Bubble/Selection,1,123
30,100.0000,8.0000,72.0000,13,50,50/50_Bubble/Selection,1,123
31,100.0000,10.0000,72.0000,12,50,50/50_Bubble/Selection,1,123
32,100.0000,8.0000,74.0000,11,50,50/50_Bubble/Selection,1,123
33,100.0000,12.0000,80.0000,8,50,50/50_Bubble/Selection,1,123
34,100.0000,12.0000,76.0000,9,50,50/50_Bubble/Selection,1,123
35,100.0000,14.0000,76.0000,8,50,50/50_Bubble/Selection,1,123
36,100.0000,14.0000,72.0000,8,50,50/50_Bubble/Selection,1,123
37,100.0000,14.0000,76.0000,10,50,50/50_Bubble/Selection,1,123
38,100.0000,14.0000,76.0000,10,50,50/50_Bubble/Selection,1,123
39,100.0000,16.0000,78.0000,7,50,50/50_Bubble/Selection,1,123
40,100.0000,14.0000,76.0000,10,50,50/50_Bubble/Selection,1,123
41,100.0000,16.0000,76.0000,9,50,50/50_Bubble/Selection,1,123
42,100.0000,20.0000,80.0000,10,50,50/50_Bubble/Selection,1,123
43,100.0000,22.0000,82.0000,8,50,50/50_Bubble/Selection,1,123
44,100.0000,28.0000,82.0000,8,50,50/50_Bubble/Selection,1,123
45,100.0000,30.0000,84.0000,6,50,50/50_Bubble/Selection,1,123
46,100.0000,32.0000,84.0000,6,50,50/50_Bubble/Selection,1,123
47,100.0000,38.0000,82.0000,7,50,50/50_Bubble/Selection,1,123
48,100.0000,46.0000,84.0000,6,50,50/50_Bubble/Selection,1,123
49,100.0000,54.0000,88.0000,8,50,50/50_Bubble/Selection,1,123
50,100.0000,68.0000,94.0000,5,50,50/50_Bubble/Selection,1,123
51,100.0000,70.0000,94.0000,2,50,50/50_Bubble/Selection,1,123
52,100.0000,70.0000,94.0000,0,50,50/50_Bubble/Selection,1,123
53,100.0000,72.0000,96.0000,1,50,50/50_Bubble/Selection,1,123
54,100.0000,72.0000,94.0000,2,50,50/50_Bubble/Selection,1,123
55,100.0000,74.0000,94.0000,2,50,50/50_Bubble/Selection,1,123
56,100.0000,76.0000,94.0000,3,50,50/50_Bubble/Selection,1,123
57,100.0000,80.0000,96.0000,2,50,50/50_Bubble/Selection,1,123
58,100.0000,80.0000,94.0000,1,50,50/50_Bubble/Selection,1,123
59,100.0000,82.0000,94.0000,2,50,50/50_Bubble/Selection,1,123
60,100.0000,92.0000,98.0000,3,50,50/50_Bubble/Selection,1,123
61,100.0000,94.0000,98.0000,1,50,50/50_Bubble/Selection,1,123
62,100.0000,96.0000,98.0000,1,50,50/50_Bubble/Selection,1,123
63,100.0000,100.0000,100.0000,1,50,50/50_Bubble/Selection,1,123
64,100.0000,100.0000,100.0000,0,50,50/50_Bubble/Selection,1,123
65,100.0000,100.0000,100.0000,0,50,50/50_Bubble/Selection,1,123
66,100.0000,100.0000,100.0000,0,50,50/50_Bubble/Selection,1,123
0,100.0000,6.0000,46.0000,0,50,50/50_Bubble/Selection,1,789
1,100.0000,0.0000,60.0000,17,50,50/50_Bubble/Selection,1,789
2,100.0000,0.0000,56.0000,14,50,50/50_Bubble/Selection,1,789
3,100.0000,0.0000,62.0000,14,50,50/50_Bubble/Selection,1,789
4,100.0000,2.0000,56.0000,13,50,50/50_Bubble/Selection,1,789
5,100.0000,2.0000,60.0000,11,50,50/50_Bubble/Selection,1,789
6,100.0000,0.0000,62.0000,14,50,50/50_Bubble/Selection,1,789
7,100.0000,4.0000,60.0000,14,50,50/50_Bubble/Selection,1,789
8,100.0000,2.0000,60.0000,18,50,50/50_Bubble/Selection,1,789
9,100.0000,0.0000,62.0000,18,50,50/50_Bubble/Selection,1,789
10,100.0000,0.0000,64.0000,14,50,50/50_Bubble/Selection,1,789
11,100.0000,0.0000,66.0000,12,50,50/50_Bubble/Selection,1,789
12,100.0000,0.0000,70.0000,11,50,50/50_Bubble/Selection,1,789
13,100.0000,2.0000,66.0000,12,50,50/50_Bubble/Selection,1,789
14,100.0000,2.0000,66.0000,12,50,50/50_Bubble/Selection,1,789
15,100.0000,6.0000,62.0000,11,50,50/50_Bubble/Selection,1,789
16,100.0000,4.0000,68.0000,13,50,50/50_Bubble/Selection,1,789
17,100.0000,6.0000,72.0000,10,50,50/50_Bubble/Selection,1,789
18,100.0000,6.0000,72.0000,8,50,50/50_Bubble/Selection,1,789
19,100.0000,4.0000,70.0000,9,50,50/50_Bubble/Selection,1,789
20,100.0000,4.0000,70.0000,11,50,50/50_Bubble/Selection,1,789
21,100.0000,2.0000,70.0000,10,50,50/50_Bubble/Selection,1,789
22,100.0000,0.0000,62.0000,13,50,50/50_Bubble/Selection,1,789
23,100.0000,0.0000,70.0000,11,50,50/50_Bubble/Selection,1,789
24,100.0000,0.0000,70.0000,8,50,50/50_Bubble/Selection,1,789
25,100.0000,0.0000,70.0000,6,50,50/50_Bubble/Selection,1,789
26,100.0000,0.0000,64.0000,10,50,50/50_Bubble/Selection,1,789
27,100.0000,0.0000,72.0000,13,50,50/50_Bubble/Selection,1,789
28,100.0000,2.0000,76.0000,9,50,50/50_Bubble/Selection,1,789
29,100.0000,6.0000,72.0000,9,50,50/50_Bubble/Selection,1,789
30,100.0000,6.0000,74.0000,8,50,50/50_Bubble/Selection,1,789
31,100.0000,6.0000,74.0000,10,50,50/50_Bubble/Selection,1,789
32,100.0000,6.0000,76.0000,11,50,50/50_Bubble/Selection,1,789
33,100.0000,6.0000,74.0000,10,50,50/50_Bubble/Selection,1,789
34,100.0000,6.0000,76.0000,11,50,50/50_Bubble/Selection,1,789
35,100.0000,8.0000,70.0000,11,50,50/50_Bubble/Selection,1,789
36,100.0000,10.0000,70.0000,11,50,50/50_Bubble/Selection,1,789
37,100.0000,6.0000,76.0000,11,50,50/50_Bubble/Selection,1,789
38,100.0000,8.0000,74.0000,9,50,50/50_Bubble/Selection,1,789
39,100.0000,8.0000,78.0000,8,50,50/50_Bubble/Selection,1,789
40,100.0000,8.0000,70.0000,9,50,50/50_Bubble/Selection,1,789
41,100.0000,10.0000,72.0000,11,50,50/50_Bubble/Selection,1,789
42,100.0000,10.0000,74.0000,8,50,50/50_Bubble/Selection,1,789
43,100.0000,16.0000,74.0000,10,50,50/50_Bubble/Selection,1,789
44,100.0000,16.0000,72.0000,10,50,50/50_Bubble/Selection,1,789
45,100.0000,16.0000,70.0000,11,50,50/50_Bubble/Selection,1,789
46,100.0000,20.0000,76.0000,11,50,50/50_Bubble/Selection,1,789
47,100.0000,20.0000,80.0000,6,50,50/50_Bubble/Selection,1,789
48,100.0000,20.0000,74.0000,10,50,50/50_Bubble/Selection,1,789
49,100.0000,30.0000,76.0000,10,50,50/50_Bubble/Selection,1,789
50,100.0000,40.0000,80.0000,9,50,50/50_Bubble/Selection,1,789
51,100.0000,54.0000,88.0000,9,50,50/50_Bubble/Selection,1,789
52,100.0000,66.0000,90.0000,6,50,50/50_Bubble/Selection,1,789
53,100.0000,82.0000,96.0000,5,50,50/50_Bubble/Selection,1,789
54,100.0000,88.0000,98.0000,2,50,50/50_Bubble/Selection,1,789
55,100.0000,90.0000,98.0000,1,50,50/50_Bubble/Selection,1,789
56,100.0000,90.0000,98.0000,0,50,50/50_Bubble/Selection,1,789
57,100.0000,90.0000,98.0000,0,50,50/50_Bubble/Selection,1,789
58,100.0000,92.0000,98.0000,1,50,50/50_Bubble/Selection,1,789
59,100.0000,94.0000,98.0000,1,50,50/50_Bubble/Selection,1,789
60,100.0000,96.0000,98.0000,1,50,50/50_Bubble/Selection,1,789
61,100.0000,100.0000,100.0000,1,50,50/50_Bubble/Selection,1,789
62,100.0000,100.0000,100.0000,0,50,50/50_Bubble/Selection,1,789
63,100.0000,100.0000,100.0000,0,50,50/50_Bubble/Selection,1,789
64,100.0000,100.0000,100.0000,0,50,50/50_Bubble/Selection,1,789
0,100.0000,2.0000,54.0000,0,50,50/50_Bubble/Selection,3,42
1,100.0000,4.0000,48.0000,12,50,50/50_Bubble/Selection,3,42
2,100.0000,0.0000,56.0000,15,50,50/50_Bubble/Selection,3,42
3,100.0000,4.0000,58.0000,16,50,50/50_Bubble/Selection,3,42
4,100.0000,0.0000,62.0000,16,50,50/50_Bubble/Selection,3,42
5,100.0000,4.0000,56.0000,13,50,50/50_Bubble/Selection,3,42
6,100.0000,4.0000,54.0000,14,50,50/50_Bubble/Selection,3,42
7,100.0000,2.0000,56.0000,13,50,50/50_Bubble/Selection,3,42
8,100.0000,4.0000,58.0000,16,50,50/50_Bubble/Selection,3,42
9,100.0000,0.0000,60.0000,14,50,50/50_Bubble/Selection,3,42
10,100.0000,0.0000,58.0000,16,50,50/50_Bubble/Selection,3,42
11,100.0000,0.0000,68.0000,12,50,50/50_Bubble/Selection,3,42
12,100.0000,0.0000,62.0000,10,50,50/50_Bubble/Selection,3,42
13,100.0000,4.0000,64.0000,12,50,50/50_Bubble/Selection,3,42
14,100.0000,0.0000,68.0000,11,50,50/50_Bubble/Selection,3,42
15,100.0000,0.0000,68.0000,9,50,50/50_Bubble/Selection,3,42
16,100.0000,2.0000,66.0000,9,50,50/50_Bubble/Selection,3,42
17,100.0000,0.0000,74.0000,8,50,50/50_Bubble/Selection,3,42
18,100.0000,0.0000,70.0000,10,50,50/50_Bubble/Selection,3,42
19,100.0000,0.0000,68.0000,10,50,50/50_Bubble/Selection,3,42
20,100.0000,0.0000,70.0000,11,50,50/50_Bubble/Selection,3,42
21,100.0000,0.0000,68.0000,12,50,50/50_Bubble/Selection,3,42
22,100.0000,2.0000,62.0000,12,50,50/50_Bubble/Selection,3,42
23,100.0000,4.0000,64.0000,12,50,50/50_Bubble/Selection,3,42
24,100.0000,8.0000,60.0000,15,50,50/50_Bubble/Selection,3,42
25,100.0000,10.0000,68.0000,10,50,50/50_Bubble/Selection,3,42
26,100.0000,6.0000,62.0000,13,50,50/50_Bubble/Selection,3,42
27,100.0000,6.0000,60.0000,14,50,50/50_Bubble/Selection,3,42
28,100.0000,8.0000,72.0000,13,50,50/50_Bubble/Selection,3,42
29,100.0000,6.0000,64.0000,10,50,50/50_Bubble/Selection,3,42
30,100.0000,10.0000,66.0000,13,50,50/50_Bubble/Selection,3,42
31,100.0000,8.0000,70.0000,11,50,50/50_Bubble/Selection,3,42
32,100.0000,10.0000,68.0000,10,50,50/50_Bubble/Selection,3,42
33,100.0000,12.0000,68.0000,13,50,50/50_Bubble/Selection,3,42
34,100.0000,16.0000,72.0000,11,50,50/50_Bubble/Selection,3,42
35,100.0000,8.0000,76.0000,12,50,50/50_Bubble/Selection,3,42
36,100.0000,6.0000,76.0000,11,50,50/50_Bubble/Selection,3,42
37,100.0000,6.0000,76.0000,9,50,50/50_Bubble/Selection,3,42
38,100.0000,6.0000,86.0000,7,50,50/50_Bubble/Selection,3,42
39,100.0000,6.0000,80.0000,7,50,50/50_Bubble/Selection,3,42
40,100.0000,6.0000,78.0000,6,50,50/50_Bubble/Selection,3,42
41,100.0000,6.0000,82.0000,6,50,50/50_Bubble/Selection,3,42
42,100.0000,8.0000,82.0000,5,50,50/50_Bubble/Selection,3,42
43,100.0000,6.0000,80.0000,5,50,50/50_Bubble/Selection,3,42
44,100.0000,6.0000,82.0000,6,50,50/50_Bubble/Selection,3,42
45,100.0000,6.0000,80.0000,9,50,50/50_Bubble/Selection,3,42
46,100.0000,10.0000,80.0000,8,50,50/50_Bubble/Selection,3,42
47,100.0000,12.0000,82.0000,7,50,50/50_Bubble/Selection,3,42
48,100.0000,10.0000,80.0000,7,50,50/50_Bubble/Selection,3,42
49,100.0000,12.0000,80.0000,5,50,50/50_Bubble/Selection,3,42
50,100.0000,12.0000,86.0000,7,50,50/50_Bubble/Selection,3,42
51,100.0000,16.0000,82.0000,6,50,50/50_Bubble/Selection,3,42
52,100.0000,18.0000,80.0000,6,50,50/50_Bubble/Selection,3,42
53,100.0000,18.0000,78.0000,9,50,50/50_Bubble/Selection,3,42
54,100.0000,28.0000,80.0000,10,50,50/50_Bubble/Selection,3,42
55,100.0000,34.0000,84.0000,9,50,50/50_Bubble/Selection,3,42
56,100.0000,36.0000,86.0000,6,50,50/50_Bubble/Selection,3,42
57,100.0000,40.0000,86.0000,4,50,50/50_Bubble/Selection,3,42
58,100.0000,44.0000,88.0000,5,50,50/50_Bubble/Selection,3,42
59,100.0000,48.0000,86.0000,4,50,50/50_Bubble/Selection,3,42
60,100.0000,58.0000,90.0000,5,50,50/50_Bubble/Selection,3,42
61,100.0000,60.0000,90.0000,3,50,50/50_Bubble/Selection,3,42
62,100.0000,68.0000,92.0000,4,50,50/50_Bubble/Selection,3,42
63,100.0000,74.0000,94.0000,2,50,50/50_Bubble/Selection,3,42
64,100.0000,78.0000,94.0000,3,50,50/50_Bubble/Selection,3,42
65,100.0000,82.0000,94.0000,2,50,50/50_Bubble/Selection,3,42
66,100.0000,90.0000,96.0000,3,50,50/50_Bubble/Selection,3,42
67,100.0000,92.0000,96.0000,1,50,50/50_Bubble/Selection,3,42
68,100.0000,100.0000,100.0000,2,50,50/50_Bubble/Selection,3,42
69,100.0000,100.0000,100.0000,0,50,50/50_Bubble/Selection,3,42
70,100.0000,100.0000,100.0000,0,50,50/50_Bubble/Selection,3,42
71,100.0000,100.0000,100.0000,0,50,50/50_Bubble/Selection,3,42
0,100.0000,2.0000,54.0000,0,50,50/50_Bubble/Selection,3,123
1,100.0000,4.0000,60.0000,16,50,50/50_Bubble/Selection,3,123
2,100.0000,2.0000,66.0000,11,50,50/50_Bubble/Selection,3,123
3,100.0000,2.0000,66.0000,14,50,50/50_Bubble/Selection,3,123
4,100.0000,2.0000,60.0000,15,50,50/50_Bubble/Selection,3,123
5,100.0000,2.0000,60.0000,15,50,50/50_Bubble/Selection,3,123
6,100.0000,0.0000,64.0000,14,50,50/50_Bubble/Selection,3,123
7,100.0000,6.0000,60.0000,8,50,50/50_Bubble/Selection,3,123
8,100.0000,0.0000,72.0000,14,50,50/50_Bubble/Selection,3,123
9,100.0000,2.0000,62.0000,13,50,50/50_Bubble/Selection,3,123
10,100.0000,2.0000,70.0000,13,50,50/50_Bubble/Selection,3,123
11,100.0000,2.0000,64.0000,13,50,50/50_Bubble/Selection,3,123
12,100.0000,4.0000,60.0000,14,50,50/50_Bubble/Selection,3,123
13,100.0000,2.0000,64.0000,14,50,50/50_Bubble/Selection,3,123
14,100.0000,2.0000,68.0000,15,50,50/50_Bubble/Selection,3,123
15,100.0000,2.0000,70.0000,11,50,50/50_Bubble/Selection,3,123
16,100.0000,2.0000,72.0000,11,50,50/50_Bubble/Selection,3,123
17,100.0000,2.0000,66.0000,12,50,50/50_Bubble/Selection,3,123
18,100.0000,4.0000,72.0000,14,50,50/50_Bubble/Selection,3,123
19,100.0000,2.0000,70.0000,10,50,50/50_Bubble/Selection,3,123
20,100.0000,2.0000,74.0000,7,50,50/50_Bubble/Selection,3,123
21,100.0000,2.0000,76.0000,8,50,50/50_Bubble/Selection,3,123
22,100.0000,2.0000,70.0000,10,50,50/50_Bubble/Selection,3,123
23,100.0000,2.0000,72.0000,9,50,50/50_Bubble/Selection,3,123
24,100.0000,4.0000,70.0000,11,50,50/50_Bubble/Selection,3,123
25,100.0000,2.0000,74.0000,12,50,50/50_Bubble/Selection,3,123
26,100.0000,6.0000,64.0000,10,50,50/50_Bubble/Selection,3,123
27,100.0000,4.0000,68.0000,15,50,50/50_Bubble/Selection,3,123
28,100.0000,10.0000,68.0000,12,50,50/50_Bubble/Selection,3,123
29,100.0000,8.0000,68.0000,12,50,50/50_Bubble/Selection,3,123
30,100.0000,4.0000,70.0000,12,50,50/50_Bubble/Selection,3,123
31,100.0000,6.0000,78.0000,8,50,50/50_Bubble/Selection,3,123
32,100.0000,4.0000,72.0000,10,50,50/50_Bubble/Selection,3,123
33,100.0000,6.0000,70.0000,11,50,50/50_Bubble/Selection,3,123
34,100.0000,6.0000,70.0000,11,50,50/50_Bubble/Selection,3,123
35,100.0000,6.0000,78.0000,10,50,50/50_Bubble/Selection,3,123
36,100.0000,8.0000,72.0000,7,50,50/50_Bubble/Selection,3,123
37,100.0000,12.0000,78.0000,11,50,50/50_Bubble/Selection,3,123
38,100.0000,16.0000,78.0000,8,50,50/50_Bubble/Selection,3,123
39,100.0000,16.0000,74.0000,10,50,50/50_Bubble/Selection,3,123
40,100.0000,16.0000,76.0000,10,50,50/50_Bubble/Selection,3,123
41,100.0000,20.0000,78.0000,6,50,50/50_Bubble/Selection,3,123
42,100.0000,18.0000,76.0000,8,50,50/50_Bubble/Selection,3,123
43,100.0000,18.0000,74.0000,9,50,50/50_Bubble/Selection,3,123
44,100.0000,26.0000,80.0000,9,50,50/50_Bubble/Selection,3,123
45,100.0000,28.0000,82.0000,7,50,50/50_Bubble/Selection,3,123
46,100.0000,32.0000,84.0000,5,50,50/50_Bubble/Selection,3,123
47,100.0000,42.0000,86.0000,8,50,50/50_Bubble/Selection,3,123
48,100.0000,44.0000,88.0000,3,50,50/50_Bubble/Selection,3,123
49,100.0000,48.0000,90.0000,4,50,50/50_Bubble/Selection,3,123
50,100.0000,52.0000,90.0000,3,50,50/50_Bubble/Selection,3,123
51,100.0000,52.0000,92.0000,4,50,50/50_Bubble/Selection,3,123
52,100.0000,56.0000,92.0000,3,50,50/50_Bubble/Selection,3,123
53,100.0000,56.0000,92.0000,2,50,50/50_Bubble/Selection,3,123
54,100.0000,60.0000,92.0000,4,50,50/50_Bubble/Selection,3,123
55,100.0000,62.0000,92.0000,3,50,50/50_Bubble/Selection,3,123
56,100.0000,70.0000,94.0000,4,50,50/50_Bubble/Selection,3,123
57,100.0000,72.0000,94.0000,2,50,50/50_Bubble/Selection,3,123
58,100.0000,76.0000,94.0000,3,50,50/50_Bubble/Selection,3,123
59,100.0000,80.0000,96.0000,1,50,50/50_Bubble/Selection,3,123
60,100.0000,84.0000,96.0000,2,50,50/50_Bubble/Selection,3,123
61,100.0000,86.0000,96.0000,1,50,50/50_Bubble/Selection,3,123
62,100.0000,90.0000,98.0000,1,50,50/50_Bubble/Selection,3,123
63,100.0000,92.0000,98.0000,1,50,50/50_Bubble/Selection,3,123
64,100.0000,94.0000,98.0000,1,50,50/50_Bubble/Selection,3,123
65,100.0000,96.0000,98.0000,1,50,50/50_Bubble/Selection,3,123
66,100.0000,100.0000,100.0000,1,50,50/50_Bubble/Selection,3,123
67,100.0000,100.0000,100.0000,0,50,50/50_Bubble/Selection,3,123
68,100.0000,100.0000,100.0000,0,50,50/50_Bubble/Selection,3,123
69,100.0000,100.0000,100.0000,0,50,50/50_Bubble/Selection,3,123
0,100.0000,6.0000,46.0000,0,50,50/50_Bubble/Selection,3,789
1,100.0000,0.0000,64.0000,18,50,50/50_Bubble/Selection,3,789
2,100.0000,0.0000,58.0000,14,50,50/50_Bubble/Selection,3,789
3,100.0000,0.0000,60.0000,13,50,50/50_Bubble/Selection,3,789
4,100.0000,4.0000,56.0000,15,50,50/50_Bubble/Selection,3,789
5,100.0000,4.0000,62.0000,14,50,50/50_Bubble/Selection,3,789
6,100.0000,4.0000,62.0000,12,50,50/50_Bubble/Selection,3,789
7,100.0000,2.0000,60.0000,14,50,50/50_Bubble/Selection,3,789
8,100.0000,0.0000,56.0000,17,50,50/50_Bubble/Selection,3,789
9,100.0000,0.0000,66.0000,16,50,50/50_Bubble/Selection,3,789
10,100.0000,2.0000,58.0000,12,50,50/50_Bubble/Selection,3,789
11,100.0000,2.0000,68.0000,14,50,50/50_Bubble/Selection,3,789
12,100.0000,4.0000,70.0000,10,50,50/50_Bubble/Selection,3,789
13,100.0000,4.0000,62.0000,12,50,50/50_Bubble/Selection,3,789
14,100.0000,0.0000,68.0000,12,50,50/50_Bubble/Selection,3,789
15,100.0000,0.0000,66.0000,11,50,50/50_Bubble/Selection,3,789
16,100.0000,2.0000,72.0000,12,50,50/50_Bubble/Selection,3,789
17,100.0000,4.0000,68.0000,13,50,50/50_Bubble/Selection,3,789
18,100.0000,0.0000,66.0000,14,50,50/50_Bubble/Selection,3,789
19,100.0000,0.0000,70.0000,11,50,50/50_Bubble/Selection,3,789
20,100.0000,0.0000,74.0000,9,50,50/50_Bubble/Selection,3,789
21,100.0000,0.0000,72.0000,9,50,50/50_Bubble/Selection,3,789
22,100.0000,0.0000,70.0000,12,50,50/50_Bubble/Selection,3,789
23,100.0000,0.0000,70.0000,8,50,50/50_Bubble/Selection,3,789
24,100.0000,0.0000,70.0000,11,50,50/50_Bubble/Selection,3,789
25,100.0000,0.0000,74.0000,11,50,50/50_Bubble/Selection,3,789
26,100.0000,0.0000,72.0000,9,50,50/50_Bubble/Selection,3,789
27,100.0000,0.0000,68.0000,11,50,50/50_Bubble/Selection,3,789
28,100.0000,0.0000,72.0000,12,50,50/50_Bubble/Selection,3,789
29,100.0000,2.0000,70.0000,10,50,50/50_Bubble/Selection,3,789
30,100.0000,6.0000,76.0000,13,50,50/50_Bubble/Selection,3,789
31,100.0000,6.0000,76.0000,8,50,50/50_Bubble/Selection,3,789
32,100.0000,6.0000,72.0000,11,50,50/50_Bubble/Selection,3,789
33,100.0000,10.0000,70.0000,9,50,50/50_Bubble/Selection,3,789
34,100.0000,8.0000,70.0000,13,50,50/50_Bubble/Selection,3,789
35,100.0000,6.0000,74.0000,10,50,50/50_Bubble/Selection,3,789
36,100.0000,6.0000,68.0000,11,50,50/50_Bubble/Selection,3,789
37,100.0000,6.0000,70.0000,10,50,50/50_Bubble/Selection,3,789
38,100.0000,6.0000,66.0000,11,50,50/50_Bubble/Selection,3,789
39,100.0000,8.0000,78.0000,12,50,50/50_Bubble/Selection,3,789
40,100.0000,10.0000,74.0000,7,50,50/50_Bubble/Selection,3,789
41,100.0000,10.0000,76.0000,11,50,50/50_Bubble/Selection,3,789
42,100.0000,10.0000,74.0000,9,50,50/50_Bubble/Selection,3,789
43,100.0000,18.0000,76.0000,12,50,50/50_Bubble/Selection,3,789
44,100.0000,18.0000,74.0000,8,50,50/50_Bubble/Selection,3,789
45,100.0000,18.0000,78.0000,10,50,50/50_Bubble/Selection,3,789
46,100.0000,24.0000,78.0000,9,50,50/50_Bubble/Selection,3,789
47,100.0000,34.0000,82.0000,9,50,50/50_Bubble/Selection,3,789
48,100.0000,42.0000,86.0000,4,50,50/50_Bubble/Selection,3,789
49,100.0000,46.0000,82.0000,7,50,50/50_Bubble/Selection,3,789
50,100.0000,54.0000,88.0000,5,50,50/50_Bubble/Selection,3,789
51,100.0000,66.0000,90.0000,5,50,50/50_Bubble/Selection,3,789
52,100.0000,72.0000,92.0000,5,50,50/50_Bubble/Selection,3,789
53,100.0000,78.0000,94.0000,3,50,50/50_Bubble/Selection,3,789
54,100.0000,84.0000,96.0000,3,50,50/50_Bubble/Selection,3,789
55,100.0000,90.0000,98.0000,2,50,50/50_Bubble/Selection,3,789
56,100.0000,92.0000,98.0000,1,50,50/50_Bubble/Selection,3,789
57,100.0000,92.0000,98.0000,0,50,50/50_Bubble/Selection,3,789
58,100.0000,94.0000,98.0000,1,50,50/50_Bubble/Selection,3,789
59,100.0000,96.0000,98.0000,1,50,50/50_Bubble/Selection,3,789
60,100.0000,100.0000,100.0000,1,50,50/50_Bubble/Selection,3,789
61,100.0000,100.0000,100.0000,0,50,50/50_Bubble/Selection,3,789
62,100.0000,100.0000,100.0000,0,50,50/50_Bubble/Selection,3,789
63,100.0000,100.0000,100.0000,0,50,50/50_Bubble/Selection,3,789
0,100.0000,2.0000,54.0000,0,50,33/33/33_Bubble/Selection/Insertion,0,42
1,100.0000,4.0000,50.0000,15,50,33/33/33_Bubble/Selection/Insertion,0,42
2,100.0000,2.0000,62.0000,18,50,33/33/33_Bubble/Selection/Insertion,0,42
3,100.0000,4.0000,56.0000,11,50,33/33/33_Bubble/Selection/Insertion,0,42
4,100.0000,4.0000,66.0000,13,50,33/33/33_Bubble/Selection/Insertion,0,42
5,100.0000,2.0000,58.0000,13,50,33/33/33_Bubble/Selection/Insertion,0,42
6,100.0000,2.0000,58.0000,16,50,33/33/33_Bubble/Selection/Insertion,0,42
7,100.0000,2.0000,64.0000,15,50,33/33/33_Bubble/Selection/Insertion,0,42
8,100.0000,2.0000,60.0000,13,50,33/33/33_Bubble/Selection/Insertion,0,42
9,100.0000,0.0000,56.0000,14,50,33/33/33_Bubble/Selection/Insertion,0,42
10,100.0000,0.0000,66.0000,13,50,33/33/33_Bubble/Selection/Insertion,0,42
11,100.0000,0.0000,64.0000,10,50,33/33/33_Bubble/Selection/Insertion,0,42
12,100.0000,0.0000,62.0000,11,50,33/33/33_Bubble/Selection/Insertion,0,42
13,100.0000,0.0000,54.0000,14,50,33/33/33_Bubble/Selection/Insertion,0,42
14,100.0000,4.0000,62.0000,14,50,33/33/33_Bubble/Selection/Insertion,0,42
15,100.0000,4.0000,60.0000,14,50,33/33/33_Bubble/Selection/Insertion,0,42
16,100.0000,2.0000,66.0000,15,50,33/33/33_Bubble/Selection/Insertion,0,42
17,100.0000,2.0000,64.0000,14,50,33/33/33_Bubble/Selection/Insertion,0,42
18,100.0000,2.0000,66.0000,12,50,33/33/33_Bubble/Selection/Insertion,0,42
19,100.0000,2.0000,68.0000,13,50,33/33/33_Bubble/Selection/Insertion,0,42
20,100.0000,0.0000,66.0000,13,50,33/33/33_Bubble/Selection/Insertion,0,42
21,100.0000,4.0000,64.0000,11,50,33/33/33_Bubble/Selection/Insertion,0,42
22,100.0000,12.0000,64.0000,14,50,33/33/33_Bubble/Selection/Insertion,0,42
23,100.0000,14.0000,60.0000,14,50,33/33/33_Bubble/Selection/Insertion,0,42
24,100.0000,8.0000,64.0000,15,50,33/33/33_Bubble/Selection/Insertion,0,42
25,100.0000,10.0000,68.0000,10,50,33/33/33_Bubble/Selection/Insertion,0,42
26,100.0000,10.0000,60.0000,13,50,33/33/33_Bubble/Selection/Insertion,0,42
27,100.0000,6.0000,64.0000,16,50,33/33/33_Bubble/Selection/Insertion,0,42
28,100.0000,8.0000,72.0000,13,50,33/33/33_Bubble/Selection/Insertion,0,42
29,100.0000,8.0000,76.0000,9,50,33/33/33_Bubble/Selection/Insertion,0,42
30,100.0000,8.0000,74.0000,6,50,33/33/33_Bubble/Selection/Insertion,0,42
31,100.0000,6.0000,74.0000,9,50,33/33/33_Bubble/Selection/Insertion,0,42
32,100.0000,8.0000,72.0000,7,50,33/33/33_Bubble/Selection/Insertion,0,42
33,100.0000,14.0000,74.0000,9,50,33/33/33_Bubble/Selection/Insertion,0,42
34,100.0000,10.0000,76.0000,10,50,33/33/33_Bubble/Selection/Insertion,0,42
35,100.0000,12.0000,72.0000,9,50,33/33/33_Bubble/Selection/Insertion,0,42
36,100.0000,14.0000,78.0000,9,50,33/33/33_Bubble/Selection/Insertion,0,42
37,100.0000,10.0000,74.0000,10,50,33/33/33_Bubble/Selection/Insertion,0,42
38,100.0000,8.0000,76.0000,10,50,33/33/33_Bubble/Selection/Insertion,0,42
39,100.0000,8.0000,76.0000,7,50,33/33/33_Bubble/Selection/Insertion,0,42
40,100.0000,6.0000,78.0000,11,50,33/33/33_Bubble/Selection/Insertion,0,42
41,100.0000,8.0000,74.0000,9,50,33/33/33_Bubble/Selection/Insertion,0,42
42,100.0000,10.0000,78.0000,9,50,33/33/33_Bubble/Selection/Insertion,0,42
43,100.0000,6.0000,80.0000,10,50,33/33/33_Bubble/Selection/Insertion,0,42
44,100.0000,6.0000,80.0000,7,50,33/33/33_Bubble/Selection/Insertion,0,42
45,100.0000,8.0000,80.0000,8,50,33/33/33_Bubble/Selection/Insertion,0,42
46,100.0000,12.0000,80.0000,8,50,33/33/33_Bubble/Selection/Insertion,0,42
47,100.0000,16.0000,80.0000,8,50,33/33/33_Bubble/Selection/Insertion,0,42
48,100.0000,24.0000,82.0000,8,50,33/33/33_Bubble/Selection/Insertion,0,42
49,100.0000,28.0000,82.0000,6,50,33/33/33_Bubble/Selection/Insertion,0,42
50,100.0000,30.0000,84.0000,6,50,33/33/33_Bubble/Selection/Insertion,0,42
51,100.0000,32.0000,84.0000,4,50,33/33/33_Bubble/Selection/Insertion,0,42
52,100.0000,34.0000,86.0000,7,50,33/33/33_Bubble/Selection/Insertion,0,42
53,100.0000,36.0000,86.0000,6,50,33/33/33_Bubble/Selection/Insertion,0,42
54,100.0000,38.0000,86.0000,4,50,33/33/33_Bubble/Selection/Insertion,0,42
55,100.0000,42.0000,88.0000,4,50,33/33/33_Bubble/Selection/Insertion,0,42
56,100.0000,48.0000,88.0000,4,50,33/33/33_Bubble/Selection/Insertion,0,42
57,100.0000,50.0000,90.0000,3,50,33/33/33_Bubble/Selection/Insertion,0,42
58,100.0000,56.0000,90.0000,4,50,33/33/33_Bubble/Selection/Insertion,0,42
59,100.0000,62.0000,90.0000,3,50,33/33/33_Bubble/Selection/Insertion,0,42
60,100.0000,68.0000,90.0000,4,50,33/33/33_Bubble/Selection/Insertion,0,42
61,100.0000,74.0000,90.0000,3,50,33/33/33_Bubble/Selection/Insertion,0,42
62,100.0000,84.0000,94.0000,4,50,33/33/33_Bubble/Selection/Insertion,0,42
63,100.0000,88.0000,96.0000,1,50,33/33/33_Bubble/Selection/Insertion,0,42
64,100.0000,88.0000,96.0000,0,50,33/33/33_Bubble/Selection/Insertion,0,42
65,100.0000,94.0000,98.0000,2,50,33/33/33_Bubble/Selection/Insertion,0,42
66,100.0000,94.0000,98.0000,0,50,33/33/33_Bubble/Selection/Insertion,0,42
67,100.0000,96.0000,98.0000,1,50,33/33/33_Bubble/Selection/Insertion,0,42
68,100.0000,100.0000,100.0000,1,50,33/33/33_Bubble/Selection/Insertion,0,42
69,100.0000,100.0000,100.0000,0,50,33/33/33_Bubble/Selection/Insertion,0,42
70,100.0000,100.0000,100.0000,0,50,33/33/33_Bubble/Selection/Insertion,0,42
71,100.0000,100.0000,100.0000,0,50,33/33/33_Bubble/Selection/Insertion,0,42
0,100.0000,2.0000,54.0000,0,50,33/33/33_Bubble/Selection/Insertion,0,123
1,100.0000,4.0000,64.0000,12,50,33/33/33_Bubble/Selection/Insertion,0,123
2,100.0000,2.0000,62.0000,11,50,33/33/33_Bubble/Selection/Insertion,0,123
3,100.0000,4.0000,68.0000,13,50,33/33/33_Bubble/Selection/Insertion,0,123
4,100.0000,4.0000,64.0000,11,50,33/33/33_Bubble/Selection/Insertion,0,123
5,100.0000,4.0000,66.0000,14,50,33/33/33_Bubble/Selection/Insertion,0,123
6,100.0000,2.0000,66.0000,11,50,33/33/33_Bubble/Selection/Insertion,0,123
7,100.0000,2.0000,60.0000,11,50,33/33/33_Bubble/Selection/Insertion,0,123
8,100.0000,2.0000,64.0000,12,50,33/33/33_Bubble/Selection/Insertion,0,123
9,100.0000,4.0000,64.0000,14,50,33/33/33_Bubble/Selection/Insertion,0,123
10,100.0000,4.0000,58.0000,11,50,33/33/33_Bubble/Selection/Insertion,0,123
11,100.0000,2.0000,70.0000,12,50,33/33/33_Bubble/Selection/Insertion,0,123
12,100.0000,4.0000,62.0000,9,50,33/33/33_Bubble/Selection/Insertion,0,123
13,100.0000,4.0000,68.0000,14,50,33/33/33_Bubble/Selection/Insertion,0,123
14,100.0000,4.0000,58.0000,13,50,33/33/33_Bubble/Selection/Insertion,0,123
15,100.0000,4.0000,66.0000,10,50,33/33/33_Bubble/Selection/Insertion,0,123
16,100.0000,2.0000,68.0000,10,50,33/33/33_Bubble/Selection/Insertion,0,123
17,100.0000,2.0000,66.0000,12,50,33/33/33_Bubble/Selection/Insertion,0,123
18,100.0000,2.0000,68.0000,9,50,33/33/33_Bubble/Selection/Insertion,0,123
19,100.0000,2.0000,70.0000,10,50,33/33/33_Bubble/Selection/Insertion,0,123
20,100.0000,2.0000,68.0000,10,50,33/33/33_Bubble/Selection/Insertion,0,123
21,100.0000,2.0000,68.0000,9,50,33/33/33_Bubble/Selection/Insertion,0,123
22,100.0000,4.0000,64.0000,14,50,33/33/33_Bubble/Selection/Insertion,0,123
23,100.0000,4.0000,72.0000,11,50,33/33/33_Bubble/Selection/Insertion,0,123
24,100.0000,6.0000,70.0000,11,50,33/33/33_Bubble/Selection/Insertion,0,123
25,100.0000,2.0000,72.0000,10,50,33/33/33_Bubble/Selection/Insertion,0,123
26,100.0000,2.0000,74.0000,10,50,33/33/33_Bubble/Selection/Insertion,0,123
27,100.0000,8.0000,70.0000,9,50,33/33/33_Bubble/Selection/Insertion,0,123
28,100.0000,4.0000,74.0000,10,50,33/33/33_Bubble/Selection/Insertion,0,123
29,100.0000,4.0000,74.0000,11,50,33/33/33_Bubble/Selection/Insertion,0,123
30,100.0000,6.0000,70.0000,10,50,33/33/33_Bubble/Selection/Insertion,0,123
31,100.0000,6.0000,80.0000,9,50,33/33/33_Bubble/Selection/Insertion,0,123
32,100.0000,6.0000,76.0000,9,50,33/33/33_Bubble/Selection/Insertion,0,123
33,100.0000,6.0000,76.0000,6,50,33/33/33_Bubble/Selection/Insertion,0,123
34,100.0000,10.0000,76.0000,9,50,33/33/33_Bubble/Selection/Insertion,0,123
35,100.0000,10.0000,74.0000,10,50,33/33/33_Bubble/Selection/Insertion,0,123
36,100.0000,8.0000,76.0000,10,50,33/33/33_Bubble/Selection/Insertion,0,123
37,100.0000,6.0000,74.0000,10,50,33/33/33_Bubble/Selection/Insertion,0,123
38,100.0000,4.0000,78.0000,7,50,33/33/33_Bubble/Selection/Insertion,0,123
39,100.0000,4.0000,74.0000,9,50,33/33/33_Bubble/Selection/Insertion,0,123
40,100.0000,4.0000,80.0000,10,50,33/33/33_Bubble/Selection/Insertion,0,123
41,100.0000,4.0000,76.0000,9,50,33/33/33_Bubble/Selection/Insertion,0,123
42,100.0000,4.0000,78.0000,10,50,33/33/33_Bubble/Selection/Insertion,0,123
43,100.0000,4.0000,78.0000,10,50,33/33/33_Bubble/Selection/Insertion,0,123
44,100.0000,4.0000,76.0000,8,50,33/33/33_Bubble/Selection/Insertion,0,123
45,100.0000,10.0000,76.0000,9,50,33/33/33_Bubble/Selection/Insertion,0,123
46,100.0000,10.0000,80.0000,9,50,33/33/33_Bubble/Selection/Insertion,0,123
47,100.0000,18.0000,82.0000,6,50,33/33/33_Bubble/Selection/Insertion,0,123
48,100.0000,18.0000,82.0000,8,50,33/33/33_Bubble/Selection/Insertion,0,123
49,100.0000,20.0000,84.0000,7,50,33/33/33_Bubble/Selection/Insertion,0,123
50,100.0000,28.0000,84.0000,8,50,33/33/33_Bubble/Selection/Insertion,0,123
51,100.0000,32.0000,88.0000,6,50,33/33/33_Bubble/Selection/Insertion,0,123
52,100.0000,40.0000,88.0000,5,50,33/33/33_Bubble/Selection/Insertion,0,123
53,100.0000,48.0000,92.0000,3,50,33/33/33_Bubble/Selection/Insertion,0,123
54,100.0000,50.0000,92.0000,2,50,33/33/33_Bubble/Selection/Insertion,0,123
55,100.0000,54.0000,92.0000,3,50,33/33/33_Bubble/Selection/Insertion,0,123
56,100.0000,58.0000,94.0000,3,50,33/33/33_Bubble/Selection/Insertion,0,123
57,100.0000,62.0000,94.0000,2,50,33/33/33_Bubble/Selection/Insertion,0,123
58,100.0000,64.0000,92.0000,2,50,33/33/33_Bubble/Selection/Insertion,0,123
59,100.0000,68.0000,94.0000,3,50,33/33/33_Bubble/Selection/Insertion,0,123
60,100.0000,72.0000,94.0000,3,50,33/33/33_Bubble/Selection/Insertion,0,123
61,100.0000,72.0000,94.0000,2,50,33/33/33_Bubble/Selection/Insertion,0,123
62,100.0000,74.0000,94.0000,3,50,33/33/33_Bubble/Selection/Insertion,0,123
63,100.0000,76.0000,94.0000,3,50,33/33/33_Bubble/Selection/Insertion,0,123
64,100.0000,80.0000,94.0000,3,50,33/33/33_Bubble/Selection/Insertion,0,123
65,100.0000,84.0000,94.0000,2,50,33/33/33_Bubble/Selection/Insertion,0,123
66,100.0000,94.0000,98.0000,3,50,33/33/33_Bubble/Selection/Insertion,0,123
67,100.0000,96.0000,98.0000,1,50,33/33/33_Bubble/Selection/Insertion,0,123
68,100.0000,100.0000,100.0000,1,50,33/33/33_Bubble/Selection/Insertion,0,123
69,100.0000,100.0000,100.0000,0,50,33/33/33_Bubble/Selection/Insertion,0,123
70,100.0000,100.0000,100.0000,0,50,33/33/33_Bubble/Selection/Insertion,0,123
71,100.0000,100.0000,100.0000,0,50,33/33/33_Bubble/Selection/Insertion,0,123
0,100.0000,6.0000,46.0000,0,50,33/33/33_Bubble/Selection/Insertion,0,789
1,100.0000,2.0000,62.0000,13,50,33/33/33_Bubble/Selection/Insertion,0,789
2,100.0000,0.0000,56.0000,12,50,33/33/33_Bubble/Selection/Insertion,0,789
3,100.0000,0.0000,56.0000,15,50,33/33/33_Bubble/Selection/Insertion,0,789
4,100.0000,2.0000,64.0000,12,50,33/33/33_Bubble/Selection/Insertion,0,789
5,100.0000,2.0000,56.0000,15,50,33/33/33_Bubble/Selection/Insertion,0,789
6,100.0000,4.0000,54.0000,15,50,33/33/33_Bubble/Selection/Insertion,0,789
7,100.0000,0.0000,58.0000,16,50,33/33/33_Bubble/Selection/Insertion,0,789
8,100.0000,0.0000,62.0000,14,50,33/33/33_Bubble/Selection/Insertion,0,789
9,100.0000,2.0000,60.0000,15,50,33/33/33_Bubble/Selection/Insertion,0,789
10,100.0000,2.0000,70.0000,14,50,33/33/33_Bubble/Selection/Insertion,0,789
11,100.0000,0.0000,60.0000,10,50,33/33/33_Bubble/Selection/Insertion,0,789
12,100.0000,0.0000,66.0000,15,50,33/33/33_Bubble/Selection/Insertion,0,789
13,100.0000,0.0000,64.0000,13,50,33/33/33_Bubble/Selection/Insertion,0,789
14,100.0000,4.0000,66.0000,14,50,33/33/33_Bubble/Selection/Insertion,0,789
15,100.0000,2.0000,66.0000,11,50,33/33/33_Bubble/Selection/Insertion,0,789
16,100.0000,6.0000,72.0000,13,50,33/33/33_Bubble/Selection/Insertion,0,789
17,100.0000,2.0000,64.0000,10,50,33/33/33_Bubble/Selection/Insertion,0,789
18,100.0000,2.0000,68.0000,14,50,33/33/33_Bubble/Selection/Insertion,0,789
19,100.0000,0.0000,72.0000,11,50,33/33/33_Bubble/Selection/Insertion,0,789
20,100.0000,0.0000,68.0000,13,50,33/33/33_Bubble/Selection/Insertion,0,789
21,100.0000,0.0000,68.0000,7,50,33/33/33_Bubble/Selection/Insertion,0,789
22,100.0000,0.0000,72.0000,12,50,33/33/33_Bubble/Selection/Insertion,0,789
23,100.0000,0.0000,76.0000,10,50,33/33/33_Bubble/Selection/Insertion,0,789
24,100.0000,0.0000,76.0000,9,50,33/33/33_Bubble/Selection/Insertion,0,789
25,100.0000,0.0000,78.0000,9,50,33/33/33_Bubble/Selection/Insertion,0,789
26,100.0000,0.0000,78.0000,6,50,33/33/33_Bubble/Selection/Insertion,0,789
27,100.0000,2.0000,72.0000,7,50,33/33/33_Bubble/Selection/Insertion,0,789
28,100.0000,8.0000,70.0000,12,50,33/33/33_Bubble/Selection/Insertion,0,789
29,100.0000,8.0000,74.0000,11,50,33/33/33_Bubble/Selection/Insertion,0,789
30,100.0000,6.0000,74.0000,9,50,33/33/33_Bubble/Selection/Insertion,0,789
31,100.0000,6.0000,76.0000,8,50,33/33/33_Bubble/Selection/Insertion,0,789
32,100.0000,10.0000,76.0000,10,50,33/33/33_Bubble/Selection/Insertion,0,789
33,100.0000,8.0000,76.0000,7,50,33/33/33_Bubble/Selection/Insertion,0,789
34,100.0000,6.0000,76.0000,10,50,33/33/33_Bubble/Selection/Insertion,0,789
35,100.0000,6.0000,78.0000,9,50,33/33/33_Bubble/Selection/Insertion,0,789
36,100.0000,6.0000,76.0000,8,50,33/33/33_Bubble/Selection/Insertion,0,789
37,100.0000,6.0000,76.0000,7,50,33/33/33_Bubble/Selection/Insertion,0,789
38,100.0000,6.0000,74.0000,6,50,33/33/33_Bubble/Selection/Insertion,0,789
39,100.0000,8.0000,72.0000,11,50,33/33/33_Bubble/Selection/Insertion,0,789
40,100.0000,10.0000,74.0000,8,50,33/33/33_Bubble/Selection/Insertion,0,789
41,100.0000,14.0000,72.0000,10,50,33/33/33_Bubble/Selection/Insertion,0,789
42,100.0000,20.0000,74.0000,9,50,33/33/33_Bubble/Selection/Insertion,0,789
43,100.0000,16.0000,70.0000,10,50,33/33/33_Bubble/Selection/Insertion,0,789
44,100.0000,14.0000,72.0000,12,50,33/33/33_Bubble/Selection/Insertion,0,789
45,100.0000,18.0000,68.0000,12,50,33/33/33_Bubble/Selection/Insertion,0,789
46,100.0000,22.0000,76.0000,10,50,33/33/33_Bubble/Selection/Insertion,0,789
47,100.0000,26.0000,76.0000,9,50,33/33/33_Bubble/Selection/Insertion,0,789
48,100.0000,32.0000,80.0000,9,50,33/33/33_Bubble/Selection/Insertion,0,789
49,100.0000,38.0000,80.0000,7,50,33/33/33_Bubble/Selection/Insertion,0,789
50,100.0000,42.0000,82.0000,8,50,33/33/33_Bubble/Selection/Insertion,0,789
51,100.0000,44.0000,86.0000,8,50,33/33/33_Bubble/Selection/Insertion,0,789
52,100.0000,50.0000,90.0000,5,50,33/33/33_Bubble/Selection/Insertion,0,789
53,100.0000,54.0000,90.0000,4,50,33/33/33_Bubble/Selection/Insertion,0,789
54,100.0000,60.0000,90.0000,5,50,33/33/33_Bubble/Selection/Insertion,0,789
55,100.0000,64.0000,90.0000,3,50,33/33/33_Bubble/Selection/Insertion,0,789
56,100.0000,74.0000,92.0000,5,50,33/33/33_Bubble/Selection/Insertion,0,789
57,100.0000,82.0000,94.0000,4,50,33/33/33_Bubble/Selection/Insertion,0,789
58,100.0000,88.0000,96.0000,2,50,33/33/33_Bubble/Selection/Insertion,0,789
59,100.0000,94.0000,98.0000,2,50,33/33/33_Bubble/Selection/Insertion,0,789
60,100.0000,96.0000,98.0000,1,50,33/33/33_Bubble/Selection/Insertion,0,789
61,100.0000,96.0000,98.0000,0,50,33/33/33_Bubble/Selection/Insertion,0,789
62,100.0000,100.0000,100.0000,1,50,33/33/33_Bubble/Selection/Insertion,0,789
63,100.0000,100.0000,100.0000,0,50,33/33/33_Bubble/Selection/Insertion,0,789
64,100.0000,100.0000,100.0000,0,50,33/33/33_Bubble/Selection/Insertion,0,789
65,100.0000,100.0000,100.0000,0,50,33/33/33_Bubble/Selection/Insertion,0,789
0,100.0000,2.0000,54.0000,0,50,33/33/33_Bubble/Selection/Insertion,1,42
1,100.0000,4.0000,50.0000,16,50,33/33/33_Bubble/Selection/Insertion,1,42
2,100.0000,2.0000,54.0000,18,50,33/33/33_Bubble/Selection/Insertion,1,42
3,100.0000,0.0000,62.0000,18,50,33/33/33_Bubble/Selection/Insertion,1,42
4,100.0000,0.0000,56.0000,13,50,33/33/33_Bubble/Selection/Insertion,1,42
5,100.0000,2.0000,64.0000,17,50,33/33/33_Bubble/Selection/Insertion,1,42
6,100.0000,4.0000,60.0000,10,50,33/33/33_Bubble/Selection/Insertion,1,42
7,100.0000,2.0000,56.0000,14,50,33/33/33_Bubble/Selection/Insertion,1,42
8,100.0000,4.0000,60.0000,15,50,33/33/33_Bubble/Selection/Insertion,1,42
9,100.0000,2.0000,62.0000,13,50,33/33/33_Bubble/Selection/Insertion,1,42
10,100.0000,2.0000,66.0000,12,50,33/33/33_Bubble/Selection/Insertion,1,42
11,100.0000,2.0000,68.0000,11,50,33/33/33_Bubble/Selection/Insertion,1,42
12,100.0000,2.0000,60.0000,9,50,33/33/33_Bubble/Selection/Insertion,1,42
13,100.0000,0.0000,66.0000,14,50,33/33/33_Bubble/Selection/Insertion,1,42
14,100.0000,0.0000,68.0000,13,50,33/33/33_Bubble/Selection/Insertion,1,42
15,100.0000,2.0000,66.0000,10,50,33/33/33_Bubble/Selection/Insertion,1,42
16,100.0000,0.0000,70.0000,11,50,33/33/33_Bubble/Selection/Insertion,1,42
17,100.0000,2.0000,62.0000,14,50,33/33/33_Bubble/Selection/Insertion,1,42
18,100.0000,0.0000,64.0000,13,50,33/33/33_Bubble/Selection/Insertion,1,42
19,100.0000,12.0000,66.0000,11,50,33/33/33_Bubble/Selection/Insertion,1,42
20,100.0000,14.0000,70.0000,11,50,33/33/33_Bubble/Selection/Insertion,1,42
21,100.0000,10.0000,70.0000,9,50,33/33/33_Bubble/Selection/Insertion,1,42
22,100.0000,6.0000,64.0000,12,50,33/33/33_Bubble/Selection/Insertion,1,42
23,100.0000,6.0000,68.0000,14,50,33/33/33_Bubble/Selection/Insertion,1,42
24,100.0000,8.0000,66.0000,13,50,33/33/33_Bubble/Selection/Insertion,1,42
25,100.0000,12.0000,66.0000,13,50,33/33/33_Bubble/Selection/Insertion,1,42
26,100.0000,14.0000,70.0000,13,50,33/33/33_Bubble/Selection/Insertion,1,42
27,100.0000,10.0000,72.0000,11,50,33/33/33_Bubble/Selection/Insertion,1,42
28,100.0000,6.0000,70.0000,9,50,33/33/33_Bubble/Selection/Insertion,1,42
29,100.0000,6.0000,72.0000,12,50,33/33/33_Bubble/Selection/Insertion,1,42
30,100.0000,8.0000,74.0000,9,50,33/33/33_Bubble/Selection/Insertion,1,42
31,100.0000,12.0000,76.0000,9,50,33/33/33_Bubble/Selection/Insertion,1,42
32,100.0000,6.0000,74.0000,9,50,33/33/33_Bubble/Selection/Insertion,1,42
33,100.0000,8.0000,72.0000,12,50,33/33/33_Bubble/Selection/Insertion,1,42
34,100.0000,10.0000,78.0000,9,50,33/33/33_Bubble/Selection/Insertion,1,42
35,100.0000,12.0000,74.0000,10,50,33/33/33_Bubble/Selection/Insertion,1,42
36,100.0000,8.0000,74.0000,10,50,33/33/33_Bubble/Selection/Insertion,1,42
37,100.0000,6.0000,80.0000,7,50,33/33/33_Bubble/Selection/Insertion,1,42
38,100.0000,8.0000,76.0000,7,50,33/33/33_Bubble/Selection/Insertion,1,42
39,100.0000,10.0000,84.0000,7,50,33/33/33_Bubble/Selection/Insertion,1,42
40,100.0000,8.0000,82.0000,7,50,33/33/33_Bubble/Selection/Insertion,1,42
41,100.0000,6.0000,82.0000,8,50,33/33/33_Bubble/Selection/Insertion,1,42
42,100.0000,8.0000,86.0000,6,50,33/33/33_Bubble/Selection/Insertion,1,42
43,100.0000,6.0000,86.0000,5,50,33/33/33_Bubble/Selection/Insertion,1,42
44,100.0000,6.0000,88.0000,5,50,33/33/33_Bubble/Selection/Insertion,1,42
45,100.0000,6.0000,86.0000,5,50,33/33/33_Bubble/Selection/Insertion,1,42
46,100.0000,6.0000,84.0000,7,50,33/33/33_Bubble/Selection/Insertion,1,42
47,100.0000,6.0000,86.0000,4,50,33/33/33_Bubble/Selection/Insertion,1,42
48,100.0000,6.0000,82.0000,6,50,33/33/33_Bubble/Selection/Insertion,1,42
49,100.0000,8.0000,80.0000,7,50,33/33/33_Bubble/Selection/Insertion,1,42
50,100.0000,10.0000,80.0000,8,50,33/33/33_Bubble/Selection/Insertion,1,42
51,100.0000,10.0000,82.0000,6,50,33/33/33_Bubble/Selection/Insertion,1,42
52,100.0000,14.0000,82.0000,7,50,33/33/33_Bubble/Selection/Insertion,1,42
53,100.0000,20.0000,84.0000,5,50,33/33/33_Bubble/Selection/Insertion,1,42
54,100.0000,22.0000,80.0000,5,50,33/33/33_Bubble/Selection/Insertion,1,42
55,100.0000,26.0000,84.0000,9,50,33/33/33_Bubble/Selection/Insertion,1,42
56,100.0000,28.0000,86.0000,5,50,33/33/33_Bubble/Selection/Insertion,1,42
57,100.0000,32.0000,84.0000,5,50,33/33/33_Bubble/Selection/Insertion,1,42
58,100.0000,36.0000,84.0000,7,50,33/33/33_Bubble/Selection/Insertion,1,42
59,100.0000,40.0000,86.0000,5,50,33/33/33_Bubble/Selection/Insertion,1,42
60,100.0000,46.0000,90.0000,4,50,33/33/33_Bubble/Selection/Insertion,1,42
61,100.0000,50.0000,88.0000,4,50,33/33/33_Bubble/Selection/Insertion,1,42
62,100.0000,54.0000,88.0000,5,50,33/33/33_Bubble/Selection/Insertion,1,42
63,100.0000,58.0000,88.0000,5,50,33/33/33_Bubble/Selection/Insertion,1,42
64,100.0000,64.0000,88.0000,5,50,33/33/33_Bubble/Selection/Insertion,1,42
65,100.0000,70.0000,90.0000,2,50,33/33/33_Bubble/Selection/Insertion,1,42
66,100.0000,78.0000,92.0000,4,50,33/33/33_Bubble/Selection/Insertion,1,42
67,100.0000,82.0000,92.0000,2,50,33/33/33_Bubble/Selection/Insertion,1,42
68,100.0000,88.0000,96.0000,2,50,33/33/33_Bubble/Selection/Insertion,1,42
69,100.0000,92.0000,96.0000,2,50,33/33/33_Bubble/Selection/Insertion,1,42
70,100.0000,96.0000,98.0000,1,50,33/33/33_Bubble/Selection/Insertion,1,42
71,100.0000,100.0000,100.0000,1,50,33/33/33_Bubble/Selection/Insertion,1,42
72,100.0000,100.0000,100.0000,0,50,33/33/33_Bubble/Selection/Insertion,1,42
73,100.0000,100.0000,100.0000,0,50,33/33/33_Bubble/Selection/Insertion,1,42
74,100.0000,100.0000,100.0000,0,50,33/33/33_Bubble/Selection/Insertion,1,42
0,100.0000,2.0000,54.0000,0,50,33/33/33_Bubble/Selection/Insertion,1,123
1,100.0000,6.0000,60.0000,17,50,33/33/33_Bubble/Selection/Insertion,1,123
2,100.0000,4.0000,58.0000,12,50,33/33/33_Bubble/Selection/Insertion,1,123
3,100.0000,0.0000,60.0000,15,50,33/33/33_Bubble/Selection/Insertion,1,123
4,100.0000,0.0000,62.0000,11,50,33/33/33_Bubble/Selection/Insertion,1,123
5,100.0000,0.0000,64.0000,13,50,33/33/33_Bubble/Selection/Insertion,1,123
6,100.0000,2.0000,52.0000,14,50,33/33/33_Bubble/Selection/Insertion,1,123
7,100.0000,6.0000,68.0000,14,50,33/33/33_Bubble/Selection/Insertion,1,123
8,100.0000,4.0000,66.0000,8,50,33/33/33_Bubble/Selection/Insertion,1,123
9,100.0000,4.0000,62.0000,14,50,33/33/33_Bubble/Selection/Insertion,1,123
10,100.0000,2.0000,66.0000,12,50,33/33/33_Bubble/Selection/Insertion,1,123
11,100.0000,4.0000,70.0000,13,50,33/33/33_Bubble/Selection/Insertion,1,123
12,100.0000,4.0000,64.0000,13,50,33/33/33_Bubble/Selection/Insertion,1,123
13,100.0000,4.0000,68.0000,11,50,33/33/33_Bubble/Selection/Insertion,1,123
14,100.0000,8.0000,70.0000,9,50,33/33/33_Bubble/Selection/Insertion,1,123
15,100.0000,4.0000,68.0000,14,50,33/33/33_Bubble/Selection/Insertion,1,123
16,100.0000,2.0000,68.0000,13,50,33/33/33_Bubble/Selection/Insertion,1,123
17,100.0000,2.0000,66.0000,12,50,33/33/33_Bubble/Selection/Insertion,1,123
18,100.0000,6.0000,72.0000,11,50,33/33/33_Bubble/Selection/Insertion,1,123
19,100.0000,4.0000,68.0000,8,50,33/33/33_Bubble/Selection/Insertion,1,123
20,100.0000,4.0000,66.0000,10,50,33/33/33_Bubble/Selection/Insertion,1,123
21,100.0000,2.0000,68.0000,9,50,33/33/33_Bubble/Selection/Insertion,1,123
22,100.0000,6.0000,66.0000,13,50,33/33/33_Bubble/Selection/Insertion,1,123
23,100.0000,8.0000,68.0000,14,50,33/33/33_Bubble/Selection/Insertion,1,123
24,100.0000,2.0000,76.0000,11,50,33/33/33_Bubble/Selection/Insertion,1,123
25,100.0000,2.0000,78.0000,7,50,33/33/33_Bubble/Selection/Insertion,1,123
26,100.0000,4.0000,72.0000,9,50,33/33/33_Bubble/Selection/Insertion,1,123
27,100.0000,4.0000,72.0000,9,50,33/33/33_Bubble/Selection/Insertion,1,123
28,100.0000,4.0000,76.0000,13,50,33/33/33_Bubble/Selection/Insertion,1,123
29,100.0000,8.0000,76.0000,8,50,33/33/33_Bubble/Selection/Insertion,1,123
30,100.0000,8.0000,76.0000,9,50,33/33/33_Bubble/Selection/Insertion,1,123
31,100.0000,4.0000,76.0000,11,50,33/33/33_Bubble/Selection/Insertion,1,123
32,100.0000,2.0000,76.0000,10,50,33/33/33_Bubble/Selection/Insertion,1,123
33,100.0000,6.0000,82.0000,8,50,33/33/33_Bubble/Selection/Insertion,1,123
34,100.0000,6.0000,80.0000,7,50,33/33/33_Bubble/Selection/Insertion,1,123
35,100.0000,4.0000,76.0000,7,50,33/33/33_Bubble/Selection/Insertion,1,123
36,100.0000,4.0000,72.0000,10,50,33/33/33_Bubble/Selection/Insertion,1,123
37,100.0000,4.0000,76.0000,8,50,33/33/33_Bubble/Selection/Insertion,1,123
38,100.0000,4.0000,76.0000,7,50,33/33/33_Bubble/Selection/Insertion,1,123
39,100.0000,6.0000,76.0000,8,50,33/33/33_Bubble/Selection/Insertion,1,123
40,100.0000,8.0000,74.0000,10,50,33/33/33_Bubble/Selection/Insertion,1,123
41,100.0000,12.0000,78.0000,8,50,33/33/33_Bubble/Selection/Insertion,1,123
42,100.0000,14.0000,76.0000,7,50,33/33/33_Bubble/Selection/Insertion,1,123
43,100.0000,12.0000,80.0000,8,50,33/33/33_Bubble/Selection/Insertion,1,123
44,100.0000,12.0000,84.0000,5,50,33/33/33_Bubble/Selection/Insertion,1,123
45,100.0000,12.0000,82.0000,5,50,33/33/33_Bubble/Selection/Insertion,1,123
46,100.0000,16.0000,82.0000,6,50,33/33/33_Bubble/Selection/Insertion,1,123
47,100.0000,18.0000,80.0000,6,50,33/33/33_Bubble/Selection/Insertion,1,123
48,100.0000,16.0000,84.0000,8,50,33/33/33_Bubble/Selection/Insertion,1,123
49,100.0000,18.0000,82.0000,6,50,33/33/33_Bubble/Selection/Insertion,1,123
50,100.0000,24.0000,88.0000,6,50,33/33/33_Bubble/Selection/Insertion,1,123
51,100.0000,30.0000,86.0000,5,50,33/33/33_Bubble/Selection/Insertion,1,123
52,100.0000,42.0000,90.0000,6,50,33/33/33_Bubble/Selection/Insertion,1,123
53,100.0000,48.0000,92.0000,2,50,33/33/33_Bubble/Selection/Insertion,1,123
54,100.0000,50.0000,90.0000,3,50,33/33/33_Bubble/Selection/Insertion,1,123
55,100.0000,52.0000,90.0000,3,50,33/33/33_Bubble/Selection/Insertion,1,123
56,100.0000,56.0000,90.0000,2,50,33/33/33_Bubble/Selection/Insertion,1,123
57,100.0000,60.0000,90.0000,5,50,33/33/33_Bubble/Selection/Insertion,1,123
58,100.0000,64.0000,92.0000,3,50,33/33/33_Bubble/Selection/Insertion,1,123
59,100.0000,66.0000,92.0000,4,50,33/33/33_Bubble/Selection/Insertion,1,123
60,100.0000,70.0000,92.0000,2,50,33/33/33_Bubble/Selection/Insertion,1,123
61,100.0000,70.0000,92.0000,1,50,33/33/33_Bubble/Selection/Insertion,1,123
62,100.0000,72.0000,94.0000,2,50,33/33/33_Bubble/Selection/Insertion,1,123
63,100.0000,70.0000,94.0000,3,50,33/33/33_Bubble/Selection/Insertion,1,123
64,100.0000,72.0000,96.0000,2,50,33/33/33_Bubble/Selection/Insertion,1,123
65,100.0000,72.0000,94.0000,2,50,33/33/33_Bubble/Selection/Insertion,1,123
66,100.0000,76.0000,94.0000,3,50,33/33/33_Bubble/Selection/Insertion,1,123
67,100.0000,78.0000,96.0000,1,50,33/33/33_Bubble/Selection/Insertion,1,123
68,100.0000,80.0000,94.0000,2,50,33/33/33_Bubble/Selection/Insertion,1,123
69,100.0000,82.0000,94.0000,2,50,33/33/33_Bubble/Selection/Insertion,1,123
70,100.0000,84.0000,96.0000,1,50,33/33/33_Bubble/Selection/Insertion,1,123
71,100.0000,86.0000,94.0000,2,50,33/33/33_Bubble/Selection/Insertion,1,123
72,100.0000,92.0000,96.0000,2,50,33/33/33_Bubble/Selection/Insertion,1,123
73,100.0000,100.0000,100.0000,2,50,33/33/33_Bubble/Selection/Insertion,1,123
74,100.0000,100.0000,100.0000,0,50,33/33/33_Bubble/Selection/Insertion,1,123
75,100.0000,100.0000,100.0000,0,50,33/33/33_Bubble/Selection/Insertion,1,123
76,100.0000,100.0000,100.0000,0,50,33/33/33_Bubble/Selection/Insertion,1,123
0,100.0000,6.0000,46.0000,0,50,33/33/33_Bubble/Selection/Insertion,1,789
1,100.0000,0.0000,60.0000,17,50,33/33/33_Bubble/Selection/Insertion,1,789
2,100.0000,0.0000,56.0000,11,50,33/33/33_Bubble/Selection/Insertion,1,789
3,100.0000,0.0000,60.0000,16,50,33/33/33_Bubble/Selection/Insertion,1,789
4,100.0000,2.0000,62.0000,13,50,33/33/33_Bubble/Selection/Insertion,1,789
5,100.0000,6.0000,62.0000,11,50,33/33/33_Bubble/Selection/Insertion,1,789
6,100.0000,4.0000,64.0000,13,50,33/33/33_Bubble/Selection/Insertion,1,789
7,100.0000,2.0000,64.0000,12,50,33/33/33_Bubble/Selection/Insertion,1,789
8,100.0000,4.0000,68.0000,11,50,33/33/33_Bubble/Selection/Insertion,1,789
9,100.0000,2.0000,70.0000,11,50,33/33/33_Bubble/Selection/Insertion,1,789
10,100.0000,2.0000,68.0000,10,50,33/33/33_Bubble/Selection/Insertion,1,789
11,100.0000,4.0000,64.0000,10,50,33/33/33_Bubble/Selection/Insertion,1,789
12,100.0000,2.0000,62.0000,14,50,33/33/33_Bubble/Selection/Insertion,1,789
13,100.0000,2.0000,68.0000,13,50,33/33/33_Bubble/Selection/Insertion,1,789
14,100.0000,4.0000,64.0000,13,50,33/33/33_Bubble/Selection/Insertion,1,789
15,100.0000,6.0000,64.0000,12,50,33/33/33_Bubble/Selection/Insertion,1,789
16,100.0000,4.0000,68.0000,12,50,33/33/33_Bubble/Selection/Insertion,1,789
17,100.0000,6.0000,64.0000,11,50,33/33/33_Bubble/Selection/Insertion,1,789
18,100.0000,4.0000,62.0000,13,50,33/33/33_Bubble/Selection/Insertion,1,789
19,100.0000,4.0000,62.0000,12,50,33/33/33_Bubble/Selection/Insertion,1,789
20,100.0000,2.0000,68.0000,14,50,33/33/33_Bubble/Selection/Insertion,1,789
21,100.0000,2.0000,68.0000,10,50,33/33/33_Bubble/Selection/Insertion,1,789
22,100.0000,0.0000,72.0000,12,50,33/33/33_Bubble/Selection/Insertion,1,789
23,100.0000,2.0000,70.0000,10,50,33/33/33_Bubble/Selection/Insertion,1,789
24,100.0000,0.0000,72.0000,10,50,33/33/33_Bubble/Selection/Insertion,1,789
25,100.0000,0.0000,76.0000,10,50,33/33/33_Bubble/Selection/Insertion,1,789
26,100.0000,0.0000,72.0000,8,50,33/33/33_Bubble/Selection/Insertion,1,789
27,100.0000,2.0000,74.0000,10,50,33/33/33_Bubble/Selection/Insertion,1,789
28,100.0000,6.0000,72.0000,10,50,33/33/33_Bubble/Selection/Insertion,1,789
29,100.0000,6.0000,78.0000,11,50,33/33/33_Bubble/Selection/Insertion,1,789
30,100.0000,6.0000,74.0000,8,50,33/33/33_Bubble/Selection/Insertion,1,789
31,100.0000,6.0000,76.0000,8,50,33/33/33_Bubble/Selection/Insertion,1,789
32,100.0000,8.0000,70.0000,10,50,33/33/33_Bubble/Selection/Insertion,1,789
33,100.0000,6.0000,72.0000,9,50,33/33/33_Bubble/Selection/Insertion,1,789
34,100.0000,6.0000,74.0000,8,50,33/33/33_Bubble/Selection/Insertion,1,789
35,100.0000,6.0000,72.0000,10,50,33/33/33_Bubble/Selection/Insertion,1,789
36,100.0000,6.0000,76.0000,7,50,33/33/33_Bubble/Selection/Insertion,1,789
37,100.0000,6.0000,72.0000,8,50,33/33/33_Bubble/Selection/Insertion,1,789
38,100.0000,6.0000,70.0000,11,50,33/33/33_Bubble/Selection/Insertion,1,789
39,100.0000,8.0000,68.0000,11,50,33/33/33_Bubble/Selection/Insertion,1,789
40,100.0000,10.0000,72.0000,12,50,33/33/33_Bubble/Selection/Insertion,1,789
41,100.0000,10.0000,68.0000,12,50,33/33/33_Bubble/Selection/Insertion,1,789
42,100.0000,10.0000,68.0000,13,50,33/33/33_Bubble/Selection/Insertion,1,789
43,100.0000,8.0000,72.0000,11,50,33/33/33_Bubble/Selection/Insertion,1,789
44,100.0000,10.0000,68.0000,12,50,33/33/33_Bubble/Selection/Insertion,1,789
45,100.0000,10.0000,68.0000,13,50,33/33/33_Bubble/Selection/Insertion,1,789
46,100.0000,18.0000,76.0000,11,50,33/33/33_Bubble/Selection/Insertion,1,789
47,100.0000,26.0000,82.0000,7,50,33/33/33_Bubble/Selection/Insertion,1,789
48,100.0000,26.0000,80.0000,6,50,33/33/33_Bubble/Selection/Insertion,1,789
49,100.0000,34.0000,86.0000,7,50,33/33/33_Bubble/Selection/Insertion,1,789
50,100.0000,38.0000,84.0000,5,50,33/33/33_Bubble/Selection/Insertion,1,789
51,100.0000,38.0000,84.0000,7,50,33/33/33_Bubble/Selection/Insertion,1,789
52,100.0000,48.0000,84.0000,8,50,33/33/33_Bubble/Selection/Insertion,1,789
53,100.0000,60.0000,90.0000,8,50,33/33/33_Bubble/Selection/Insertion,1,789
54,100.0000,68.0000,92.0000,3,50,33/33/33_Bubble/Selection/Insertion,1,789
55,100.0000,74.0000,94.0000,2,50,33/33/33_Bubble/Selection/Insertion,1,789
56,100.0000,84.0000,98.0000,3,50,33/33/33_Bubble/Selection/Insertion,1,789
57,100.0000,86.0000,98.0000,1,50,33/33/33_Bubble/Selection/Insertion,1,789
58,100.0000,88.0000,98.0000,1,50,33/33/33_Bubble/Selection/Insertion,1,789
59,100.0000,90.0000,98.0000,1,50,33/33/33_Bubble/Selection/Insertion,1,789
60,100.0000,92.0000,98.0000,1,50,33/33/33_Bubble/Selection/Insertion,1,789
61,100.0000,92.0000,98.0000,0,50,33/33/33_Bubble/Selection/Insertion,1,789
62,100.0000,94.0000,98.0000,1,50,33/33/33_Bubble/Selection/Insertion,1,789
63,100.0000,96.0000,98.0000,1,50,33/33/33_Bubble/Selection/Insertion,1,789
64,100.0000,100.0000,100.0000,1,50,33/33/33_Bubble/Selection/Insertion,1,789
65,100.0000,100.0000,100.0000,0,50,33/33/33_Bubble/Selection/Insertion,1,789
66,100.0000,100.0000,100.0000,0,50,33/33/33_Bubble/Selection/Insertion,1,789
67,100.0000,100.0000,100.0000,0,50,33/33/33_Bubble/Selection/Insertion,1,789
0,100.0000,2.0000,54.0000,0,50,33/33/33_Bubble/Selection/Insertion,3,42
1,100.0000,4.0000,52.0000,18,50,33/33/33_Bubble/Selection/Insertion,3,42
2,100.0000,6.0000,64.0000,16,50,33/33/33_Bubble/Selection/Insertion,3,42
3,100.0000,6.0000,56.0000,10,50,33/33/33_Bubble/Selection/Insertion,3,42
4,100.0000,2.0000,60.0000,14,50,33/33/33_Bubble/Selection/Insertion,3,42
5,100.0000,4.0000,56.0000,17,50,33/33/33_Bubble/Selection/Insertion,3,42
6,100.0000,4.0000,60.0000,13,50,33/33/33_Bubble/Selection/Insertion,3,42
7,100.0000,4.0000,68.0000,12,50,33/33/33_Bubble/Selection/Insertion,3,42
8,100.0000,4.0000,64.0000,8,50,33/33/33_Bubble/Selection/Insertion,3,42
9,100.0000,6.0000,60.0000,14,50,33/33/33_Bubble/Selection/Insertion,3,42
10,100.0000,4.0000,62.0000,14,50,33/33/33_Bubble/Selection/Insertion,3,42
11,100.0000,0.0000,56.0000,12,50,33/33/33_Bubble/Selection/Insertion,3,42
12,100.0000,2.0000,66.0000,12,50,33/33/33_Bubble/Selection/Insertion,3,42
13,100.0000,0.0000,60.0000,14,50,33/33/33_Bubble/Selection/Insertion,3,42
14,100.0000,0.0000,58.0000,10,50,33/33/33_Bubble/Selection/Insertion,3,42
15,100.0000,2.0000,58.0000,17,50,33/33/33_Bubble/Selection/Insertion,3,42
16,100.0000,4.0000,66.0000,12,50,33/33/33_Bubble/Selection/Insertion,3,42
17,100.0000,4.0000,66.0000,11,50,33/33/33_Bubble/Selection/Insertion,3,42
18,100.0000,2.0000,68.0000,10,50,33/33/33_Bubble/Selection/Insertion,3,42
19,100.0000,6.0000,60.0000,15,50,33/33/33_Bubble/Selection/Insertion,3,42
20,100.0000,0.0000,68.0000,14,50,33/33/33_Bubble/Selection/Insertion,3,42
21,100.0000,2.0000,62.0000,13,50,33/33/33_Bubble/Selection/Insertion,3,42
22,100.0000,2.0000,70.0000,13,50,33/33/33_Bubble/Selection/Insertion,3,42
23,100.0000,4.0000,64.0000,12,50,33/33/33_Bubble/Selection/Insertion,3,42
24,100.0000,10.0000,68.0000,11,50,33/33/33_Bubble/Selection/Insertion,3,42
25,100.0000,12.0000,76.0000,9,50,33/33/33_Bubble/Selection/Insertion,3,42
26,100.0000,14.0000,66.0000,8,50,33/33/33_Bubble/Selection/Insertion,3,42
27,100.0000,10.0000,70.0000,12,50,33/33/33_Bubble/Selection/Insertion,3,42
28,100.0000,8.0000,74.0000,10,50,33/33/33_Bubble/Selection/Insertion,3,42
29,100.0000,6.0000,70.0000,11,50,33/33/33_Bubble/Selection/Insertion,3,42
30,100.0000,10.0000,68.0000,12,50,33/33/33_Bubble/Selection/Insertion,3,42
31,100.0000,10.0000,70.0000,11,50,33/33/33_Bubble/Selection/Insertion,3,42
32,100.0000,6.0000,74.0000,13,50,33/33/33_Bubble/Selection/Insertion,3,42
33,100.0000,6.0000,74.0000,10,50,33/33/33_Bubble/Selection/Insertion,3,42
34,100.0000,14.0000,76.0000,11,50,33/33/33_Bubble/Selection/Insertion,3,42
35,100.0000,12.0000,76.0000,9,50,33/33/33_Bubble/Selection/Insertion,3,42
36,100.0000,10.0000,82.0000,8,50,33/33/33_Bubble/Selection/Insertion,3,42
37,100.0000,8.0000,76.0000,8,50,33/33/33_Bubble/Selection/Insertion,3,42
38,100.0000,6.0000,78.0000,8,50,33/33/33_Bubble/Selection/Insertion,3,42
39,100.0000,8.0000,76.0000,6,50,33/33/33_Bubble/Selection/Insertion,3,42
40,100.0000,10.0000,80.0000,8,50,33/33/33_Bubble/Selection/Insertion,3,42
41,100.0000,6.0000,82.0000,8,50,33/33/33_Bubble/Selection/Insertion,3,42
42,100.0000,6.0000,82.0000,5,50,33/33/33_Bubble/Selection/Insertion,3,42
43,100.0000,6.0000,80.0000,6,50,33/33/33_Bubble/Selection/Insertion,3,42
44,100.0000,10.0000,80.0000,7,50,33/33/33_Bubble/Selection/Insertion,3,42
45,100.0000,10.0000,82.0000,4,50,33/33/33_Bubble/Selection/Insertion,3,42
46,100.0000,8.0000,82.0000,6,50,33/33/33_Bubble/Selection/Insertion,3,42
47,100.0000,8.0000,82.0000,6,50,33/33/33_Bubble/Selection/Insertion,3,42
48,100.0000,8.0000,80.0000,7,50,33/33/33_Bubble/Selection/Insertion,3,42
49,100.0000,10.0000,82.0000,8,50,33/33/33_Bubble/Selection/Insertion,3,42
50,100.0000,10.0000,78.0000,6,50,33/33/33_Bubble/Selection/Insertion,3,42
51,100.0000,12.0000,78.0000,6,50,33/33/33_Bubble/Selection/Insertion,3,42
52,100.0000,16.0000,78.0000,8,50,33/33/33_Bubble/Selection/Insertion,3,42
53,100.0000,18.0000,80.0000,9,50,33/33/33_Bubble/Selection/Insertion,3,42
54,100.0000,22.0000,84.0000,9,50,33/33/33_Bubble/Selection/Insertion,3,42
55,100.0000,26.0000,84.0000,5,50,33/33/33_Bubble/Selection/Insertion,3,42
56,100.0000,34.0000,84.0000,5,50,33/33/33_Bubble/Selection/Insertion,3,42
57,100.0000,36.0000,86.0000,5,50,33/33/33_Bubble/Selection/Insertion,3,42
58,100.0000,40.0000,86.0000,5,50,33/33/33_Bubble/Selection/Insertion,3,42
59,100.0000,46.0000,86.0000,6,50,33/33/33_Bubble/Selection/Insertion,3,42
60,100.0000,56.0000,90.0000,6,50,33/33/33_Bubble/Selection/Insertion,3,42
61,100.0000,58.0000,90.0000,2,50,33/33/33_Bubble/Selection/Insertion,3,42
62,100.0000,66.0000,92.0000,5,50,33/33/33_Bubble/Selection/Insertion,3,42
63,100.0000,72.0000,92.0000,4,50,33/33/33_Bubble/Selection/Insertion,3,42
64,100.0000,76.0000,92.0000,3,50,33/33/33_Bubble/Selection/Insertion,3,42
65,100.0000,86.0000,96.0000,4,50,33/33/33_Bubble/Selection/Insertion,3,42
66,100.0000,88.0000,96.0000,2,50,33/33/33_Bubble/Selection/Insertion,3,42
67,100.0000,92.0000,96.0000,2,50,33/33/33_Bubble/Selection/Insertion,3,42
68,100.0000,100.0000,100.0000,2,50,33/33/33_Bubble/Selection/Insertion,3,42
69,100.0000,100.0000,100.0000,0,50,33/33/33_Bubble/Selection/Insertion,3,42
70,100.0000,100.0000,100.0000,0,50,33/33/33_Bubble/Selection/Insertion,3,42
71,100.0000,100.0000,100.0000,0,50,33/33/33_Bubble/Selection/Insertion,3,42
0,100.0000,2.0000,54.0000,0,50,33/33/33_Bubble/Selection/Insertion,3,123
1,100.0000,6.0000,64.0000,13,50,33/33/33_Bubble/Selection/Insertion,3,123
2,100.0000,4.0000,60.0000,15,50,33/33/33_Bubble/Selection/Insertion,3,123
3,100.0000,0.0000,66.0000,13,50,33/33/33_Bubble/Selection/Insertion,3,123
4,100.0000,0.0000,62.0000,11,50,33/33/33_Bubble/Selection/Insertion,3,123
5,100.0000,0.0000,58.0000,16,50,33/33/33_Bubble/Selection/Insertion,3,123
6,100.0000,2.0000,62.0000,18,50,33/33/33_Bubble/Selection/Insertion,3,123
7,100.0000,6.0000,64.0000,14,50,33/33/33_Bubble/Selection/Insertion,3,123
8,100.0000,6.0000,66.0000,11,50,33/33/33_Bubble/Selection/Insertion,3,123
9,100.0000,2.0000,62.0000,16,50,33/33/33_Bubble/Selection/Insertion,3,123
10,100.0000,2.0000,66.0000,14,50,33/33/33_Bubble/Selection/Insertion,3,123
11,100.0000,2.0000,66.0000,12,50,33/33/33_Bubble/Selection/Insertion,3,123
12,100.0000,2.0000,70.0000,13,50,33/33/33_Bubble/Selection/Insertion,3,123
13,100.0000,2.0000,64.0000,12,50,33/33/33_Bubble/Selection/Insertion,3,123
14,100.0000,2.0000,64.0000,10,50,33/33/33_Bubble/Selection/Insertion,3,123
15,100.0000,4.0000,64.0000,13,50,33/33/33_Bubble/Selection/Insertion,3,123
16,100.0000,4.0000,60.0000,13,50,33/33/33_Bubble/Selection/Insertion,3,123
17,100.0000,4.0000,68.0000,16,50,33/33/33_Bubble/Selection/Insertion,3,123
18,100.0000,6.0000,68.0000,12,50,33/33/33_Bubble/Selection/Insertion,3,123
19,100.0000,6.0000,66.0000,10,50,33/33/33_Bubble/Selection/Insertion,3,123
20,100.0000,6.0000,64.0000,14,50,33/33/33_Bubble/Selection/Insertion,3,123
21,100.0000,4.0000,66.0000,13,50,33/33/33_Bubble/Selection/Insertion,3,123
22,100.0000,4.0000,70.0000,11,50,33/33/33_Bubble/Selection/Insertion,3,123
23,100.0000,2.0000,66.0000,11,50,33/33/33_Bubble/Selection/Insertion,3,123
24,100.0000,2.0000,72.0000,11,50,33/33/33_Bubble/Selection/Insertion,3,123
25,100.0000,6.0000,72.0000,9,50,33/33/33_Bubble/Selection/Insertion,3,123
26,100.0000,4.0000,76.0000,13,50,33/33/33_Bubble/Selection/Insertion,3,123
27,100.0000,4.0000,74.0000,11,50,33/33/33_Bubble/Selection/Insertion,3,123
28,100.0000,4.0000,78.0000,10,50,33/33/33_Bubble/Selection/Insertion,3,123
29,100.0000,4.0000,80.0000,9,50,33/33/33_Bubble/Selection/Insertion,3,123
30,100.0000,6.0000,80.0000,8,50,33/33/33_Bubble/Selection/Insertion,3,123
31,100.0000,6.0000,78.0000,6,50,33/33/33_Bubble/Selection/Insertion,3,123
32,100.0000,4.0000,76.0000,9,50,33/33/33_Bubble/Selection/Insertion,3,123
33,100.0000,6.0000,78.0000,8,50,33/33/33_Bubble/Selection/Insertion,3,123
34,100.0000,6.0000,76.0000,7,50,33/33/33_Bubble/Selection/Insertion,3,123
35,100.0000,6.0000,74.0000,9,50,33/33/33_Bubble/Selection/Insertion,3,123
36,100.0000,8.0000,76.0000,10,50,33/33/33_Bubble/Selection/Insertion,3,123
37,100.0000,8.0000,74.0000,7,50,33/33/33_Bubble/Selection/Insertion,3,123
38,100.0000,12.0000,78.0000,11,50,33/33/33_Bubble/Selection/Insertion,3,123
39,100.0000,14.0000,80.0000,8,50,33/33/33_Bubble/Selection/Insertion,3,123
40,100.0000,16.0000,86.0000,6,50,33/33/33_Bubble/Selection/Insertion,3,123
41,100.0000,16.0000,78.0000,4,50,33/33/33_Bubble/Selection/Insertion,3,123
42,100.0000,16.0000,78.0000,7,50,33/33/33_Bubble/Selection/Insertion,3,123
43,100.0000,16.0000,78.0000,9,50,33/33/33_Bubble/Selection/Insertion,3,123
44,100.0000,22.0000,84.0000,8,50,33/33/33_Bubble/Selection/Insertion,3,123
45,100.0000,24.0000,82.0000,7,50,33/33/33_Bubble/Selection/Insertion,3,123
46,100.0000,26.0000,80.0000,6,50,33/33/33_Bubble/Selection/Insertion,3,123
47,100.0000,36.0000,84.0000,7,50,33/33/33_Bubble/Selection/Insertion,3,123
48,100.0000,40.0000,84.0000,5,50,33/33/33_Bubble/Selection/Insertion,3,123
49,100.0000,46.0000,84.0000,6,50,33/33/33_Bubble/Selection/Insertion,3,123
50,100.0000,60.0000,88.0000,6,50,33/33/33_Bubble/Selection/Insertion,3,123
51,100.0000,60.0000,90.0000,4,50,33/33/33_Bubble/Selection/Insertion,3,123
52,100.0000,64.0000,90.0000,3,50,33/33/33_Bubble/Selection/Insertion,3,123
53,100.0000,68.0000,92.0000,4,50,33/33/33_Bubble/Selection/Insertion,3,123
54,100.0000,72.0000,92.0000,4,50,33/33/33_Bubble/Selection/Insertion,3,123
55,100.0000,74.0000,92.0000,4,50,33/33/33_Bubble/Selection/Insertion,3,123
56,100.0000,74.0000,92.0000,2,50,33/33/33_Bubble/Selection/Insertion,3,123
57,100.0000,76.0000,94.0000,2,50,33/33/33_Bubble/Selection/Insertion,3,123
58,100.0000,76.0000,92.0000,2,50,33/33/33_Bubble/Selection/Insertion,3,123
59,100.0000,78.0000,92.0000,3,50,33/33/33_Bubble/Selection/Insertion,3,123
60,100.0000,82.0000,92.0000,2,50,33/33/33_Bubble/Selection/Insertion,3,123
61,100.0000,84.0000,94.0000,4,50,33/33/33_Bubble/Selection/Insertion,3,123
62,100.0000,94.0000,98.0000,3,50,33/33/33_Bubble/Selection/Insertion,3,123
63,100.0000,94.0000,98.0000,0,50,33/33/33_Bubble/Selection/Insertion,3,123
64,100.0000,94.0000,98.0000,0,50,33/33/33_Bubble/Selection/Insertion,3,123
65,100.0000,96.0000,98.0000,1,50,33/33/33_Bubble/Selection/Insertion,3,123
66,100.0000,100.0000,100.0000,1,50,33/33/33_Bubble/Selection/Insertion,3,123
67,100.0000,100.0000,100.0000,0,50,33/33/33_Bubble/Selection/Insertion,3,123
68,100.0000,100.0000,100.0000,0,50,33/33/33_Bubble/Selection/Insertion,3,123
69,100.0000,100.0000,100.0000,0,50,33/33/33_Bubble/Selection/Insertion,3,123
0,100.0000,6.0000,46.0000,0,50,33/33/33_Bubble/Selection/Insertion,3,789
1,100.0000,2.0000,66.0000,20,50,33/33/33_Bubble/Selection/Insertion,3,789
2,100.0000,0.0000,54.0000,12,50,33/33/33_Bubble/Selection/Insertion,3,789
3,100.0000,2.0000,60.0000,11,50,33/33/33_Bubble/Selection/Insertion,3,789
4,100.0000,2.0000,62.0000,12,50,33/33/33_Bubble/Selection/Insertion,3,789
5,100.0000,8.0000,66.0000,12,50,33/33/33_Bubble/Selection/Insertion,3,789
6,100.0000,6.0000,62.0000,13,50,33/33/33_Bubble/Selection/Insertion,3,789
7,100.0000,4.0000,66.0000,10,50,33/33/33_Bubble/Selection/Insertion,3,789
8,100.0000,4.0000,62.0000,13,50,33/33/33_Bubble/Selection/Insertion,3,789
9,100.0000,2.0000,66.0000,9,50,33/33/33_Bubble/Selection/Insertion,3,789
10,100.0000,2.0000,62.0000,9,50,33/33/33_Bubble/Selection/Insertion,3,789
11,100.0000,2.0000,64.0000,10,50,33/33/33_Bubble/Selection/Insertion,3,789
12,100.0000,4.0000,64.0000,13,50,33/33/33_Bubble/Selection/Insertion,3,789
13,100.0000,2.0000,68.0000,13,50,33/33/33_Bubble/Selection/Insertion,3,789
14,100.0000,4.0000,64.0000,11,50,33/33/33_Bubble/Selection/Insertion,3,789
15,100.0000,0.0000,58.0000,13,50,33/33/33_Bubble/Selection/Insertion,3,789
16,100.0000,6.0000,60.0000,15,50,33/33/33_Bubble/Selection/Insertion,3,789
17,100.0000,2.0000,68.0000,9,50,33/33/33_Bubble/Selection/Insertion,3,789
18,100.0000,6.0000,68.0000,10,50,33/33/33_Bubble/Selection/Insertion,3,789
19,100.0000,2.0000,62.0000,12,50,33/33/33_Bubble/Selection/Insertion,3,789
20,100.0000,0.0000,56.0000,16,50,33/33/33_Bubble/Selection/Insertion,3,789
21,100.0000,0.0000,66.0000,12,50,33/33/33_Bubble/Selection/Insertion,3,789
22,100.0000,0.0000,70.0000,10,50,33/33/33_Bubble/Selection/Insertion,3,789
23,100.0000,0.0000,64.0000,9,50,33/33/33_Bubble/Selection/Insertion,3,789
24,100.0000,4.0000,70.0000,14,50,33/33/33_Bubble/Selection/Insertion,3,789
25,100.0000,2.0000,70.0000,11,50,33/33/33_Bubble/Selection/Insertion,3,789
26,100.0000,0.0000,74.0000,11,50,33/33/33_Bubble/Selection/Insertion,3,789
27,100.0000,0.0000,72.0000,10,50,33/33/33_Bubble/Selection/Insertion,3,789
28,100.0000,4.0000,78.0000,9,50,33/33/33_Bubble/Selection/Insertion,3,789
29,100.0000,8.0000,74.0000,9,50,33/33/33_Bubble/Selection/Insertion,3,789
30,100.0000,6.0000,78.0000,8,50,33/33/33_Bubble/Selection/Insertion,3,789
31,100.0000,6.0000,76.0000,6,50,33/33/33_Bubble/Selection/Insertion,3,789
32,100.0000,6.0000,74.0000,8,50,33/33/33_Bubble/Selection/Insertion,3,789
33,100.0000,8.0000,76.0000,11,50,33/33/33_Bubble/Selection/Insertion,3,789
34,100.0000,8.0000,74.0000,8,50,33/33/33_Bubble/Selection/Insertion,3,789
35,100.0000,8.0000,74.0000,11,50,33/33/33_Bubble/Selection/Insertion,3,789
36,100.0000,10.0000,70.0000,12,50,33/33/33_Bubble/Selection/Insertion,3,789
37,100.0000,8.0000,66.0000,12,50,33/33/33_Bubble/Selection/Insertion,3,789
38,100.0000,6.0000,70.0000,9,50,33/33/33_Bubble/Selection/Insertion,3,789
39,100.0000,6.0000,74.0000,10,50,33/33/33_Bubble/Selection/Insertion,3,789
40,100.0000,6.0000,68.0000,10,50,33/33/33_Bubble/Selection/Insertion,3,789
41,100.0000,6.0000,78.0000,9,50,33/33/33_Bubble/Selection/Insertion,3,789
42,100.0000,8.0000,74.0000,9,50,33/33/33_Bubble/Selection/Insertion,3,789
43,100.0000,8.0000,74.0000,10,50,33/33/33_Bubble/Selection/Insertion,3,789
44,100.0000,10.0000,72.0000,10,50,33/33/33_Bubble/Selection/Insertion,3,789
45,100.0000,10.0000,72.0000,13,50,33/33/33_Bubble/Selection/Insertion,3,789
46,100.0000,14.0000,76.0000,9,50,33/33/33_Bubble/Selection/Insertion,3,789
47,100.0000,18.0000,74.0000,8,50,33/33/33_Bubble/Selection/Insertion,3,789
48,100.0000,22.0000,76.0000,9,50,33/33/33_Bubble/Selection/Insertion,3,789
49,100.0000,28.0000,76.0000,7,50,33/33/33_Bubble/Selection/Insertion,3,789
50,100.0000,38.0000,82.0000,8,50,33/33/33_Bubble/Selection/Insertion,3,789
51,100.0000,42.0000,88.0000,7,50,33/33/33_Bubble/Selection/Insertion,3,789
52,100.0000,46.0000,86.0000,5,50,33/33/33_Bubble/Selection/Insertion,3,789
53,100.0000,52.0000,86.0000,6,50,33/33/33_Bubble/Selection/Insertion,3,789
54,100.0000,58.0000,92.0000,4,50,33/33/33_Bubble/Selection/Insertion,3,789
55,100.0000,62.0000,90.0000,3,50,33/33/33_Bubble/Selection/Insertion,3,789
56,100.0000,66.0000,92.0000,3,50,33/33/33_Bubble/Selection/Insertion,3,789
57,100.0000,70.0000,92.0000,2,50,33/33/33_Bubble/Selection/Insertion,3,789
58,100.0000,76.0000,94.0000,3,50,33/33/33_Bubble/Selection/Insertion,3,789
59,100.0000,84.0000,96.0000,3,50,33/33/33_Bubble/Selection/Insertion,3,789
60,100.0000,86.0000,96.0000,1,50,33/33/33_Bubble/Selection/Insertion,3,789
61,100.0000,88.0000,96.0000,1,50,33/33/33_Bubble/Selection/Insertion,3,789
62,100.0000,92.0000,96.0000,2,50,33/33/33_Bubble/Selection/Insertion,3,789
63,100.0000,100.0000,100.0000,2,50,33/33/33_Bubble/Selection/Insertion,3,789
64,100.0000,100.0000,100.0000,0,50,33/33/33_Bubble/Selection/Insertion,3,789
65,100.0000,100.0000,100.0000,0,50,33/33/33_Bubble/Selection/Insertion,3,789
66,100.0000,100.0000,100.0000,0,50,33/33/33_Bubble/Selection/Insertion,3,789
0,100.0000,1.0000,47.0000,0,100,100%_Bubble,0,42
1,100.0000,0.0000,59.0000,33,100,100%_Bubble,0,42
2,100.0000,0.0000,55.0000,27,100,100%_Bubble,0,42
3,100.0000,1.0000,56.0000,34,100,100%_Bubble,0,42
4,100.0000,0.0000,60.0000,34,100,100%_Bubble,0,42
5,100.0000,0.0000,57.0000,34,100,100%_Bubble,0,42
6,100.0000,1.0000,56.0000,30,100,100%_Bubble,0,42
7,100.0000,1.0000,58.0000,31,100,100%_Bubble,0,42
8,100.0000,1.0000,58.0000,25,100,100%_Bubble,0,42
9,100.0000,0.0000,61.0000,30,100,100%_Bubble,0,42
10,100.0000,1.0000,56.0000,29,100,100%_Bubble,0,42
11,100.0000,1.0000,55.0000,31,100,100%_Bubble,0,42
12,100.0000,2.0000,59.0000,34,100,100%_Bubble,0,42
13,100.0000,2.0000,56.0000,30,100,100%_Bubble,0,42
14,100.0000,2.0000,60.0000,28,100,100%_Bubble,0,42
15,100.0000,1.0000,56.0000,26,100,100%_Bubble,0,42
16,100.0000,1.0000,63.0000,24,100,100%_Bubble,0,42
17,100.0000,0.0000,64.0000,22,100,100%_Bubble,0,42
18,100.0000,3.0000,59.0000,24,100,100%_Bubble,0,42
19,100.0000,2.0000,64.0000,27,100,100%_Bubble,0,42
20,100.0000,1.0000,61.0000,26,100,100%_Bubble,0,42
21,100.0000,1.0000,63.0000,25,100,100%_Bubble,0,42
22,100.0000,1.0000,62.0000,27,100,100%_Bubble,0,42
23,100.0000,0.0000,61.0000,27,100,100%_Bubble,0,42
24,100.0000,1.0000,62.0000,27,100,100%_Bubble,0,42
25,100.0000,1.0000,67.0000,25,100,100%_Bubble,0,42
26,100.0000,0.0000,63.0000,27,100,100%_Bubble,0,42
27,100.0000,0.0000,63.0000,27,100,100%_Bubble,0,42
28,100.0000,0.0000,69.0000,23,100,100%_Bubble,0,42
29,100.0000,0.0000,66.0000,22,100,100%_Bubble,0,42
30,100.0000,0.0000,67.0000,26,100,100%_Bubble,0,42
31,100.0000,0.0000,66.0000,26,100,100%_Bubble,0,42
32,100.0000,0.0000,67.0000,25,100,100%_Bubble,0,42
33,100.0000,0.0000,66.0000,24,100,100%_Bubble,0,42
34,100.0000,0.0000,67.0000,26,100,100%_Bubble,0,42
35,100.0000,0.0000,66.0000,21,100,100%_Bubble,0,42
36,100.0000,0.0000,69.0000,21,100,100%_Bubble,0,42
37,100.0000,0.0000,67.0000,19,100,100%_Bubble,0,42
38,100.0000,0.0000,65.0000,23,100,100%_Bubble,0,42
39,100.0000,1.0000,68.0000,25,100,100%_Bubble,0,42
40,100.0000,0.0000,66.0000,25,100,100%_Bubble,0,42
41,100.0000,0.0000,65.0000,27,100,100%_Bubble,0,42
42,100.0000,0.0000,68.0000,24,100,100%_Bubble,0,42
43,100.0000,0.0000,66.0000,21,100,100%_Bubble,0,42
44,100.0000,0.0000,63.0000,28,100,100%_Bubble,0,42
45,100.0000,0.0000,66.0000,29,100,100%_Bubble,0,42
46,100.0000,0.0000,66.0000,26,100,100%_Bubble,0,42
47,100.0000,1.0000,70.0000,26,100,100%_Bubble,0,42
48,100.0000,2.0000,70.0000,17,100,100%_Bubble,0,42
49,100.0000,2.0000,73.0000,23,100,100%_Bubble,0,42
50,100.0000,2.0000,71.0000,21,100,100%_Bubble,0,42
51,100.0000,1.0000,70.0000,21,100,100%_Bubble,0,42
52,100.0000,1.0000,70.0000,22,100,100%_Bubble,0,42
53,100.0000,1.0000,72.0000,21,100,100%_Bubble,0,42
54,100.0000,1.0000,69.0000,24,100,100%_Bubble,0,42
55,100.0000,1.0000,72.0000,25,100,100%_Bubble,0,42
56,100.0000,1.0000,72.0000,20,100,100%_Bubble,0,42
57,100.0000,1.0000,72.0000,20,100,100%_Bubble,0,42
58,100.0000,2.0000,71.0000,20,100,100%_Bubble,0,42
59,100.0000,1.0000,74.0000,21,100,100%_Bubble,0,42
60,100.0000,2.0000,76.0000,16,100,100%_Bubble,0,42
61,100.0000,2.0000,73.0000,20,100,100%_Bubble,0,42
62,100.0000,4.0000,74.0000,20,100,100%_Bubble,0,42
63,100.0000,5.0000,72.0000,21,100,100%_Bubble,0,42
64,100.0000,4.0000,69.0000,22,100,100%_Bubble,0,42
65,100.0000,4.0000,68.0000,24,100,100%_Bubble,0,42
66,100.0000,4.0000,72.0000,23,100,100%_Bubble,0,42
67,100.0000,4.0000,71.0000,19,100,100%_Bubble,0,42
68,100.0000,4.0000,70.0000,23,100,100%_Bubble,0,42
69,100.0000,5.0000,69.0000,21,100,100%_Bubble,0,42
70,100.0000,6.0000,70.0000,24,100,100%_Bubble,0,42
71,100.0000,5.0000,71.0000,23,100,100%_Bubble,0,42
72,100.0000,4.0000,72.0000,20,100,100%_Bubble,0,42
73,100.0000,6.0000,73.0000,16,100,100%_Bubble,0,42
74,100.0000,6.0000,75.0000,16,100,100%_Bubble,0,42
75,100.0000,7.0000,76.0000,17,100,100%_Bubble,0,42
76,100.0000,8.0000,72.0000,14,100,100%_Bubble,0,42
77,100.0000,6.0000,72.0000,23,100,100%_Bubble,0,42
78,100.0000,8.0000,72.0000,22,100,100%_Bubble,0,42
79,100.0000,8.0000,71.0000,18,100,100%_Bubble,0,42
80,100.0000,7.0000,72.0000,20,100,100%_Bubble,0,42
81,100.0000,11.0000,73.0000,21,100,100%_Bubble,0,42
82,100.0000,14.0000,72.0000,22,100,100%_Bubble,0,42
83,100.0000,11.0000,74.0000,22,100,100%_Bubble,0,42
84,100.0000,9.0000,70.0000,18,100,100%_Bubble,0,42
85,100.0000,9.0000,73.0000,24,100,100%_Bubble,0,42
86,100.0000,10.0000,77.0000,16,100,100%_Bubble,0,42
87,100.0000,9.0000,75.0000,18,100,100%_Bubble,0,42
88,100.0000,10.0000,76.0000,18,100,100%_Bubble,0,42
89,100.0000,9.0000,78.0000,17,100,100%_Bubble,0,42
90,100.0000,9.0000,76.0000,18,100,100%_Bubble,0,42
91,100.0000,8.0000,79.0000,19,100,100%_Bubble,0,42
92,100.0000,9.0000,79.0000,12,100,100%_Bubble,0,42
93,100.0000,10.0000,80.0000,18,100,100%_Bubble,0,42
94,100.0000,11.0000,84.0000,13,100,100%_Bubble,0,42
95,100.0000,13.0000,83.0000,7,100,100%_Bubble,0,42
96,100.0000,10.0000,81.0000,14,100,100%_Bubble,0,42
97,100.0000,11.0000,83.0000,14,100,100%_Bubble,0,42
98,100.0000,11.0000,81.0000,14,100,100%_Bubble,0,42
99,100.0000,10.0000,79.0000,15,100,100%_Bubble,0,42
100,100.0000,11.0000,82.0000,13,100,100%_Bubble,0,42
101,100.0000,10.0000,86.0000,10,100,100%_Bubble,0,42
102,100.0000,11.0000,83.0000,9,100,100%_Bubble,0,42
103,100.0000,12.0000,82.0000,12,100,100%_Bubble,0,42
104,100.0000,11.0000,84.0000,14,100,100%_Bubble,0,42
105,100.0000,12.0000,83.0000,11,100,100%_Bubble,0,42
106,100.0000,15.0000,83.0000,12,100,100%_Bubble,0,42
107,100.0000,18.0000,84.0000,14,100,100%_Bubble,0,42
108,100.0000,24.0000,86.0000,12,100,100%_Bubble,0,42
109,100.0000,27.0000,88.0000,10,100,100%_Bubble,0,42
110,100.0000,29.0000,86.0000,9,100,100%_Bubble,0,42
111,100.0000,39.0000,88.0000,13,100,100%_Bubble,0,42
112,100.0000,46.0000,89.0000,9,100,100%_Bubble,0,42
113,100.0000,54.0000,92.0000,7,100,100%_Bubble,0,42
114,100.0000,59.0000,93.0000,6,100,100%_Bubble,0,42
115,100.0000,64.0000,94.0000,6,100,100%_Bubble,0,42
116,100.0000,68.0000,96.0000,4,100,100%_Bubble,0,42
117,100.0000,69.0000,95.0000,3,100,100%_Bubble,0,42
118,100.0000,71.0000,95.0000,5,100,100%_Bubble,0,42
119,100.0000,73.0000,96.0000,2,100,100%_Bubble,0,42
120,100.0000,74.0000,95.0000,4,100,100%_Bubble,0,42
121,100.0000,76.0000,95.0000,4,100,100%_Bubble,0,42
122,100.0000,79.0000,96.0000,3,100,100%_Bubble,0,42
123,100.0000,82.0000,96.0000,4,100,100%_Bubble,0,42
124,100.0000,86.0000,97.0000,4,100,100%_Bubble,0,42
125,100.0000,86.0000,97.0000,1,100,100%_Bubble,0,42
126,100.0000,88.0000,97.0000,3,100,100%_Bubble,0,42
127,100.0000,89.0000,97.0000,2,100,100%_Bubble,0,42
128,100.0000,90.0000,97.0000,2,100,100%_Bubble,0,42
129,100.0000,92.0000,98.0000,1,100,100%_Bubble,0,42
130,100.0000,92.0000,98.0000,1,100,100%_Bubble,0,42
131,100.0000,95.0000,99.0000,2,100,100%_Bubble,0,42
132,100.0000,96.0000,99.0000,1,100,100%_Bubble,0,42
133,100.0000,97.0000,99.0000,1,100,100%_Bubble,0,42
134,100.0000,98.0000,99.0000,1,100,100%_Bubble,0,42
135,100.0000,100.0000,100.0000,1,100,100%_Bubble,0,42
136,100.0000,100.0000,100.0000,0,100,100%_Bubble,0,42
137,100.0000,100.0000,100.0000,0,100,100%_Bubble,0,42
138,100.0000,100.0000,100.0000,0,100,100%_Bubble,0,42
0,100.0000,1.0000,50.0000,0,100,100%_Bubble,0,123
1,100.0000,1.0000,56.0000,31,100,100%_Bubble,0,123
2,100.0000,0.0000,55.0000,28,100,100%_Bubble,0,123
3,100.0000,0.0000,57.0000,29,100,100%_Bubble,0,123
4,100.0000,1.0000,58.0000,27,100,100%_Bubble,0,123
5,100.0000,2.0000,59.0000,30,100,100%_Bubble,0,123
6,100.0000,2.0000,58.0000,27,100,100%_Bubble,0,123
7,100.0000,0.0000,61.0000,29,100,100%_Bubble,0,123
8,100.0000,0.0000,59.0000,24,100,100%_Bubble,0,123
9,100.0000,1.0000,60.0000,29,100,100%_Bubble,0,123
10,100.0000,2.0000,62.0000,27,100,100%_Bubble,0,123
11,100.0000,0.0000,62.0000,29,100,100%_Bubble,0,123
12,100.0000,1.0000,60.0000,30,100,100%_Bubble,0,123
13,100.0000,0.0000,59.0000,31,100,100%_Bubble,0,123
14,100.0000,0.0000,63.0000,30,100,100%_Bubble,0,123
15,100.0000,0.0000,59.0000,27,100,100%_Bubble,0,123
16,100.0000,2.0000,60.0000,29,100,100%_Bubble,0,123
17,100.0000,0.0000,65.0000,25,100,100%_Bubble,0,123
18,100.0000,0.0000,61.0000,23,100,100%_Bubble,0,123
19,100.0000,0.0000,65.0000,25,100,100%_Bubble,0,123
20,100.0000,0.0000,70.0000,23,100,100%_Bubble,0,123
21,100.0000,1.0000,66.0000,22,100,100%_Bubble,0,123
22,100.0000,0.0000,69.0000,24,100,100%_Bubble,0,123
23,100.0000,0.0000,65.0000,26,100,100%_Bubble,0,123
24,100.0000,0.0000,68.0000,21,100,100%_Bubble,0,123
25,100.0000,0.0000,66.0000,24,100,100%_Bubble,0,123
26,100.0000,1.0000,69.0000,24,100,100%_Bubble,0,123
27,100.0000,1.0000,71.0000,16,100,100%_Bubble,0,123
28,100.0000,1.0000,68.0000,21,100,100%_Bubble,0,123
29,100.0000,1.0000,67.0000,22,100,100%_Bubble,0,123
30,100.0000,3.0000,68.0000,22,100,100%_Bubble,0,123
31,100.0000,2.0000,64.0000,19,100,100%_Bubble,0,123
32,100.0000,1.0000,63.0000,20,100,100%_Bubble,0,123
33,100.0000,3.0000,65.0000,25,100,100%_Bubble,0,123
34,100.0000,2.0000,67.0000,19,100,100%_Bubble,0,123
35,100.0000,1.0000,63.0000,26,100,100%_Bubble,0,123
36,100.0000,2.0000,63.0000,29,100,100%_Bubble,0,123
37,100.0000,2.0000,63.0000,27,100,100%_Bubble,0,123
38,100.0000,0.0000,62.0000,27,100,100%_Bubble,0,123
39,100.0000,1.0000,68.0000,26,100,100%_Bubble,0,123
40,100.0000,0.0000,65.0000,21,100,100%_Bubble,0,123
41,100.0000,0.0000,62.0000,22,100,100%_Bubble,0,123
42,100.0000,0.0000,64.0000,28,100,100%_Bubble,0,123
43,100.0000,0.0000,67.0000,25,100,100%_Bubble,0,123
44,100.0000,0.0000,65.0000,22,100,100%_Bubble,0,123
45,100.0000,0.0000,64.0000,20,100,100%_Bubble,0,123
46,100.0000,0.0000,63.0000,25,100,100%_Bubble,0,123
47,100.0000,0.0000,65.0000,25,100,100%_Bubble,0,123
48,100.0000,0.0000,67.0000,22,100,100%_Bubble,0,123
49,100.0000,0.0000,66.0000,20,100,100%_Bubble,0,123
50,100.0000,1.0000,64.0000,26,100,100%_Bubble,0,123
51,100.0000,1.0000,67.0000,25,100,100%_Bubble,0,123
52,100.0000,2.0000,64.0000,30,100,100%_Bubble,0,123
53,100.0000,3.0000,68.0000,28,100,100%_Bubble,0,123
54,100.0000,1.0000,68.0000,21,100,100%_Bubble,0,123
55,100.0000,1.0000,66.0000,21,100,100%_Bubble,0,123
56,100.0000,3.0000,68.0000,26,100,100%_Bubble,0,123
57,100.0000,3.0000,70.0000,24,100,100%_Bubble,0,123
58,100.0000,4.0000,65.0000,23,100,100%_Bubble,0,123
59,100.0000,2.0000,67.0000,29,100,100%_Bubble,0,123
60,100.0000,2.0000,66.0000,27,100,100%_Bubble,0,123
61,100.0000,2.0000,67.0000,23,100,100%_Bubble,0,123
62,100.0000,2.0000,67.0000,26,100,100%_Bubble,0,123
63,100.0000,2.0000,68.0000,23,100,100%_Bubble,0,123
64,100.0000,2.0000,70.0000,24,100,100%_Bubble,0,123
65,100.0000,1.0000,68.0000,21,100,100%_Bubble,0,123
66,100.0000,2.0000,69.0000,23,100,100%_Bubble,0,123
67,100.0000,1.0000,68.0000,25,100,100%_Bubble,0,123
68,100.0000,1.0000,73.0000,22,100,100%_Bubble,0,123
69,100.0000,1.0000,72.0000,22,100,100%_Bubble,0,123
70,100.0000,4.0000,71.0000,20,100,100%_Bubble,0,123
71,100.0000,2.0000,73.0000,20,100,100%_Bubble,0,123
72,100.0000,2.0000,73.0000,18,100,100%_Bubble,0,123
73,100.0000,1.0000,75.0000,20,100,100%_Bubble,0,123
74,100.0000,1.0000,72.0000,19,100,100%_Bubble,0,123
75,100.0000,1.0000,75.0000,23,100,100%_Bubble,0,123
76,100.0000,2.0000,74.0000,19,100,100%_Bubble,0,123
77,100.0000,2.0000,73.0000,19,100,100%_Bubble,0,123
78,100.0000,1.0000,70.0000,23,100,100%_Bubble,0,123
79,100.0000,1.0000,73.0000,22,100,100%_Bubble,0,123
80,100.0000,1.0000,76.0000,16,100,100%_Bubble,0,123
81,100.0000,2.0000,76.0000,22,100,100%_Bubble,0,123
82,100.0000,1.0000,76.0000,21,100,100%_Bubble,0,123
83,100.0000,1.0000,74.0000,19,100,100%_Bubble,0,123
84,100.0000,2.0000,77.0000,18,100,100%_Bubble,0,123
85,100.0000,1.0000,75.0000,18,100,100%_Bubble,0,123
86,100.0000,1.0000,77.0000,17,100,100%_Bubble,0,123
87,100.0000,1.0000,75.0000,18,100,100%_Bubble,0,123
88,100.0000,2.0000,75.0000,14,100,100%_Bubble,0,123
89,100.0000,2.0000,73.0000,21,100,100%_Bubble,0,123
90,100.0000,2.0000,74.0000,17,100,100%_Bubble,0,123
91,100.0000,1.0000,74.0000,17,100,100%_Bubble,0,123
92,100.0000,1.0000,74.0000,19,100,100%_Bubble,0,123
93,100.0000,2.0000,71.0000,22,100,100%_Bubble,0,123
94,100.0000,1.0000,72.0000,21,100,100%_Bubble,0,123
95,100.0000,3.0000,72.0000,18,100,100%_Bubble,0,123
96,100.0000,1.0000,75.0000,21,100,100%_Bubble,0,123
97,100.0000,1.0000,72.0000,19,100,100%_Bubble,0,123
98,100.0000,2.0000,73.0000,25,100,100%_Bubble,0,123
99,100.0000,2.0000,74.0000,21,100,100%_Bubble,0,123
100,100.0000,5.0000,73.0000,19,100,100%_Bubble,0,123
101,100.0000,6.0000,73.0000,23,100,100%_Bubble,0,123
102,100.0000,7.0000,76.0000,18,100,100%_Bubble,0,123
103,100.0000,10.0000,74.0000,17,100,100%_Bubble,0,123
104,100.0000,13.0000,75.0000,17,100,100%_Bubble,0,123
105,100.0000,21.0000,80.0000,18,100,100%_Bubble,0,123
106,100.0000,27.0000,82.0000,15,100,100%_Bubble,0,123
107,100.0000,28.0000,80.0000,13,100,100%_Bubble,0,123
108,100.0000,38.0000,82.0000,14,100,100%_Bubble,0,123
109,100.0000,47.0000,86.0000,14,100,100%_Bubble,0,123
110,100.0000,53.0000,88.0000,11,100,100%_Bubble,0,123
111,100.0000,57.0000,89.0000,8,100,100%_Bubble,0,123
112,100.0000,65.0000,88.0000,9,100,100%_Bubble,0,123
113,100.0000,72.0000,92.0000,10,100,100%_Bubble,0,123
114,100.0000,78.0000,95.0000,6,100,100%_Bubble,0,123
115,100.0000,86.0000,98.0000,5,100,100%_Bubble,0,123
116,100.0000,87.0000,98.0000,1,100,100%_Bubble,0,123
117,100.0000,89.0000,98.0000,2,100,100%_Bubble,0,123
118,100.0000,92.0000,99.0000,2,100,100%_Bubble,0,123
119,100.0000,92.0000,99.0000,0,100,100%_Bubble,0,123
120,100.0000,93.0000,99.0000,1,100,100%_Bubble,0,123
121,100.0000,94.0000,99.0000,1,100,100%_Bubble,0,123
122,100.0000,95.0000,99.0000,1,100,100%_Bubble,0,123
123,100.0000,95.0000,99.0000,0,100,100%_Bubble,0,123
124,100.0000,96.0000,99.0000,1,100,100%_Bubble,0,123
125,100.0000,96.0000,99.0000,0,100,100%_Bubble,0,123
126,100.0000,97.0000,99.0000,1,100,100%_Bubble,0,123
127,100.0000,98.0000,99.0000,1,100,100%_Bubble,0,123
128,100.0000,100.0000,100.0000,1,100,100%_Bubble,0,123
129,100.0000,100.0000,100.0000,0,100,100%_Bubble,0,123
130,100.0000,100.0000,100.0000,0,100,100%_Bubble,0,123
131,100.0000,100.0000,100.0000,0,100,100%_Bubble,0,123
0,100.0000,0.0000,48.0000,0,100,100%_Bubble,0,789
1,100.0000,1.0000,59.0000,32,100,100%_Bubble,0,789
2,100.0000,2.0000,54.0000,33,100,100%_Bubble,0,789
3,100.0000,2.0000,56.0000,32,100,100%_Bubble,0,789
4,100.0000,2.0000,59.0000,27,100,100%_Bubble,0,789
5,100.0000,2.0000,61.0000,27,100,100%_Bubble,0,789
6,100.0000,1.0000,59.0000,25,100,100%_Bubble,0,789
7,100.0000,1.0000,62.0000,28,100,100%_Bubble,0,789
8,100.0000,1.0000,58.0000,26,100,100%_Bubble,0,789
9,100.0000,1.0000,60.0000,28,100,100%_Bubble,0,789
10,100.0000,0.0000,58.0000,29,100,100%_Bubble,0,789
11,100.0000,0.0000,62.0000,28,100,100%_Bubble,0,789
12,100.0000,0.0000,61.0000,25,100,100%_Bubble,0,789
13,100.0000,1.0000,58.0000,25,100,100%_Bubble,0,789
14,100.0000,1.0000,63.0000,27,100,100%_Bubble,0,789
15,100.0000,1.0000,66.0000,24,100,100%_Bubble,0,789
16,100.0000,0.0000,63.0000,26,100,100%_Bubble,0,789
17,100.0000,1.0000,61.0000,26,100,100%_Bubble,0,789
18,100.0000,1.0000,60.0000,25,100,100%_Bubble,0,789
19,100.0000,2.0000,60.0000,31,100,100%_Bubble,0,789
20,100.0000,2.0000,62.0000,24,100,100%_Bubble,0,789
21,100.0000,3.0000,62.0000,26,100,100%_Bubble,0,789
22,100.0000,2.0000,57.0000,33,100,100%_Bubble,0,789
23,100.0000,2.0000,60.0000,31,100,100%_Bubble,0,789
24,100.0000,4.0000,63.0000,26,100,100%_Bubble,0,789
25,100.0000,3.0000,66.0000,27,100,100%_Bubble,0,789
26,100.0000,3.0000,63.0000,28,100,100%_Bubble,0,789
27,100.0000,2.0000,62.0000,27,100,100%_Bubble,0,789
28,100.0000,3.0000,67.0000,28,100,100%_Bubble,0,789
29,100.0000,3.0000,65.0000,18,100,100%_Bubble,0,789
30,100.0000,4.0000,64.0000,26,100,100%_Bubble,0,789
31,100.0000,4.0000,61.0000,26,100,100%_Bubble,0,789
32,100.0000,3.0000,65.0000,28,100,100%_Bubble,0,789
33,100.0000,2.0000,67.0000,21,100,100%_Bubble,0,789
34,100.0000,3.0000,61.0000,27,100,100%_Bubble,0,789
35,100.0000,1.0000,61.0000,30,100,100%_Bubble,0,789
36,100.0000,2.0000,64.0000,30,100,100%_Bubble,0,789
37,100.0000,3.0000,63.0000,22,100,100%_Bubble,0,789
38,100.0000,1.0000,68.0000,24,100,100%_Bubble,0,789
39,100.0000,1.0000,65.0000,20,100,100%_Bubble,0,789
40,100.0000,2.0000,64.0000,27,100,100%_Bubble,0,789
41,100.0000,1.0000,64.0000,25,100,100%_Bubble,0,789
42,100.0000,3.0000,66.0000,27,100,100%_Bubble,0,789
43,100.0000,3.0000,64.0000,28,100,100%_Bubble,0,789
44,100.0000,3.0000,64.0000,25,100,100%_Bubble,0,789
45,100.0000,1.0000,64.0000,22,100,100%_Bubble,0,789
46,100.0000,1.0000,67.0000,28,100,100%_Bubble,0,789
47,100.0000,1.0000,63.0000,26,100,100%_Bubble,0,789
48,100.0000,1.0000,71.0000,26,100,100%_Bubble,0,789
49,100.0000,1.0000,68.0000,19,100,100%_Bubble,0,789
50,100.0000,1.0000,65.0000,23,100,100%_Bubble,0,789
51,100.0000,4.0000,69.0000,23,100,100%_Bubble,0,789
52,100.0000,4.0000,72.0000,20,100,100%_Bubble,0,789
53,100.0000,4.0000,67.0000,22,100,100%_Bubble,0,789
54,100.0000,5.0000,67.0000,26,100,100%_Bubble,0,789
55,100.0000,6.0000,70.0000,23,100,100%_Bubble,0,789
56,100.0000,3.0000,73.0000,25,100,100%_Bubble,0,789
57,100.0000,3.0000,73.0000,19,100,100%_Bubble,0,789
58,100.0000,4.0000,71.0000,22,100,100%_Bubble,0,789
59,100.0000,3.0000,74.0000,17,100,100%_Bubble,0,789
60,100.0000,3.0000,72.0000,19,100,100%_Bubble,0,789
61,100.0000,3.0000,74.0000,22,100,100%_Bubble,0,789
62,100.0000,4.0000,75.0000,18,100,100%_Bubble,0,789
63,100.0000,4.0000,75.0000,17,100,100%_Bubble,0,789
64,100.0000,4.0000,76.0000,17,100,100%_Bubble,0,789
65,100.0000,5.0000,75.0000,16,100,100%_Bubble,0,789
66,100.0000,6.0000,74.0000,20,100,100%_Bubble,0,789
67,100.0000,7.0000,72.0000,21,100,100%_Bubble,0,789
68,100.0000,7.0000,72.0000,22,100,100%_Bubble,0,789
69,100.0000,7.0000,72.0000,18,100,100%_Bubble,0,789
70,100.0000,8.0000,74.0000,23,100,100%_Bubble,0,789
71,100.0000,11.0000,76.0000,18,100,100%_Bubble,0,789
72,100.0000,12.0000,74.0000,20,100,100%_Bubble,0,789
73,100.0000,11.0000,74.0000,20,100,100%_Bubble,0,789
74,100.0000,10.0000,76.0000,19,100,100%_Bubble,0,789
75,100.0000,11.0000,77.0000,18,100,100%_Bubble,0,789
76,100.0000,12.0000,77.0000,20,100,100%_Bubble,0,789
77,100.0000,11.0000,78.0000,16,100,100%_Bubble,0,789
78,100.0000,11.0000,81.0000,14,100,100%_Bubble,0,789
79,100.0000,11.0000,81.0000,13,100,100%_Bubble,0,789
80,100.0000,10.0000,78.0000,14,100,100%_Bubble,0,789
81,100.0000,13.0000,81.0000,15,100,100%_Bubble,0,789
82,100.0000,12.0000,79.0000,13,100,100%_Bubble,0,789
83,100.0000,12.0000,79.0000,15,100,100%_Bubble,0,789
84,100.0000,11.0000,80.0000,17,100,100%_Bubble,0,789
85,100.0000,10.0000,78.0000,12,100,100%_Bubble,0,789
86,100.0000,12.0000,83.0000,14,100,100%_Bubble,0,789
87,100.0000,12.0000,80.0000,14,100,100%_Bubble,0,789
88,100.0000,10.0000,81.0000,11,100,100%_Bubble,0,789
89,100.0000,11.0000,80.0000,15,100,100%_Bubble,0,789
90,100.0000,10.0000,80.0000,16,100,100%_Bubble,0,789
91,100.0000,11.0000,82.0000,14,100,100%_Bubble,0,789
92,100.0000,11.0000,82.0000,13,100,100%_Bubble,0,789
93,100.0000,10.0000,82.0000,12,100,100%_Bubble,0,789
94,100.0000,11.0000,82.0000,14,100,100%_Bubble,0,789
95,100.0000,10.0000,81.0000,13,100,100%_Bubble,0,789
96,100.0000,10.0000,81.0000,13,100,100%_Bubble,0,789
97,100.0000,11.0000,82.0000,17,100,100%_Bubble,0,789
98,100.0000,12.0000,80.0000,15,100,100%_Bubble,0,789
99,100.0000,13.0000,83.0000,11,100,100%_Bubble,0,789
100,100.0000,17.0000,82.0000,12,100,100%_Bubble,0,789
101,100.0000,19.0000,84.0000,11,100,100%_Bubble,0,789
102,100.0000,24.0000,83.0000,13,100,100%_Bubble,0,789
103,100.0000,30.0000,86.0000,14,100,100%_Bubble,0,789
104,100.0000,31.0000,86.0000,7,100,100%_Bubble,0,789
105,100.0000,33.0000,86.0000,7,100,100%_Bubble,0,789
106,100.0000,35.0000,85.0000,9,100,100%_Bubble,0,789
107,100.0000,38.0000,86.0000,10,100,100%_Bubble,0,789
108,100.0000,49.0000,88.0000,13,100,100%_Bubble,0,789
109,100.0000,51.0000,89.0000,8,100,100%_Bubble,0,789
110,100.0000,54.0000,92.0000,9,100,100%_Bubble,0,789
111,100.0000,58.0000,92.0000,8,100,100%_Bubble,0,789
112,100.0000,61.0000,93.0000,4,100,100%_Bubble,0,789
113,100.0000,67.0000,93.0000,6,100,100%_Bubble,0,789
114,100.0000,73.0000,95.0000,6,100,100%_Bubble,0,789
115,100.0000,75.0000,95.0000,4,100,100%_Bubble,0,789
116,100.0000,78.0000,95.0000,3,100,100%_Bubble,0,789
117,100.0000,83.0000,96.0000,5,100,100%_Bubble,0,789
118,100.0000,87.0000,97.0000,3,100,100%_Bubble,0,789
119,100.0000,88.0000,97.0000,1,100,100%_Bubble,0,789
120,100.0000,92.0000,98.0000,3,100,100%_Bubble,0,789
121,100.0000,93.0000,98.0000,1,100,100%_Bubble,0,789
122,100.0000,96.0000,99.0000,2,100,100%_Bubble,0,789
123,100.0000,97.0000,99.0000,1,100,100%_Bubble,0,789
124,100.0000,98.0000,99.0000,1,100,100%_Bubble,0,789
125,100.0000,100.0000,100.0000,1,100,100%_Bubble,0,789
126,100.0000,100.0000,100.0000,0,100,100%_Bubble,0,789
127,100.0000,100.0000,100.0000,0,100,100%_Bubble,0,789
128,100.0000,100.0000,100.0000,0,100,100%_Bubble,0,789
0,100.0000,1.0000,47.0000,0,100,100%_Bubble,1,42
1,100.0000,0.0000,63.0000,31,100,100%_Bubble,1,42
2,100.0000,1.0000,54.0000,29,100,100%_Bubble,1,42
3,100.0000,0.0000,53.0000,31,100,100%_Bubble,1,42
4,100.0000,0.0000,58.0000,30,100,100%_Bubble,1,42
5,100.0000,0.0000,57.0000,28,100,100%_Bubble,1,42
6,100.0000,0.0000,57.0000,30,100,100%_Bubble,1,42
7,100.0000,0.0000,57.0000,31,100,100%_Bubble,1,42
8,100.0000,2.0000,59.0000,31,100,100%_Bubble,1,42
9,100.0000,1.0000,60.0000,26,100,100%_Bubble,1,42
10,100.0000,1.0000,61.0000,29,100,100%_Bubble,1,42
11,100.0000,2.0000,55.0000,29,100,100%_Bubble,1,42
12,100.0000,1.0000,63.0000,30,100,100%_Bubble,1,42
13,100.0000,0.0000,64.0000,24,100,100%_Bubble,1,42
14,100.0000,0.0000,62.0000,22,100,100%_Bubble,1,42
15,100.0000,0.0000,63.0000,22,100,100%_Bubble,1,42
16,100.0000,1.0000,62.0000,25,100,100%_Bubble,1,42
17,100.0000,1.0000,60.0000,24,100,100%_Bubble,1,42
18,100.0000,2.0000,61.0000,24,100,100%_Bubble,1,42
19,100.0000,3.0000,65.0000,25,100,100%_Bubble,1,42
20,100.0000,1.0000,62.0000,28,100,100%_Bubble,1,42
21,100.0000,1.0000,62.0000,21,100,100%_Bubble,1,42
22,100.0000,2.0000,63.0000,26,100,100%_Bubble,1,42
23,100.0000,0.0000,61.0000,26,100,100%_Bubble,1,42
24,100.0000,0.0000,59.0000,27,100,100%_Bubble,1,42
25,100.0000,2.0000,57.0000,29,100,100%_Bubble,1,42
26,100.0000,1.0000,59.0000,34,100,100%_Bubble,1,42
27,100.0000,0.0000,61.0000,27,100,100%_Bubble,1,42
28,100.0000,0.0000,63.0000,27,100,100%_Bubble,1,42
29,100.0000,1.0000,60.0000,29,100,100%_Bubble,1,42
30,100.0000,0.0000,65.0000,28,100,100%_Bubble,1,42
31,100.0000,0.0000,62.0000,26,100,100%_Bubble,1,42
32,100.0000,0.0000,67.0000,26,100,100%_Bubble,1,42
33,100.0000,0.0000,68.0000,26,100,100%_Bubble,1,42
34,100.0000,0.0000,67.0000,19,100,100%_Bubble,1,42
35,100.0000,0.0000,63.0000,26,100,100%_Bubble,1,42
36,100.0000,0.0000,68.0000,25,100,100%_Bubble,1,42
37,100.0000,0.0000,66.0000,24,100,100%_Bubble,1,42
38,100.0000,0.0000,69.0000,24,100,100%_Bubble,1,42
39,100.0000,0.0000,70.0000,24,100,100%_Bubble,1,42
40,100.0000,0.0000,67.0000,21,100,100%_Bubble,1,42
41,100.0000,0.0000,69.0000,21,100,100%_Bubble,1,42
42,100.0000,0.0000,67.0000,20,100,100%_Bubble,1,42
43,100.0000,0.0000,64.0000,28,100,100%_Bubble,1,42
44,100.0000,0.0000,70.0000,28,100,100%_Bubble,1,42
45,100.0000,0.0000,67.0000,22,100,100%_Bubble,1,42
46,100.0000,3.0000,69.0000,22,100,100%_Bubble,1,42
47,100.0000,3.0000,71.0000,20,100,100%_Bubble,1,42
48,100.0000,1.0000,72.0000,21,100,100%_Bubble,1,42
49,100.0000,3.0000,75.0000,16,100,100%_Bubble,1,42
50,100.0000,5.0000,73.0000,15,100,100%_Bubble,1,42
51,100.0000,4.0000,67.0000,20,100,100%_Bubble,1,42
52,100.0000,1.0000,71.0000,24,100,100%_Bubble,1,42
53,100.0000,1.0000,69.0000,20,100,100%_Bubble,1,42
54,100.0000,1.0000,71.0000,27,100,100%_Bubble,1,42
55,100.0000,1.0000,72.0000,21,100,100%_Bubble,1,42
56,100.0000,3.0000,74.0000,21,100,100%_Bubble,1,42
57,100.0000,1.0000,71.0000,19,100,100%_Bubble,1,42
58,100.0000,1.0000,74.0000,19,100,100%_Bubble,1,42
59,100.0000,1.0000,75.0000,16,100,100%_Bubble,1,42
60,100.0000,1.0000,72.0000,17,100,100%_Bubble,1,42
61,100.0000,1.0000,73.0000,19,100,100%_Bubble,1,42
62,100.0000,1.0000,76.0000,19,100,100%_Bubble,1,42
63,100.0000,2.0000,72.0000,18,100,100%_Bubble,1,42
64,100.0000,4.0000,72.0000,21,100,100%_Bubble,1,42
65,100.0000,4.0000,72.0000,22,100,100%_Bubble,1,42
66,100.0000,4.0000,73.0000,18,100,100%_Bubble,1,42
67,100.0000,4.0000,68.0000,23,100,100%_Bubble,1,42
68,100.0000,5.0000,74.0000,21,100,100%_Bubble,1,42
69,100.0000,5.0000,72.0000,19,100,100%_Bubble,1,42
70,100.0000,4.0000,72.0000,21,100,100%_Bubble,1,42
71,100.0000,6.0000,70.0000,23,100,100%_Bubble,1,42
72,100.0000,7.0000,69.0000,22,100,100%_Bubble,1,42
73,100.0000,5.0000,70.0000,20,100,100%_Bubble,1,42
74,100.0000,6.0000,69.0000,21,100,100%_Bubble,1,42
75,100.0000,6.0000,71.0000,22,100,100%_Bubble,1,42
76,100.0000,5.0000,71.0000,17,100,100%_Bubble,1,42
77,100.0000,4.0000,70.0000,21,100,100%_Bubble,1,42
78,100.0000,6.0000,75.0000,22,100,100%_Bubble,1,42
79,100.0000,5.0000,77.0000,17,100,100%_Bubble,1,42
80,100.0000,6.0000,77.0000,15,100,100%_Bubble,1,42
81,100.0000,4.0000,74.0000,14,100,100%_Bubble,1,42
82,100.0000,4.0000,75.0000,20,100,100%_Bubble,1,42
83,100.0000,4.0000,72.0000,20,100,100%_Bubble,1,42
84,100.0000,4.0000,72.0000,24,100,100%_Bubble,1,42
85,100.0000,7.0000,73.0000,22,100,100%_Bubble,1,42
86,100.0000,9.0000,75.0000,23,100,100%_Bubble,1,42
87,100.0000,5.0000,75.0000,19,100,100%_Bubble,1,42
88,100.0000,8.0000,77.0000,18,100,100%_Bubble,1,42
89,100.0000,8.0000,78.0000,12,100,100%_Bubble,1,42
90,100.0000,8.0000,80.0000,17,100,100%_Bubble,1,42
91,100.0000,8.0000,77.0000,16,100,100%_Bubble,1,42
92,100.0000,11.0000,79.0000,15,100,100%_Bubble,1,42
93,100.0000,10.0000,80.0000,14,100,100%_Bubble,1,42
94,100.0000,10.0000,79.0000,16,100,100%_Bubble,1,42
95,100.0000,9.0000,79.0000,12,100,100%_Bubble,1,42
96,100.0000,10.0000,80.0000,15,100,100%_Bubble,1,42
97,100.0000,10.0000,82.0000,13,100,100%_Bubble,1,42
98,100.0000,9.0000,85.0000,10,100,100%_Bubble,1,42
99,100.0000,10.0000,81.0000,12,100,100%_Bubble,1,42
100,100.0000,12.0000,79.0000,17,100,100%_Bubble,1,42
101,100.0000,12.0000,81.0000,13,100,100%_Bubble,1,42
102,100.0000,10.0000,81.0000,14,100,100%_Bubble,1,42
103,100.0000,10.0000,80.0000,11,100,100%_Bubble,1,42
104,100.0000,10.0000,82.0000,16,100,100%_Bubble,1,42
105,100.0000,10.0000,82.0000,13,100,100%_Bubble,1,42
106,100.0000,12.0000,84.0000,16,100,100%_Bubble,1,42
107,100.0000,14.0000,84.0000,13,100,100%_Bubble,1,42
108,100.0000,18.0000,83.0000,14,100,100%_Bubble,1,42
109,100.0000,22.0000,84.0000,13,100,100%_Bubble,1,42
110,100.0000,24.0000,82.0000,14,100,100%_Bubble,1,42
111,100.0000,29.0000,84.0000,14,100,100%_Bubble,1,42
112,100.0000,38.0000,85.0000,12,100,100%_Bubble,1,42
113,100.0000,45.0000,89.0000,11,100,100%_Bubble,1,42
114,100.0000,49.0000,89.0000,6,100,100%_Bubble,1,42
115,100.0000,51.0000,90.0000,8,100,100%_Bubble,1,42
116,100.0000,54.0000,91.0000,6,100,100%_Bubble,1,42
117,100.0000,59.0000,92.0000,8,100,100%_Bubble,1,42
118,100.0000,60.0000,92.0000,5,100,100%_Bubble,1,42
119,100.0000,61.0000,91.0000,6,100,100%_Bubble,1,42
120,100.0000,68.0000,93.0000,8,100,100%_Bubble,1,42
121,100.0000,70.0000,93.0000,4,100,100%_Bubble,1,42
122,100.0000,76.0000,95.0000,6,100,100%_Bubble,1,42
123,100.0000,80.0000,96.0000,4,100,100%_Bubble,1,42
124,100.0000,83.0000,96.0000,3,100,100%_Bubble,1,42
125,100.0000,85.0000,96.0000,3,100,100%_Bubble,1,42
126,100.0000,89.0000,97.0000,4,100,100%_Bubble,1,42
127,100.0000,93.0000,98.0000,3,100,100%_Bubble,1,42
128,100.0000,93.0000,98.0000,0,100,100%_Bubble,1,42
129,100.0000,96.0000,99.0000,2,100,100%_Bubble,1,42
130,100.0000,97.0000,99.0000,1,100,100%_Bubble,1,42
131,100.0000,98.0000,99.0000,1,100,100%_Bubble,1,42
132,100.0000,98.0000,99.0000,0,100,100%_Bubble,1,42
133,100.0000,100.0000,100.0000,1,100,100%_Bubble,1,42
134,100.0000,100.0000,100.0000,0,100,100%_Bubble,1,42
135,100.0000,100.0000,100.0000,0,100,100%_Bubble,1,42
136,100.0000,100.0000,100.0000,0,100,100%_Bubble,1,42
0,100.0000,1.0000,50.0000,0,100,100%_Bubble,1,123
1,100.0000,1.0000,56.0000,31,100,100%_Bubble,1,123
2,100.0000,1.0000,56.0000,30,100,100%_Bubble,1,123
3,100.0000,0.0000,55.0000,36,100,100%_Bubble,1,123
4,100.0000,0.0000,56.0000,33,100,100%_Bubble,1,123
5,100.0000,1.0000,58.0000,27,100,100%_Bubble,1,123
6,100.0000,1.0000,58.0000,29,100,100%_Bubble,1,123
7,100.0000,3.0000,59.0000,27,100,100%_Bubble,1,123
8,100.0000,2.0000,61.0000,30,100,100%_Bubble,1,123
9,100.0000,1.0000,59.0000,24,100,100%_Bubble,1,123
10,100.0000,2.0000,60.0000,31,100,100%_Bubble,1,123
11,100.0000,1.0000,58.0000,28,100,100%_Bubble,1,123
12,100.0000,2.0000,58.0000,29,100,100%_Bubble,1,123
13,100.0000,1.0000,62.0000,29,100,100%_Bubble,1,123
14,100.0000,2.0000,62.0000,31,100,100%_Bubble,1,123
15,100.0000,1.0000,60.0000,26,100,100%_Bubble,1,123
16,100.0000,1.0000,68.0000,25,100,100%_Bubble,1,123
17,100.0000,1.0000,64.0000,21,100,100%_Bubble,1,123
18,100.0000,1.0000,64.0000,27,100,100%_Bubble,1,123
19,100.0000,0.0000,61.0000,27,100,100%_Bubble,1,123
20,100.0000,0.0000,61.0000,23,100,100%_Bubble,1,123
21,100.0000,1.0000,64.0000,27,100,100%_Bubble,1,123
22,100.0000,0.0000,64.0000,27,100,100%_Bubble,1,123
23,100.0000,0.0000,65.0000,20,100,100%_Bubble,1,123
24,100.0000,0.0000,65.0000,25,100,100%_Bubble,1,123
25,100.0000,1.0000,63.0000,26,100,100%_Bubble,1,123
26,100.0000,0.0000,67.0000,28,100,100%_Bubble,1,123
27,100.0000,0.0000,62.0000,22,100,100%_Bubble,1,123
28,100.0000,1.0000,69.0000,24,100,100%_Bubble,1,123
29,100.0000,0.0000,64.0000,24,100,100%_Bubble,1,123
30,100.0000,3.0000,68.0000,26,100,100%_Bubble,1,123
31,100.0000,3.0000,68.0000,23,100,100%_Bubble,1,123
32,100.0000,1.0000,64.0000,23,100,100%_Bubble,1,123
33,100.0000,0.0000,69.0000,26,100,100%_Bubble,1,123
34,100.0000,0.0000,62.0000,21,100,100%_Bubble,1,123
35,100.0000,1.0000,66.0000,24,100,100%_Bubble,1,123
36,100.0000,0.0000,64.0000,29,100,100%_Bubble,1,123
37,100.0000,0.0000,61.0000,26,100,100%_Bubble,1,123
38,100.0000,0.0000,66.0000,23,100,100%_Bubble,1,123
39,100.0000,0.0000,61.0000,24,100,100%_Bubble,1,123
40,100.0000,0.0000,66.0000,26,100,100%_Bubble,1,123
41,100.0000,0.0000,66.0000,22,100,100%_Bubble,1,123
42,100.0000,1.0000,66.0000,23,100,100%_Bubble,1,123
43,100.0000,1.0000,66.0000,27,100,100%_Bubble,1,123
44,100.0000,1.0000,68.0000,25,100,100%_Bubble,1,123
45,100.0000,1.0000,66.0000,22,100,100%_Bubble,1,123
46,100.0000,0.0000,66.0000,21,100,100%_Bubble,1,123
47,100.0000,0.0000,61.0000,26,100,100%_Bubble,1,123
48,100.0000,1.0000,67.0000,26,100,100%_Bubble,1,123
49,100.0000,0.0000,64.0000,21,100,100%_Bubble,1,123
50,100.0000,0.0000,67.0000,26,100,100%_Bubble,1,123
51,100.0000,0.0000,63.0000,24,100,100%_Bubble,1,123
52,100.0000,2.0000,63.0000,31,100,100%_Bubble,1,123
53,100.0000,3.0000,67.0000,25,100,100%_Bubble,1,123
54,100.0000,1.0000,66.0000,21,100,100%_Bubble,1,123
55,100.0000,3.0000,69.0000,27,100,100%_Bubble,1,123
56,100.0000,3.0000,71.0000,22,100,100%_Bubble,1,123
57,100.0000,1.0000,67.0000,22,100,100%_Bubble,1,123
58,100.0000,2.0000,72.0000,23,100,100%_Bubble,1,123
59,100.0000,4.0000,69.0000,20,100,100%_Bubble,1,123
60,100.0000,1.0000,68.0000,23,100,100%_Bubble,1,123
61,100.0000,1.0000,68.0000,20,100,100%_Bubble,1,123
62,100.0000,1.0000,67.0000,23,100,100%_Bubble,1,123
63,100.0000,1.0000,68.0000,25,100,100%_Bubble,1,123
64,100.0000,2.0000,65.0000,23,100,100%_Bubble,1,123
65,100.0000,1.0000,65.0000,22,100,100%_Bubble,1,123
66,100.0000,1.0000,68.0000,23,100,100%_Bubble,1,123
67,100.0000,1.0000,72.0000,20,100,100%_Bubble,1,123
68,100.0000,2.0000,70.0000,22,100,100%_Bubble,1,123
69,100.0000,1.0000,72.0000,20,100,100%_Bubble,1,123
70,100.0000,1.0000,71.0000,23,100,100%_Bubble,1,123
71,100.0000,1.0000,71.0000,21,100,100%_Bubble,1,123
72,100.0000,1.0000,72.0000,21,100,100%_Bubble,1,123
73,100.0000,1.0000,73.0000,18,100,100%_Bubble,1,123
74,100.0000,2.0000,75.0000,17,100,100%_Bubble,1,123
75,100.0000,4.0000,73.0000,20,100,100%_Bubble,1,123
76,100.0000,4.0000,72.0000,20,100,100%_Bubble,1,123
77,100.0000,4.0000,72.0000,20,100,100%_Bubble,1,123
78,100.0000,5.0000,68.0000,19,100,100%_Bubble,1,123
79,100.0000,4.0000,68.0000,25,100,100%_Bubble,1,123
80,100.0000,4.0000,68.0000,20,100,100%_Bubble,1,123
81,100.0000,5.0000,69.0000,19,100,100%_Bubble,1,123
82,100.0000,4.0000,71.0000,22,100,100%_Bubble,1,123
83,100.0000,3.0000,70.0000,22,100,100%_Bubble,1,123
84,100.0000,2.0000,74.0000,22,100,100%_Bubble,1,123
85,100.0000,3.0000,73.0000,20,100,100%_Bubble,1,123
86,100.0000,1.0000,74.0000,21,100,100%_Bubble,1,123
87,100.0000,1.0000,74.0000,20,100,100%_Bubble,1,123
88,100.0000,1.0000,76.0000,21,100,100%_Bubble,1,123
89,100.0000,2.0000,73.0000,18,100,100%_Bubble,1,123
90,100.0000,1.0000,75.0000,21,100,100%_Bubble,1,123
91,100.0000,2.0000,76.0000,19,100,100%_Bubble,1,123
92,100.0000,1.0000,74.0000,18,100,100%_Bubble,1,123
93,100.0000,2.0000,77.0000,15,100,100%_Bubble,1,123
94,100.0000,2.0000,76.0000,19,100,100%_Bubble,1,123
95,100.0000,2.0000,77.0000,15,100,100%_Bubble,1,123
96,100.0000,2.0000,77.0000,18,100,100%_Bubble,1,123
97,100.0000,3.0000,78.0000,19,100,100%_Bubble,1,123
98,100.0000,4.0000,77.0000,18,100,100%_Bubble,1,123
99,100.0000,8.0000,77.0000,20,100,100%_Bubble,1,123
100,100.0000,11.0000,78.0000,16,100,100%_Bubble,1,123
101,100.0000,16.0000,79.0000,15,100,100%_Bubble,1,123
102,100.0000,22.0000,79.0000,18,100,100%_Bubble,1,123
103,100.0000,30.0000,80.0000,15,100,100%_Bubble,1,123
104,100.0000,32.0000,84.0000,17,100,100%_Bubble,1,123
105,100.0000,41.0000,86.0000,12,100,100%_Bubble,1,123
106,100.0000,45.0000,88.0000,10,100,100%_Bubble,1,123
107,100.0000,50.0000,88.0000,9,100,100%_Bubble,1,123
108,100.0000,54.0000,89.0000,10,100,100%_Bubble,1,123
109,100.0000,59.0000,91.0000,8,100,100%_Bubble,1,123
110,100.0000,62.0000,92.0000,9,100,100%_Bubble,1,123
111,100.0000,64.0000,92.0000,6,100,100%_Bubble,1,123
112,100.0000,67.0000,93.0000,6,100,100%_Bubble,1,123
113,100.0000,67.0000,94.0000,3,100,100%_Bubble,1,123
114,100.0000,70.0000,94.0000,6,100,100%_Bubble,1,123
115,100.0000,74.0000,96.0000,4,100,100%_Bubble,1,123
116,100.0000,75.0000,96.0000,2,100,100%_Bubble,1,123
117,100.0000,76.0000,95.0000,4,100,100%_Bubble,1,123
118,100.0000,78.0000,95.0000,4,100,100%_Bubble,1,123
119,100.0000,82.0000,96.0000,4,100,100%_Bubble,1,123
120,100.0000,85.0000,97.0000,2,100,100%_Bubble,1,123
121,100.0000,86.0000,97.0000,2,100,100%_Bubble,1,123
122,100.0000,87.0000,97.0000,1,100,100%_Bubble,1,123
123,100.0000,88.0000,98.0000,2,100,100%_Bubble,1,123
124,100.0000,88.0000,97.0000,2,100,100%_Bubble,1,123
125,100.0000,90.0000,97.0000,3,100,100%_Bubble,1,123
126,100.0000,90.0000,98.0000,3,100,100%_Bubble,1,123
127,100.0000,90.0000,98.0000,1,100,100%_Bubble,1,123
128,100.0000,90.0000,98.0000,1,100,100%_Bubble,1,123
129,100.0000,91.0000,98.0000,2,100,100%_Bubble,1,123
130,100.0000,92.0000,98.0000,1,100,100%_Bubble,1,123
131,100.0000,94.0000,98.0000,2,100,100%_Bubble,1,123
132,100.0000,95.0000,98.0000,1,100,100%_Bubble,1,123
133,100.0000,98.0000,99.0000,2,100,100%_Bubble,1,123
134,100.0000,100.0000,100.0000,1,100,100%_Bubble,1,123
135,100.0000,100.0000,100.0000,0,100,100%_Bubble,1,123
136,100.0000,100.0000,100.0000,0,100,100%_Bubble,1,123
137,100.0000,100.0000,100.0000,0,100,100%_Bubble,1,123
0,100.0000,0.0000,48.0000,0,100,100%_Bubble,1,789
1,100.0000,1.0000,57.0000,32,100,100%_Bubble,1,789
2,100.0000,1.0000,54.0000,32,100,100%_Bubble,1,789
3,100.0000,2.0000,59.0000,30,100,100%_Bubble,1,789
4,100.0000,3.0000,52.0000,35,100,100%_Bubble,1,789
5,100.0000,2.0000,55.0000,31,100,100%_Bubble,1,789
6,100.0000,2.0000,59.0000,28,100,100%_Bubble,1,789
7,100.0000,2.0000,55.0000,26,100,100%_Bubble,1,789
8,100.0000,3.0000,59.0000,34,100,100%_Bubble,1,789
9,100.0000,3.0000,60.0000,29,100,100%_Bubble,1,789
10,100.0000,2.0000,65.0000,24,100,100%_Bubble,1,789
11,100.0000,2.0000,59.0000,25,100,100%_Bubble,1,789
12,100.0000,1.0000,62.0000,27,100,100%_Bubble,1,789
13,100.0000,0.0000,56.0000,30,100,100%_Bubble,1,789
14,100.0000,0.0000,59.0000,32,100,100%_Bubble,1,789
15,100.0000,1.0000,57.0000,33,100,100%_Bubble,1,789
16,100.0000,3.0000,65.0000,28,100,100%_Bubble,1,789
17,100.0000,1.0000,56.0000,29,100,100%_Bubble,1,789
18,100.0000,0.0000,63.0000,31,100,100%_Bubble,1,789
19,100.0000,2.0000,57.0000,29,100,100%_Bubble,1,789
20,100.0000,3.0000,60.0000,29,100,100%_Bubble,1,789
21,100.0000,0.0000,59.0000,29,100,100%_Bubble,1,789
22,100.0000,1.0000,63.0000,26,100,100%_Bubble,1,789
23,100.0000,3.0000,61.0000,22,100,100%_Bubble,1,789
24,100.0000,2.0000,63.0000,29,100,100%_Bubble,1,789
25,100.0000,1.0000,62.0000,23,100,100%_Bubble,1,789
26,100.0000,3.0000,61.0000,29,100,100%_Bubble,1,789
27,100.0000,3.0000,63.0000,29,100,100%_Bubble,1,789
28,100.0000,2.0000,65.0000,26,100,100%_Bubble,1,789
29,100.0000,2.0000,61.0000,28,100,100%_Bubble,1,789
30,100.0000,1.0000,63.0000,26,100,100%_Bubble,1,789
31,100.0000,2.0000,62.0000,29,100,100%_Bubble,1,789
32,100.0000,3.0000,66.0000,23,100,100%_Bubble,1,789
33,100.0000,1.0000,63.0000,30,100,100%_Bubble,1,789
34,100.0000,1.0000,63.0000,27,100,100%_Bubble,1,789
35,100.0000,2.0000,63.0000,26,100,100%_Bubble,1,789
36,100.0000,3.0000,61.0000,27,100,100%_Bubble,1,789
37,100.0000,2.0000,67.0000,26,100,100%_Bubble,1,789
38,100.0000,1.0000,64.0000,24,100,100%_Bubble,1,789
39,100.0000,4.0000,66.0000,27,100,100%_Bubble,1,789
40,100.0000,2.0000,63.0000,23,100,100%_Bubble,1,789
41,100.0000,1.0000,64.0000,28,100,100%_Bubble,1,789
42,100.0000,1.0000,61.0000,25,100,100%_Bubble,1,789
43,100.0000,1.0000,64.0000,29,100,100%_Bubble,1,789
44,100.0000,3.0000,60.0000,24,100,100%_Bubble,1,789
45,100.0000,1.0000,66.0000,25,100,100%_Bubble,1,789
46,100.0000,3.0000,63.0000,28,100,100%_Bubble,1,789
47,100.0000,4.0000,65.0000,30,100,100%_Bubble,1,789
48,100.0000,2.0000,61.0000,26,100,100%_Bubble,1,789
49,100.0000,1.0000,70.0000,26,100,100%_Bubble,1,789
50,100.0000,1.0000,66.0000,22,100,100%_Bubble,1,789
51,100.0000,2.0000,71.0000,22,100,100%_Bubble,1,789
52,100.0000,3.0000,64.0000,22,100,100%_Bubble,1,789
53,100.0000,3.0000,68.0000,25,100,100%_Bubble,1,789
54,100.0000,3.0000,66.0000,21,100,100%_Bubble,1,789
55,100.0000,4.0000,66.0000,24,100,100%_Bubble,1,789
56,100.0000,3.0000,70.0000,22,100,100%_Bubble,1,789
57,100.0000,4.0000,69.0000,20,100,100%_Bubble,1,789
58,100.0000,5.0000,70.0000,22,100,100%_Bubble,1,789
59,100.0000,7.0000,71.0000,19,100,100%_Bubble,1,789
60,100.0000,7.0000,70.0000,16,100,100%_Bubble,1,789
61,100.0000,7.0000,70.0000,19,100,100%_Bubble,1,789
62,100.0000,10.0000,72.0000,20,100,100%_Bubble,1,789
63,100.0000,10.0000,71.0000,19,100,100%_Bubble,1,789
64,100.0000,11.0000,71.0000,20,100,100%_Bubble,1,789
65,100.0000,9.0000,70.0000,19,100,100%_Bubble,1,789
66,100.0000,9.0000,74.0000,23,100,100%_Bubble,1,789
67,100.0000,12.0000,74.0000,17,100,100%_Bubble,1,789
68,100.0000,12.0000,75.0000,21,100,100%_Bubble,1,789
69,100.0000,9.0000,74.0000,19,100,100%_Bubble,1,789
70,100.0000,10.0000,75.0000,16,100,100%_Bubble,1,789
71,100.0000,13.0000,77.0000,16,100,100%_Bubble,1,789
72,100.0000,12.0000,77.0000,19,100,100%_Bubble,1,789
73,100.0000,11.0000,80.0000,13,100,100%_Bubble,1,789
74,100.0000,11.0000,80.0000,13,100,100%_Bubble,1,789
75,100.0000,10.0000,79.0000,15,100,100%_Bubble,1,789
76,100.0000,11.0000,78.0000,16,100,100%_Bubble,1,789
77,100.0000,12.0000,82.0000,15,100,100%_Bubble,1,789
78,100.0000,12.0000,79.0000,11,100,100%_Bubble,1,789
79,100.0000,11.0000,82.0000,17,100,100%_Bubble,1,789
80,100.0000,10.0000,79.0000,14,100,100%_Bubble,1,789
81,100.0000,12.0000,78.0000,11,100,100%_Bubble,1,789
82,100.0000,14.0000,82.0000,12,100,100%_Bubble,1,789
83,100.0000,14.0000,78.0000,14,100,100%_Bubble,1,789
84,100.0000,11.0000,78.0000,17,100,100%_Bubble,1,789
85,100.0000,10.0000,77.0000,17,100,100%_Bubble,1,789
86,100.0000,11.0000,81.0000,16,100,100%_Bubble,1,789
87,100.0000,13.0000,79.0000,15,100,100%_Bubble,1,789
88,100.0000,10.0000,83.0000,13,100,100%_Bubble,1,789
89,100.0000,10.0000,84.0000,13,100,100%_Bubble,1,789
90,100.0000,10.0000,81.0000,13,100,100%_Bubble,1,789
91,100.0000,10.0000,84.0000,12,100,100%_Bubble,1,789
92,100.0000,10.0000,82.0000,11,100,100%_Bubble,1,789
93,100.0000,11.0000,84.0000,11,100,100%_Bubble,1,789
94,100.0000,11.0000,82.0000,13,100,100%_Bubble,1,789
95,100.0000,12.0000,84.0000,14,100,100%_Bubble,1,789
96,100.0000,13.0000,83.0000,14,100,100%_Bubble,1,789
97,100.0000,15.0000,84.0000,11,100,100%_Bubble,1,789
98,100.0000,18.0000,85.0000,10,100,100%_Bubble,1,789
99,100.0000,21.0000,85.0000,12,100,100%_Bubble,1,789
100,100.0000,25.0000,87.0000,8,100,100%_Bubble,1,789
101,100.0000,27.0000,85.0000,11,100,100%_Bubble,1,789
102,100.0000,30.0000,84.0000,15,100,100%_Bubble,1,789
103,100.0000,32.0000,86.0000,10,100,100%_Bubble,1,789
104,100.0000,36.0000,84.0000,11,100,100%_Bubble,1,789
105,100.0000,38.0000,86.0000,13,100,100%_Bubble,1,789
106,100.0000,42.0000,87.0000,10,100,100%_Bubble,1,789
107,100.0000,49.0000,91.0000,9,100,100%_Bubble,1,789
108,100.0000,55.0000,92.0000,9,100,100%_Bubble,1,789
109,100.0000,62.0000,94.0000,6,100,100%_Bubble,1,789
110,100.0000,66.0000,95.0000,3,100,100%_Bubble,1,789
111,100.0000,69.0000,95.0000,4,100,100%_Bubble,1,789
112,100.0000,71.0000,95.0000,2,100,100%_Bubble,1,789
113,100.0000,75.0000,96.0000,3,100,100%_Bubble,1,789
114,100.0000,76.0000,96.0000,2,100,100%_Bubble,1,789
115,100.0000,80.0000,97.0000,4,100,100%_Bubble,1,789
116,100.0000,82.0000,97.0000,3,100,100%_Bubble,1,789
117,100.0000,84.0000,98.0000,2,100,100%_Bubble,1,789
118,100.0000,85.0000,98.0000,2,100,100%_Bubble,1,789
119,100.0000,86.0000,98.0000,1,100,100%_Bubble,1,789
120,100.0000,87.0000,98.0000,1,100,100%_Bubble,1,789
121,100.0000,88.0000,98.0000,1,100,100%_Bubble,1,789
122,100.0000,89.0000,98.0000,1,100,100%_Bubble,1,789
123,100.0000,90.0000,98.0000,1,100,100%_Bubble,1,789
124,100.0000,93.0000,99.0000,2,100,100%_Bubble,1,789
125,100.0000,94.0000,99.0000,1,100,100%_Bubble,1,789
126,100.0000,95.0000,99.0000,1,100,100%_Bubble,1,789
127,100.0000,95.0000,99.0000,0,100,100%_Bubble,1,789
128,100.0000,96.0000,99.0000,1,100,100%_Bubble,1,789
129,100.0000,97.0000,99.0000,1,100,100%_Bubble,1,789
130,100.0000,97.0000,99.0000,0,100,100%_Bubble,1,789
131,100.0000,98.0000,99.0000,1,100,100%_Bubble,1,789
132,100.0000,100.0000,100.0000,1,100,100%_Bubble,1,789
133,100.0000,100.0000,100.0000,0,100,100%_Bubble,1,789
134,100.0000,100.0000,100.0000,0,100,100%_Bubble,1,789
135,100.0000,100.0000,100.0000,0,100,100%_Bubble,1,789
0,100.0000,1.0000,47.0000,0,100,100%_Bubble,3,42
1,100.0000,0.0000,58.0000,33,100,100%_Bubble,3,42
2,100.0000,0.0000,50.0000,32,100,100%_Bubble,3,42
3,100.0000,1.0000,56.0000,33,100,100%_Bubble,3,42
4,100.0000,0.0000,57.0000,32,100,100%_Bubble,3,42
5,100.0000,0.0000,61.0000,28,100,100%_Bubble,3,42
6,100.0000,3.0000,60.0000,27,100,100%_Bubble,3,42
7,100.0000,1.0000,65.0000,30,100,100%_Bubble,3,42
8,100.0000,1.0000,60.0000,22,100,100%_Bubble,3,42
9,100.0000,1.0000,61.0000,29,100,100%_Bubble,3,42
10,100.0000,0.0000,58.0000,31,100,100%_Bubble,3,42
11,100.0000,0.0000,57.0000,29,100,100%_Bubble,3,42
12,100.0000,1.0000,61.0000,26,100,100%_Bubble,3,42
13,100.0000,1.0000,57.0000,26,100,100%_Bubble,3,42
14,100.0000,1.0000,62.0000,24,100,100%_Bubble,3,42
15,100.0000,3.0000,60.0000,28,100,100%_Bubble,3,42
16,100.0000,2.0000,62.0000,25,100,100%_Bubble,3,42
17,100.0000,0.0000,63.0000,25,100,100%_Bubble,3,42
18,100.0000,1.0000,60.0000,24,100,100%_Bubble,3,42
19,100.0000,2.0000,62.0000,27,100,100%_Bubble,3,42
20,100.0000,2.0000,62.0000,22,100,100%_Bubble,3,42
21,100.0000,0.0000,63.0000,25,100,100%_Bubble,3,42
22,100.0000,1.0000,59.0000,26,100,100%_Bubble,3,42
23,100.0000,0.0000,66.0000,29,100,100%_Bubble,3,42
24,100.0000,0.0000,61.0000,24,100,100%_Bubble,3,42
25,100.0000,2.0000,62.0000,27,100,100%_Bubble,3,42
26,100.0000,2.0000,63.0000,23,100,100%_Bubble,3,42
27,100.0000,1.0000,60.0000,24,100,100%_Bubble,3,42
28,100.0000,0.0000,65.0000,24,100,100%_Bubble,3,42
29,100.0000,0.0000,62.0000,26,100,100%_Bubble,3,42
30,100.0000,0.0000,64.0000,25,100,100%_Bubble,3,42
31,100.0000,0.0000,64.0000,29,100,100%_Bubble,3,42
32,100.0000,0.0000,63.0000,26,100,100%_Bubble,3,42
33,100.0000,0.0000,70.0000,26,100,100%_Bubble,3,42
34,100.0000,0.0000,70.0000,18,100,100%_Bubble,3,42
35,100.0000,0.0000,69.0000,20,100,100%_Bubble,3,42
36,100.0000,0.0000,61.0000,26,100,100%_Bubble,3,42
37,100.0000,0.0000,66.0000,29,100,100%_Bubble,3,42
38,100.0000,0.0000,67.0000,20,100,100%_Bubble,3,42
39,100.0000,0.0000,70.0000,18,100,100%_Bubble,3,42
40,100.0000,0.0000,65.0000,22,100,100%_Bubble,3,42
41,100.0000,0.0000,65.0000,25,100,100%_Bubble,3,42
42,100.0000,0.0000,64.0000,25,100,100%_Bubble,3,42
43,100.0000,0.0000,67.0000,20,100,100%_Bubble,3,42
44,100.0000,2.0000,61.0000,25,100,100%_Bubble,3,42
45,100.0000,0.0000,64.0000,25,100,100%_Bubble,3,42
46,100.0000,1.0000,69.0000,25,100,100%_Bubble,3,42
47,100.0000,0.0000,64.0000,24,100,100%_Bubble,3,42
48,100.0000,2.0000,68.0000,25,100,100%_Bubble,3,42
49,100.0000,4.0000,68.0000,25,100,100%_Bubble,3,42
50,100.0000,3.0000,68.0000,22,100,100%_Bubble,3,42
51,100.0000,2.0000,73.0000,23,100,100%_Bubble,3,42
52,100.0000,1.0000,72.0000,16,100,100%_Bubble,3,42
53,100.0000,2.0000,70.0000,24,100,100%_Bubble,3,42
54,100.0000,3.0000,70.0000,24,100,100%_Bubble,3,42
55,100.0000,3.0000,69.0000,24,100,100%_Bubble,3,42
56,100.0000,2.0000,67.0000,27,100,100%_Bubble,3,42
57,100.0000,2.0000,68.0000,24,100,100%_Bubble,3,42
58,100.0000,2.0000,67.0000,24,100,100%_Bubble,3,42
59,100.0000,2.0000,69.0000,26,100,100%_Bubble,3,42
60,100.0000,1.0000,72.0000,22,100,100%_Bubble,3,42
61,100.0000,2.0000,70.0000,23,100,100%_Bubble,3,42
62,100.0000,3.0000,71.0000,20,100,100%_Bubble,3,42
63,100.0000,2.0000,71.0000,24,100,100%_Bubble,3,42
64,100.0000,4.0000,72.0000,26,100,100%_Bubble,3,42
65,100.0000,4.0000,73.0000,22,100,100%_Bubble,3,42
66,100.0000,5.0000,70.0000,21,100,100%_Bubble,3,42
67,100.0000,5.0000,72.0000,21,100,100%_Bubble,3,42
68,100.0000,4.0000,73.0000,18,100,100%_Bubble,3,42
69,100.0000,4.0000,74.0000,19,100,100%_Bubble,3,42
70,100.0000,4.0000,71.0000,18,100,100%_Bubble,3,42
71,100.0000,4.0000,73.0000,20,100,100%_Bubble,3,42
72,100.0000,4.0000,73.0000,19,100,100%_Bubble,3,42
73,100.0000,4.0000,72.0000,19,100,100%_Bubble,3,42
74,100.0000,4.0000,73.0000,22,100,100%_Bubble,3,42
75,100.0000,4.0000,71.0000,21,100,100%_Bubble,3,42
76,100.0000,4.0000,73.0000,19,100,100%_Bubble,3,42
77,100.0000,6.0000,76.0000,18,100,100%_Bubble,3,42
78,100.0000,4.0000,74.0000,20,100,100%_Bubble,3,42
79,100.0000,5.0000,74.0000,20,100,100%_Bubble,3,42
80,100.0000,6.0000,71.0000,22,100,100%_Bubble,3,42
81,100.0000,6.0000,75.0000,20,100,100%_Bubble,3,42
82,100.0000,5.0000,71.0000,17,100,100%_Bubble,3,42
83,100.0000,7.0000,70.0000,21,100,100%_Bubble,3,42
84,100.0000,8.0000,71.0000,26,100,100%_Bubble,3,42
85,100.0000,5.0000,75.0000,21,100,100%_Bubble,3,42
86,100.0000,6.0000,74.0000,17,100,100%_Bubble,3,42
87,100.0000,4.0000,74.0000,23,100,100%_Bubble,3,42
88,100.0000,5.0000,78.0000,20,100,100%_Bubble,3,42
89,100.0000,10.0000,79.0000,16,100,100%_Bubble,3,42
90,100.0000,9.0000,83.0000,16,100,100%_Bubble,3,42
91,100.0000,8.0000,80.0000,13,100,100%_Bubble,3,42
92,100.0000,8.0000,83.0000,15,100,100%_Bubble,3,42
93,100.0000,8.0000,83.0000,14,100,100%_Bubble,3,42
94,100.0000,8.0000,83.0000,11,100,100%_Bubble,3,42
95,100.0000,8.0000,83.0000,13,100,100%_Bubble,3,42
96,100.0000,8.0000,82.0000,14,100,100%_Bubble,3,42
97,100.0000,9.0000,82.0000,12,100,100%_Bubble,3,42
98,100.0000,8.0000,81.0000,13,100,100%_Bubble,3,42
99,100.0000,8.0000,81.0000,12,100,100%_Bubble,3,42
100,100.0000,8.0000,83.0000,13,100,100%_Bubble,3,42
101,100.0000,10.0000,83.0000,13,100,100%_Bubble,3,42
102,100.0000,9.0000,81.0000,15,100,100%_Bubble,3,42
103,100.0000,11.0000,81.0000,13,100,100%_Bubble,3,42
104,100.0000,17.0000,84.0000,13,100,100%_Bubble,3,42
105,100.0000,20.0000,85.0000,13,100,100%_Bubble,3,42
106,100.0000,21.0000,86.0000,11,100,100%_Bubble,3,42
107,100.0000,25.0000,85.0000,11,100,100%_Bubble,3,42
108,100.0000,28.0000,89.0000,8,100,100%_Bubble,3,42
109,100.0000,34.0000,90.0000,9,100,100%_Bubble,3,42
110,100.0000,36.0000,89.0000,9,100,100%_Bubble,3,42
111,100.0000,39.0000,89.0000,11,100,100%_Bubble,3,42
112,100.0000,42.0000,90.0000,8,100,100%_Bubble,3,42
113,100.0000,48.0000,92.0000,9,100,100%_Bubble,3,42
114,100.0000,51.0000,92.0000,7,100,100%_Bubble,3,42
115,100.0000,55.0000,93.0000,6,100,100%_Bubble,3,42
116,100.0000,58.0000,94.0000,5,100,100%_Bubble,3,42
117,100.0000,61.0000,94.0000,4,100,100%_Bubble,3,42
118,100.0000,62.0000,94.0000,3,100,100%_Bubble,3,42
119,100.0000,63.0000,94.0000,4,100,100%_Bubble,3,42
120,100.0000,66.0000,94.0000,4,100,100%_Bubble,3,42
121,100.0000,70.0000,95.0000,5,100,100%_Bubble,3,42
122,100.0000,73.0000,95.0000,5,100,100%_Bubble,3,42
123,100.0000,78.0000,96.0000,5,100,100%_Bubble,3,42
124,100.0000,80.0000,96.0000,2,100,100%_Bubble,3,42
125,100.0000,83.0000,96.0000,4,100,100%_Bubble,3,42
126,100.0000,87.0000,97.0000,3,100,100%_Bubble,3,42
127,100.0000,90.0000,98.0000,2,100,100%_Bubble,3,42
128,100.0000,92.0000,98.0000,2,100,100%_Bubble,3,42
129,100.0000,93.0000,98.0000,1,100,100%_Bubble,3,42
130,100.0000,95.0000,99.0000,1,100,100%_Bubble,3,42
131,100.0000,95.0000,99.0000,0,100,100%_Bubble,3,42
132,100.0000,95.0000,99.0000,0,100,100%_Bubble,3,42
133,100.0000,95.0000,99.0000,0,100,100%_Bubble,3,42
0,100.0000,1.0000,50.0000,0,100,100%_Bubble,3,123
1,100.0000,1.0000,57.0000,32,100,100%_Bubble,3,123
2,100.0000,1.0000,52.0000,31,100,100%_Bubble,3,123
3,100.0000,1.0000,59.0000,28,100,100%_Bubble,3,123
4,100.0000,1.0000,59.0000,28,100,100%_Bubble,3,123
5,100.0000,0.0000,58.0000,32,100,100%_Bubble,3,123
6,100.0000,1.0000,57.0000,33,100,100%_Bubble,3,123
7,100.0000,1.0000,60.0000,29,100,100%_Bubble,3,123
8,100.0000,0.0000,53.0000,31,100,100%_Bubble,3,123
9,100.0000,0.0000,57.0000,29,100,100%_Bubble,3,123
10,100.0000,0.0000,58.0000,31,100,100%_Bubble,3,123
11,100.0000,3.0000,60.0000,26,100,100%_Bubble,3,123
12,100.0000,1.0000,62.0000,29,100,100%_Bubble,3,123
13,100.0000,3.0000,62.0000,28,100,100%_Bubble,3,123
14,100.0000,2.0000,63.0000,24,100,100%_Bubble,3,123
15,100.0000,1.0000,56.0000,31,100,100%_Bubble,3,123
16,100.0000,1.0000,61.0000,27,100,100%_Bubble,3,123
17,100.0000,1.0000,61.0000,27,100,100%_Bubble,3,123
18,100.0000,1.0000,63.0000,28,100,100%_Bubble,3,123
19,100.0000,0.0000,66.0000,24,100,100%_Bubble,3,123
20,100.0000,0.0000,68.0000,21,100,100%_Bubble,3,123
21,100.0000,1.0000,62.0000,24,100,100%_Bubble,3,123
22,100.0000,0.0000,62.0000,25,100,100%_Bubble,3,123
23,100.0000,1.0000,68.0000,25,100,100%_Bubble,3,123
24,100.0000,0.0000,66.0000,25,100,100%_Bubble,3,123
25,100.0000,0.0000,65.0000,24,100,100%_Bubble,3,123
26,100.0000,0.0000,66.0000,28,100,100%_Bubble,3,123
27,100.0000,0.0000,67.0000,27,100,100%_Bubble,3,123
28,100.0000,1.0000,67.0000,24,100,100%_Bubble,3,123
29,100.0000,1.0000,65.0000,23,100,100%_Bubble,3,123
30,100.0000,1.0000,65.0000,24,100,100%_Bubble,3,123
31,100.0000,1.0000,63.0000,24,100,100%_Bubble,3,123
32,100.0000,0.0000,68.0000,21,100,100%_Bubble,3,123
33,100.0000,0.0000,62.0000,25,100,100%_Bubble,3,123
34,100.0000,0.0000,63.0000,29,100,100%_Bubble,3,123
35,100.0000,0.0000,66.0000,26,100,100%_Bubble,3,123
36,100.0000,0.0000,70.0000,25,100,100%_Bubble,3,123
37,100.0000,0.0000,60.0000,23,100,100%_Bubble,3,123
38,100.0000,0.0000,66.0000,26,100,100%_Bubble,3,123
39,100.0000,0.0000,63.0000,23,100,100%_Bubble,3,123
40,100.0000,0.0000,62.0000,27,100,100%_Bubble,3,123
41,100.0000,0.0000,66.0000,22,100,100%_Bubble,3,123
42,100.0000,1.0000,62.0000,29,100,100%_Bubble,3,123
43,100.0000,0.0000,61.0000,27,100,100%_Bubble,3,123
44,100.0000,1.0000,66.0000,26,100,100%_Bubble,3,123
45,100.0000,0.0000,63.0000,22,100,100%_Bubble,3,123
46,100.0000,1.0000,66.0000,23,100,100%_Bubble,3,123
47,100.0000,2.0000,69.0000,26,100,100%_Bubble,3,123
48,100.0000,3.0000,66.0000,23,100,100%_Bubble,3,123
49,100.0000,1.0000,64.0000,25,100,100%_Bubble,3,123
50,100.0000,0.0000,63.0000,25,100,100%_Bubble,3,123
51,100.0000,1.0000,64.0000,27,100,100%_Bubble,3,123
52,100.0000,3.0000,64.0000,29,100,100%_Bubble,3,123
53,100.0000,1.0000,67.0000,25,100,100%_Bubble,3,123
54,100.0000,2.0000,67.0000,24,100,100%_Bubble,3,123
55,100.0000,1.0000,67.0000,26,100,100%_Bubble,3,123
56,100.0000,2.0000,68.0000,23,100,100%_Bubble,3,123
57,100.0000,3.0000,65.0000,23,100,100%_Bubble,3,123
58,100.0000,2.0000,66.0000,23,100,100%_Bubble,3,123
59,100.0000,1.0000,67.0000,25,100,100%_Bubble,3,123
60,100.0000,3.0000,67.0000,25,100,100%_Bubble,3,123
61,100.0000,3.0000,69.0000,22,100,100%_Bubble,3,123
62,100.0000,2.0000,65.0000,26,100,100%_Bubble,3,123
63,100.0000,4.0000,67.0000,23,100,100%_Bubble,3,123
64,100.0000,5.0000,64.0000,24,100,100%_Bubble,3,123
65,100.0000,3.0000,65.0000,22,100,100%_Bubble,3,123
66,100.0000,3.0000,67.0000,27,100,100%_Bubble,3,123
67,100.0000,3.0000,72.0000,21,100,100%_Bubble,3,123
68,100.0000,3.0000,72.0000,23,100,100%_Bubble,3,123
69,100.0000,3.0000,72.0000,23,100,100%_Bubble,3,123
70,100.0000,1.0000,72.0000,21,100,100%_Bubble,3,123
71,100.0000,1.0000,69.0000,23,100,100%_Bubble,3,123
72,100.0000,1.0000,70.0000,20,100,100%_Bubble,3,123
73,100.0000,1.0000,71.0000,23,100,100%_Bubble,3,123
74,100.0000,3.0000,73.0000,22,100,100%_Bubble,3,123
75,100.0000,1.0000,72.0000,20,100,100%_Bubble,3,123
76,100.0000,2.0000,71.0000,24,100,100%_Bubble,3,123
77,100.0000,2.0000,71.0000,22,100,100%_Bubble,3,123
78,100.0000,1.0000,74.0000,18,100,100%_Bubble,3,123
79,100.0000,1.0000,73.0000,19,100,100%_Bubble,3,123
80,100.0000,2.0000,72.0000,22,100,100%_Bubble,3,123
81,100.0000,1.0000,76.0000,17,100,100%_Bubble,3,123
82,100.0000,1.0000,75.0000,14,100,100%_Bubble,3,123
83,100.0000,1.0000,74.0000,16,100,100%_Bubble,3,123
84,100.0000,1.0000,77.0000,20,100,100%_Bubble,3,123
85,100.0000,1.0000,75.0000,19,100,100%_Bubble,3,123
86,100.0000,1.0000,75.0000,18,100,100%_Bubble,3,123
87,100.0000,1.0000,76.0000,21,100,100%_Bubble,3,123
88,100.0000,2.0000,75.0000,18,100,100%_Bubble,3,123
89,100.0000,1.0000,77.0000,16,100,100%_Bubble,3,123
90,100.0000,2.0000,75.0000,17,100,100%_Bubble,3,123
91,100.0000,1.0000,77.0000,17,100,100%_Bubble,3,123
92,100.0000,1.0000,74.0000,19,100,100%_Bubble,3,123
93,100.0000,2.0000,73.0000,19,100,100%_Bubble,3,123
94,100.0000,2.0000,73.0000,17,100,100%_Bubble,3,123
95,100.0000,3.0000,76.0000,20,100,100%_Bubble,3,123
96,100.0000,3.0000,80.0000,16,100,100%_Bubble,3,123
97,100.0000,3.0000,80.0000,11,100,100%_Bubble,3,123
98,100.0000,8.0000,80.0000,13,100,100%_Bubble,3,123
99,100.0000,13.0000,79.0000,15,100,100%_Bubble,3,123
100,100.0000,15.0000,83.0000,13,100,100%_Bubble,3,123
101,100.0000,20.0000,81.0000,12,100,100%_Bubble,3,123
102,100.0000,22.0000,81.0000,15,100,100%_Bubble,3,123
103,100.0000,27.0000,82.0000,15,100,100%_Bubble,3,123
104,100.0000,28.0000,82.0000,13,100,100%_Bubble,3,123
105,100.0000,33.0000,85.0000,13,100,100%_Bubble,3,123
106,100.0000,40.0000,88.0000,10,100,100%_Bubble,3,123
107,100.0000,43.0000,89.0000,9,100,100%_Bubble,3,123
108,100.0000,47.0000,90.0000,7,100,100%_Bubble,3,123
109,100.0000,50.0000,90.0000,9,100,100%_Bubble,3,123
110,100.0000,51.0000,90.0000,8,100,100%_Bubble,3,123
111,100.0000,53.0000,90.0000,7,100,100%_Bubble,3,123
112,100.0000,58.0000,92.0000,8,100,100%_Bubble,3,123
113,100.0000,60.0000,92.0000,6,100,100%_Bubble,3,123
114,100.0000,62.0000,92.0000,6,100,100%_Bubble,3,123
115,100.0000,66.0000,92.0000,5,100,100%_Bubble,3,123
116,100.0000,72.0000,95.0000,8,100,100%_Bubble,3,123
117,100.0000,74.0000,95.0000,2,100,100%_Bubble,3,123
118,100.0000,77.0000,95.0000,4,100,100%_Bubble,3,123
119,100.0000,81.0000,96.0000,3,100,100%_Bubble,3,123
120,100.0000,84.0000,97.0000,3,100,100%_Bubble,3,123
121,100.0000,86.0000,98.0000,2,100,100%_Bubble,3,123
122,100.0000,86.0000,98.0000,0,100,100%_Bubble,3,123
123,100.0000,87.0000,98.0000,2,100,100%_Bubble,3,123
124,100.0000,88.0000,98.0000,2,100,100%_Bubble,3,123
125,100.0000,89.0000,98.0000,1,100,100%_Bubble,3,123
126,100.0000,89.0000,99.0000,2,100,100%_Bubble,3,123
127,100.0000,89.0000,99.0000,0,100,100%_Bubble,3,123
128,100.0000,90.0000,99.0000,1,100,100%_Bubble,3,123
129,100.0000,91.0000,99.0000,1,100,100%_Bubble,3,123
130,100.0000,92.0000,99.0000,1,100,100%_Bubble,3,123
131,100.0000,92.0000,99.0000,0,100,100%_Bubble,3,123
132,100.0000,92.0000,99.0000,0,100,100%_Bubble,3,123
133,100.0000,92.0000,99.0000,0,100,100%_Bubble,3,123
0,100.0000,0.0000,48.0000,0,100,100%_Bubble,3,789
1,100.0000,1.0000,56.0000,34,100,100%_Bubble,3,789
2,100.0000,0.0000,58.0000,32,100,100%_Bubble,3,789
3,100.0000,0.0000,56.0000,28,100,100%_Bubble,3,789
4,100.0000,2.0000,57.0000,31,100,100%_Bubble,3,789
5,100.0000,2.0000,53.0000,29,100,100%_Bubble,3,789
6,100.0000,1.0000,57.0000,29,100,100%_Bubble,3,789
7,100.0000,0.0000,68.0000,25,100,100%_Bubble,3,789
8,100.0000,1.0000,62.0000,26,100,100%_Bubble,3,789
9,100.0000,0.0000,65.0000,21,100,100%_Bubble,3,789
10,100.0000,2.0000,62.0000,22,100,100%_Bubble,3,789
11,100.0000,2.0000,62.0000,26,100,100%_Bubble,3,789
12,100.0000,1.0000,61.0000,26,100,100%_Bubble,3,789
13,100.0000,2.0000,61.0000,26,100,100%_Bubble,3,789
14,100.0000,2.0000,59.0000,30,100,100%_Bubble,3,789
15,100.0000,2.0000,59.0000,28,100,100%_Bubble,3,789
16,100.0000,2.0000,59.0000,29,100,100%_Bubble,3,789
17,100.0000,2.0000,63.0000,30,100,100%_Bubble,3,789
18,100.0000,1.0000,59.0000,25,100,100%_Bubble,3,789
19,100.0000,1.0000,65.0000,29,100,100%_Bubble,3,789
20,100.0000,0.0000,66.0000,25,100,100%_Bubble,3,789
21,100.0000,0.0000,64.0000,23,100,100%_Bubble,3,789
22,100.0000,0.0000,58.0000,30,100,100%_Bubble,3,789
23,100.0000,1.0000,64.0000,30,100,100%_Bubble,3,789
24,100.0000,2.0000,67.0000,24,100,100%_Bubble,3,789
25,100.0000,3.0000,62.0000,24,100,100%_Bubble,3,789
26,100.0000,2.0000,65.0000,26,100,100%_Bubble,3,789
27,100.0000,4.0000,66.0000,25,100,100%_Bubble,3,789
28,100.0000,4.0000,65.0000,22,100,100%_Bubble,3,789
29,100.0000,2.0000,65.0000,25,100,100%_Bubble,3,789
30,100.0000,1.0000,60.0000,30,100,100%_Bubble,3,789
31,100.0000,4.0000,66.0000,23,100,100%_Bubble,3,789
32,100.0000,2.0000,65.0000,21,100,100%_Bubble,3,789
33,100.0000,1.0000,64.0000,21,100,100%_Bubble,3,789
34,100.0000,2.0000,63.0000,29,100,100%_Bubble,3,789
35,100.0000,2.0000,63.0000,26,100,100%_Bubble,3,789
36,100.0000,2.0000,61.0000,28,100,100%_Bubble,3,789
37,100.0000,2.0000,65.0000,29,100,100%_Bubble,3,789
38,100.0000,1.0000,70.0000,22,100,100%_Bubble,3,789
39,100.0000,2.0000,68.0000,20,100,100%_Bubble,3,789
40,100.0000,4.0000,65.0000,25,100,100%_Bubble,3,789
41,100.0000,2.0000,67.0000,21,100,100%_Bubble,3,789
42,100.0000,1.0000,66.0000,22,100,100%_Bubble,3,789
43,100.0000,1.0000,62.0000,20,100,100%_Bubble,3,789
44,100.0000,1.0000,72.0000,27,100,100%_Bubble,3,789
45,100.0000,1.0000,70.0000,23,100,100%_Bubble,3,789
46,100.0000,1.0000,66.0000,27,100,100%_Bubble,3,789
47,100.0000,1.0000,70.0000,27,100,100%_Bubble,3,789
48,100.0000,1.0000,72.0000,20,100,100%_Bubble,3,789
49,100.0000,2.0000,76.0000,20,100,100%_Bubble,3,789
50,100.0000,2.0000,73.0000,17,100,100%_Bubble,3,789
51,100.0000,3.0000,74.0000,21,100,100%_Bubble,3,789
52,100.0000,4.0000,71.0000,19,100,100%_Bubble,3,789
53,100.0000,4.0000,71.0000,20,100,100%_Bubble,3,789
54,100.0000,4.0000,73.0000,19,100,100%_Bubble,3,789
55,100.0000,2.0000,73.0000,24,100,100%_Bubble,3,789
56,100.0000,2.0000,71.0000,17,100,100%_Bubble,3,789
57,100.0000,2.0000,75.0000,18,100,100%_Bubble,3,789
58,100.0000,3.0000,77.0000,16,100,100%_Bubble,3,789
59,100.0000,3.0000,75.0000,14,100,100%_Bubble,3,789
60,100.0000,3.0000,75.0000,15,100,100%_Bubble,3,789
61,100.0000,3.0000,74.0000,17,100,100%_Bubble,3,789
62,100.0000,3.0000,73.0000,20,100,100%_Bubble,3,789
63,100.0000,3.0000,70.0000,21,100,100%_Bubble,3,789
64,100.0000,3.0000,75.0000,19,100,100%_Bubble,3,789
65,100.0000,3.0000,73.0000,22,100,100%_Bubble,3,789
66,100.0000,5.0000,71.0000,23,100,100%_Bubble,3,789
67,100.0000,5.0000,71.0000,22,100,100%_Bubble,3,789
68,100.0000,7.0000,75.0000,19,100,100%_Bubble,3,789
69,100.0000,7.0000,72.0000,20,100,100%_Bubble,3,789
70,100.0000,6.0000,72.0000,21,100,100%_Bubble,3,789
71,100.0000,8.0000,73.0000,19,100,100%_Bubble,3,789
72,100.0000,9.0000,75.0000,22,100,100%_Bubble,3,789
73,100.0000,11.0000,74.0000,18,100,100%_Bubble,3,789
74,100.0000,10.0000,79.0000,15,100,100%_Bubble,3,789
75,100.0000,10.0000,77.0000,18,100,100%_Bubble,3,789
76,100.0000,10.0000,80.0000,17,100,100%_Bubble,3,789
77,100.0000,11.0000,77.0000,15,100,100%_Bubble,3,789
78,100.0000,12.0000,78.0000,17,100,100%_Bubble,3,789
79,100.0000,11.0000,80.0000,16,100,100%_Bubble,3,789
80,100.0000,10.0000,81.0000,12,100,100%_Bubble,3,789
81,100.0000,10.0000,79.0000,15,100,100%_Bubble,3,789
82,100.0000,10.0000,81.0000,16,100,100%_Bubble,3,789
83,100.0000,10.0000,81.0000,14,100,100%_Bubble,3,789
84,100.0000,10.0000,83.0000,10,100,100%_Bubble,3,789
85,100.0000,11.0000,82.0000,10,100,100%_Bubble,3,789
86,100.0000,10.0000,81.0000,14,100,100%_Bubble,3,789
87,100.0000,10.0000,80.0000,13,100,100%_Bubble,3,789
88,100.0000,11.0000,82.0000,15,100,100%_Bubble,3,789
89,100.0000,10.0000,82.0000,12,100,100%_Bubble,3,789
90,100.0000,10.0000,84.0000,10,100,100%_Bubble,3,789
91,100.0000,10.0000,83.0000,11,100,100%_Bubble,3,789
92,100.0000,10.0000,83.0000,12,100,100%_Bubble,3,789
93,100.0000,10.0000,80.0000,15,100,100%_Bubble,3,789
94,100.0000,10.0000,79.0000,13,100,100%_Bubble,3,789
95,100.0000,10.0000,78.0000,12,100,100%_Bubble,3,789
96,100.0000,10.0000,78.0000,15,100,100%_Bubble,3,789
97,100.0000,10.0000,80.0000,16,100,100%_Bubble,3,789
98,100.0000,11.0000,78.0000,15,100,100%_Bubble,3,789
99,100.0000,12.0000,79.0000,19,100,100%_Bubble,3,789
100,100.0000,14.0000,78.0000,18,100,100%_Bubble,3,789
101,100.0000,15.0000,79.0000,16,100,100%_Bubble,3,789
102,100.0000,18.0000,79.0000,15,100,100%_Bubble,3,789
103,100.0000,19.0000,79.0000,15,100,100%_Bubble,3,789
104,100.0000,22.0000,79.0000,17,100,100%_Bubble,3,789
105,100.0000,30.0000,79.0000,16,100,100%_Bubble,3,789
106,100.0000,33.0000,82.0000,16,100,100%_Bubble,3,789
107,100.0000,33.0000,85.0000,11,100,100%_Bubble,3,789
108,100.0000,34.0000,86.0000,9,100,100%_Bubble,3,789
109,100.0000,36.0000,86.0000,6,100,100%_Bubble,3,789
110,100.0000,38.0000,86.0000,10,100,100%_Bubble,3,789
111,100.0000,42.0000,86.0000,9,100,100%_Bubble,3,789
112,100.0000,48.0000,88.0000,10,100,100%_Bubble,3,789
113,100.0000,52.0000,87.0000,9,100,100%_Bubble,3,789
114,100.0000,57.0000,90.0000,9,100,100%_Bubble,3,789
115,100.0000,61.0000,89.0000,8,100,100%_Bubble,3,789
116,100.0000,68.0000,92.0000,9,100,100%_Bubble,3,789
117,100.0000,73.0000,93.0000,7,100,100%_Bubble,3,789
118,100.0000,77.0000,92.0000,7,100,100%_Bubble,3,789
119,100.0000,83.0000,94.0000,8,100,100%_Bubble,3,789
120,100.0000,85.0000,94.0000,4,100,100%_Bubble,3,789
121,100.0000,91.0000,97.0000,4,100,100%_Bubble,3,789
122,100.0000,91.0000,96.0000,1,100,100%_Bubble,3,789
123,100.0000,98.0000,99.0000,4,100,100%_Bubble,3,789
124,100.0000,100.0000,100.0000,1,100,100%_Bubble,3,789
125,100.0000,100.0000,100.0000,0,100,100%_Bubble,3,789
126,100.0000,100.0000,100.0000,0,100,100%_Bubble,3,789
127,100.0000,100.0000,100.0000,0,100,100%_Bubble,3,789
0,100.0000,1.0000,47.0000,0,100,50/50_Bubble/Selection,0,42
1,100.0000,0.0000,58.0000,31,100,50/50_Bubble/Selection,0,42
2,100.0000,0.0000,56.0000,32,100,50/50_Bubble/Selection,0,42
3,100.0000,0.0000,53.0000,30,100,50/50_Bubble/Selection,0,42
4,100.0000,0.0000,56.0000,30,100,50/50_Bubble/Selection,0,42
5,100.0000,1.0000,56.0000,29,100,50/50_Bubble/Selection,0,42
6,100.0000,1.0000,61.0000,30,100,50/50_Bubble/Selection,0,42
7,100.0000,0.0000,62.0000,27,100,50/50_Bubble/Selection,0,42
8,100.0000,1.0000,54.0000,28,100,50/50_Bubble/Selection,0,42
9,100.0000,0.0000,58.0000,29,100,50/50_Bubble/Selection,0,42
10,100.0000,0.0000,62.0000,28,100,50/50_Bubble/Selection,0,42
11,100.0000,0.0000,57.0000,25,100,50/50_Bubble/Selection,0,42
12,100.0000,1.0000,56.0000,34,100,50/50_Bubble/Selection,0,42
13,100.0000,2.0000,60.0000,27,100,50/50_Bubble/Selection,0,42
14,100.0000,3.0000,57.0000,28,100,50/50_Bubble/Selection,0,42
15,100.0000,3.0000,61.0000,25,100,50/50_Bubble/Selection,0,42
16,100.0000,1.0000,62.0000,28,100,50/50_Bubble/Selection,0,42
17,100.0000,2.0000,66.0000,26,100,50/50_Bubble/Selection,0,42
18,100.0000,1.0000,64.0000,25,100,50/50_Bubble/Selection,0,42
19,100.0000,1.0000,63.0000,27,100,50/50_Bubble/Selection,0,42
20,100.0000,0.0000,60.0000,25,100,50/50_Bubble/Selection,0,42
21,100.0000,2.0000,61.0000,28,100,50/50_Bubble/Selection,0,42
22,100.0000,2.0000,61.0000,25,100,50/50_Bubble/Selection,0,42
23,100.0000,1.0000,58.0000,27,100,50/50_Bubble/Selection,0,42
24,100.0000,0.0000,63.0000,28,100,50/50_Bubble/Selection,0,42
25,100.0000,0.0000,60.0000,26,100,50/50_Bubble/Selection,0,42
26,100.0000,0.0000,62.0000,31,100,50/50_Bubble/Selection,0,42
27,100.0000,0.0000,66.0000,28,100,50/50_Bubble/Selection,0,42
28,100.0000,0.0000,69.0000,21,100,50/50_Bubble/Selection,0,42
29,100.0000,0.0000,65.0000,20,100,50/50_Bubble/Selection,0,42
30,100.0000,0.0000,68.0000,18,100,50/50_Bubble/Selection,0,42
31,100.0000,0.0000,64.0000,23,100,50/50_Bubble/Selection,0,42
32,100.0000,0.0000,65.0000,26,100,50/50_Bubble/Selection,0,42
33,100.0000,0.0000,66.0000,23,100,50/50_Bubble/Selection,0,42
34,100.0000,0.0000,63.0000,23,100,50/50_Bubble/Selection,0,42
35,100.0000,0.0000,66.0000,20,100,50/50_Bubble/Selection,0,42
36,100.0000,0.0000,66.0000,18,100,50/50_Bubble/Selection,0,42
37,100.0000,0.0000,66.0000,25,100,50/50_Bubble/Selection,0,42
38,100.0000,2.0000,65.0000,27,100,50/50_Bubble/Selection,0,42
39,100.0000,1.0000,66.0000,23,100,50/50_Bubble/Selection,0,42
40,100.0000,0.0000,67.0000,24,100,50/50_Bubble/Selection,0,42
41,100.0000,0.0000,66.0000,28,100,50/50_Bubble/Selection,0,42
42,100.0000,0.0000,65.0000,23,100,50/50_Bubble/Selection,0,42
43,100.0000,1.0000,65.0000,24,100,50/50_Bubble/Selection,0,42
44,100.0000,0.0000,67.0000,22,100,50/50_Bubble/Selection,0,42
45,100.0000,0.0000,65.0000,28,100,50/50_Bubble/Selection,0,42
46,100.0000,0.0000,69.0000,24,100,50/50_Bubble/Selection,0,42
47,100.0000,1.0000,67.0000,25,100,50/50_Bubble/Selection,0,42
48,100.0000,0.0000,69.0000,24,100,50/50_Bubble/Selection,0,42
49,100.0000,1.0000,71.0000,21,100,50/50_Bubble/Selection,0,42
50,100.0000,1.0000,66.0000,23,100,50/50_Bubble/Selection,0,42
51,100.0000,1.0000,72.0000,22,100,50/50_Bubble/Selection,0,42
52,100.0000,2.0000,70.0000,16,100,50/50_Bubble/Selection,0,42
53,100.0000,1.0000,74.0000,21,100,50/50_Bubble/Selection,0,42
54,100.0000,1.0000,71.0000,17,100,50/50_Bubble/Selection,0,42
55,100.0000,1.0000,72.0000,21,100,50/50_Bubble/Selection,0,42
56,100.0000,3.0000,73.0000,20,100,50/50_Bubble/Selection,0,42
57,100.0000,1.0000,73.0000,18,100,50/50_Bubble/Selection,0,42
58,100.0000,2.0000,73.0000,20,100,50/50_Bubble/Selection,0,42
59,100.0000,3.0000,74.0000,18,100,50/50_Bubble/Selection,0,42
60,100.0000,2.0000,73.0000,20,100,50/50_Bubble/Selection,0,42
61,100.0000,1.0000,72.0000,20,100,50/50_Bubble/Selection,0,42
62,100.0000,1.0000,74.0000,19,100,50/50_Bubble/Selection,0,42
63,100.0000,1.0000,75.0000,19,100,50/50_Bubble/Selection,0,42
64,100.0000,1.0000,73.0000,19,100,50/50_Bubble/Selection,0,42
65,100.0000,1.0000,75.0000,18,100,50/50_Bubble/Selection,0,42
66,100.0000,1.0000,73.0000,19,100,50/50_Bubble/Selection,0,42
67,100.0000,1.0000,75.0000,21,100,50/50_Bubble/Selection,0,42
68,100.0000,1.0000,74.0000,19,100,50/50_Bubble/Selection,0,42
69,100.0000,1.0000,75.0000,19,100,50/50_Bubble/Selection,0,42
70,100.0000,3.0000,72.0000,19,100,50/50_Bubble/Selection,0,42
71,100.0000,4.0000,76.0000,23,100,50/50_Bubble/Selection,0,42
72,100.0000,4.0000,73.0000,19,100,50/50_Bubble/Selection,0,42
73,100.0000,4.0000,74.0000,20,100,50/50_Bubble/Selection,0,42
74,100.0000,4.0000,74.0000,21,100,50/50_Bubble/Selection,0,42
75,100.0000,5.0000,73.0000,20,100,50/50_Bubble/Selection,0,42
76,100.0000,6.0000,74.0000,21,100,50/50_Bubble/Selection,0,42
77,100.0000,6.0000,72.0000,21,100,50/50_Bubble/Selection,0,42
78,100.0000,4.0000,69.0000,21,100,50/50_Bubble/Selection,0,42
79,100.0000,4.0000,73.0000,22,100,50/50_Bubble/Selection,0,42
80,100.0000,6.0000,69.0000,23,100,50/50_Bubble/Selection,0,42
81,100.0000,4.0000,77.0000,23,100,50/50_Bubble/Selection,0,42
82,100.0000,4.0000,74.0000,17,100,50/50_Bubble/Selection,0,42
83,100.0000,4.0000,75.0000,22,100,50/50_Bubble/Selection,0,42
84,100.0000,6.0000,75.0000,18,100,50/50_Bubble/Selection,0,42
85,100.0000,6.0000,78.0000,17,100,50/50_Bubble/Selection,0,42
86,100.0000,7.0000,76.0000,16,100,50/50_Bubble/Selection,0,42
87,100.0000,6.0000,71.0000,21,100,50/50_Bubble/Selection,0,42
88,100.0000,7.0000,73.0000,20,100,50/50_Bubble/Selection,0,42
89,100.0000,7.0000,75.0000,21,100,50/50_Bubble/Selection,0,42
90,100.0000,6.0000,74.0000,21,100,50/50_Bubble/Selection,0,42
91,100.0000,6.0000,76.0000,15,100,50/50_Bubble/Selection,0,42
92,100.0000,8.0000,75.0000,19,100,50/50_Bubble/Selection,0,42
93,100.0000,11.0000,75.0000,18,100,50/50_Bubble/Selection,0,42
94,100.0000,11.0000,75.0000,18,100,50/50_Bubble/Selection,0,42
95,100.0000,12.0000,75.0000,19,100,50/50_Bubble/Selection,0,42
96,100.0000,11.0000,75.0000,17,100,50/50_Bubble/Selection,0,42
97,100.0000,13.0000,76.0000,18,100,50/50_Bubble/Selection,0,42
98,100.0000,13.0000,78.0000,19,100,50/50_Bubble/Selection,0,42
99,100.0000,14.0000,80.0000,15,100,50/50_Bubble/Selection,0,42
100,100.0000,17.0000,81.0000,12,100,50/50_Bubble/Selection,0,42
101,100.0000,22.0000,81.0000,15,100,50/50_Bubble/Selection,0,42
102,100.0000,21.0000,84.0000,14,100,50/50_Bubble/Selection,0,42
103,100.0000,20.0000,84.0000,12,100,50/50_Bubble/Selection,0,42
104,100.0000,20.0000,83.0000,13,100,50/50_Bubble/Selection,0,42
105,100.0000,21.0000,84.0000,14,100,50/50_Bubble/Selection,0,42
106,100.0000,25.0000,84.0000,15,100,50/50_Bubble/Selection,0,42
107,100.0000,27.0000,86.0000,11,100,50/50_Bubble/Selection,0,42
108,100.0000,28.0000,85.0000,10,100,50/50_Bubble/Selection,0,42
109,100.0000,30.0000,88.0000,6,100,50/50_Bubble/Selection,0,42
110,100.0000,36.0000,88.0000,10,100,50/50_Bubble/Selection,0,42
111,100.0000,41.0000,89.0000,8,100,50/50_Bubble/Selection,0,42
112,100.0000,42.0000,90.0000,9,100,50/50_Bubble/Selection,0,42
113,100.0000,48.0000,92.0000,9,100,50/50_Bubble/Selection,0,42
114,100.0000,53.0000,94.0000,4,100,50/50_Bubble/Selection,0,42
115,100.0000,54.0000,94.0000,5,100,50/50_Bubble/Selection,0,42
116,100.0000,55.0000,94.0000,4,100,50/50_Bubble/Selection,0,42
117,100.0000,56.0000,94.0000,5,100,50/50_Bubble/Selection,0,42
118,100.0000,58.0000,95.0000,5,100,50/50_Bubble/Selection,0,42
119,100.0000,59.0000,94.0000,4,100,50/50_Bubble/Selection,0,42
120,100.0000,61.0000,94.0000,4,100,50/50_Bubble/Selection,0,42
121,100.0000,64.0000,95.0000,3,100,50/50_Bubble/Selection,0,42
122,100.0000,67.0000,95.0000,4,100,50/50_Bubble/Selection,0,42
123,100.0000,71.0000,95.0000,4,100,50/50_Bubble/Selection,0,42
124,100.0000,73.0000,95.0000,2,100,50/50_Bubble/Selection,0,42
125,100.0000,79.0000,96.0000,5,100,50/50_Bubble/Selection,0,42
126,100.0000,83.0000,97.0000,3,100,50/50_Bubble/Selection,0,42
127,100.0000,86.0000,98.0000,2,100,50/50_Bubble/Selection,0,42
128,100.0000,87.0000,98.0000,1,100,50/50_Bubble/Selection,0,42
129,100.0000,88.0000,98.0000,1,100,50/50_Bubble/Selection,0,42
130,100.0000,90.0000,98.0000,2,100,50/50_Bubble/Selection,0,42
131,100.0000,91.0000,98.0000,1,100,50/50_Bubble/Selection,0,42
132,100.0000,93.0000,98.0000,2,100,50/50_Bubble/Selection,0,42
133,100.0000,96.0000,99.0000,2,100,50/50_Bubble/Selection,0,42
134,100.0000,97.0000,99.0000,1,100,50/50_Bubble/Selection,0,42
135,100.0000,98.0000,99.0000,1,100,50/50_Bubble/Selection,0,42
136,100.0000,100.0000,100.0000,1,100,50/50_Bubble/Selection,0,42
137,100.0000,100.0000,100.0000,0,100,50/50_Bubble/Selection,0,42
138,100.0000,100.0000,100.0000,0,100,50/50_Bubble/Selection,0,42
139,100.0000,100.0000,100.0000,0,100,50/50_Bubble/Selection,0,42
0,100.0000,1.0000,50.0000,0,100,50/50_Bubble/Selection,0,123
1,100.0000,1.0000,60.0000,31,100,50/50_Bubble/Selection,0,123
2,100.0000,0.0000,57.0000,25,100,50/50_Bubble/Selection,0,123
3,100.0000,1.0000,54.0000,30,100,50/50_Bubble/Selection,0,123
4,100.0000,0.0000,59.0000,28,100,50/50_Bubble/Selection,0,123
5,100.0000,2.0000,56.0000,29,100,50/50_Bubble/Selection,0,123
6,100.0000,1.0000,58.0000,31,100,50/50_Bubble/Selection,0,123
7,100.0000,0.0000,58.0000,28,100,50/50_Bubble/Selection,0,123
8,100.0000,0.0000,60.0000,29,100,50/50_Bubble/Selection,0,123
9,100.0000,1.0000,60.0000,31,100,50/50_Bubble/Selection,0,123
10,100.0000,0.0000,62.0000,26,100,50/50_Bubble/Selection,0,123
11,100.0000,0.0000,58.0000,26,100,50/50_Bubble/Selection,0,123
12,100.0000,1.0000,60.0000,29,100,50/50_Bubble/Selection,0,123
13,100.0000,1.0000,57.0000,30,100,50/50_Bubble/Selection,0,123
14,100.0000,1.0000,63.0000,30,100,50/50_Bubble/Selection,0,123
15,100.0000,2.0000,63.0000,20,100,50/50_Bubble/Selection,0,123
16,100.0000,1.0000,60.0000,26,100,50/50_Bubble/Selection,0,123
17,100.0000,1.0000,58.0000,32,100,50/50_Bubble/Selection,0,123
18,100.0000,0.0000,61.0000,30,100,50/50_Bubble/Selection,0,123
19,100.0000,0.0000,60.0000,30,100,50/50_Bubble/Selection,0,123
20,100.0000,0.0000,64.0000,24,100,50/50_Bubble/Selection,0,123
21,100.0000,0.0000,60.0000,27,100,50/50_Bubble/Selection,0,123
22,100.0000,0.0000,65.0000,31,100,50/50_Bubble/Selection,0,123
23,100.0000,0.0000,66.0000,23,100,50/50_Bubble/Selection,0,123
24,100.0000,0.0000,64.0000,26,100,50/50_Bubble/Selection,0,123
25,100.0000,0.0000,70.0000,22,100,50/50_Bubble/Selection,0,123
26,100.0000,0.0000,62.0000,20,100,50/50_Bubble/Selection,0,123
27,100.0000,0.0000,65.0000,27,100,50/50_Bubble/Selection,0,123
28,100.0000,0.0000,67.0000,22,100,50/50_Bubble/Selection,0,123
29,100.0000,0.0000,69.0000,24,100,50/50_Bubble/Selection,0,123
30,100.0000,0.0000,68.0000,18,100,50/50_Bubble/Selection,0,123
31,100.0000,1.0000,71.0000,23,100,50/50_Bubble/Selection,0,123
32,100.0000,1.0000,72.0000,22,100,50/50_Bubble/Selection,0,123
33,100.0000,1.0000,71.0000,20,100,50/50_Bubble/Selection,0,123
34,100.0000,0.0000,68.0000,19,100,50/50_Bubble/Selection,0,123
35,100.0000,0.0000,68.0000,24,100,50/50_Bubble/Selection,0,123
36,100.0000,2.0000,68.0000,25,100,50/50_Bubble/Selection,0,123
37,100.0000,1.0000,68.0000,22,100,50/50_Bubble/Selection,0,123
38,100.0000,2.0000,69.0000,26,100,50/50_Bubble/Selection,0,123
39,100.0000,2.0000,68.0000,26,100,50/50_Bubble/Selection,0,123
40,100.0000,1.0000,71.0000,22,100,50/50_Bubble/Selection,0,123
41,100.0000,1.0000,69.0000,23,100,50/50_Bubble/Selection,0,123
42,100.0000,2.0000,67.0000,24,100,50/50_Bubble/Selection,0,123
43,100.0000,3.0000,66.0000,27,100,50/50_Bubble/Selection,0,123
44,100.0000,0.0000,63.0000,24,100,50/50_Bubble/Selection,0,123
45,100.0000,0.0000,66.0000,23,100,50/50_Bubble/Selection,0,123
46,100.0000,0.0000,62.0000,28,100,50/50_Bubble/Selection,0,123
47,100.0000,0.0000,62.0000,32,100,50/50_Bubble/Selection,0,123
48,100.0000,0.0000,65.0000,28,100,50/50_Bubble/Selection,0,123
49,100.0000,2.0000,63.0000,23,100,50/50_Bubble/Selection,0,123
50,100.0000,2.0000,62.0000,28,100,50/50_Bubble/Selection,0,123
51,100.0000,1.0000,63.0000,29,100,50/50_Bubble/Selection,0,123
52,100.0000,1.0000,63.0000,28,100,50/50_Bubble/Selection,0,123
53,100.0000,4.0000,62.0000,31,100,50/50_Bubble/Selection,0,123
54,100.0000,3.0000,66.0000,26,100,50/50_Bubble/Selection,0,123
55,100.0000,2.0000,64.0000,27,100,50/50_Bubble/Selection,0,123
56,100.0000,2.0000,65.0000,28,100,50/50_Bubble/Selection,0,123
57,100.0000,2.0000,64.0000,28,100,50/50_Bubble/Selection,0,123
58,100.0000,1.0000,63.0000,25,100,50/50_Bubble/Selection,0,123
59,100.0000,2.0000,67.0000,27,100,50/50_Bubble/Selection,0,123
60,100.0000,2.0000,65.0000,26,100,50/50_Bubble/Selection,0,123
61,100.0000,1.0000,67.0000,24,100,50/50_Bubble/Selection,0,123
62,100.0000,2.0000,69.0000,19,100,50/50_Bubble/Selection,0,123
63,100.0000,4.0000,66.0000,22,100,50/50_Bubble/Selection,0,123
64,100.0000,5.0000,69.0000,24,100,50/50_Bubble/Selection,0,123
65,100.0000,2.0000,68.0000,24,100,50/50_Bubble/Selection,0,123
66,100.0000,3.0000,67.0000,24,100,50/50_Bubble/Selection,0,123
67,100.0000,1.0000,67.0000,24,100,50/50_Bubble/Selection,0,123
68,100.0000,3.0000,67.0000,25,100,50/50_Bubble/Selection,0,123
69,100.0000,4.0000,69.0000,27,100,50/50_Bubble/Selection,0,123
70,100.0000,4.0000,70.0000,22,100,50/50_Bubble/Selection,0,123
71,100.0000,1.0000,72.0000,21,100,50/50_Bubble/Selection,0,123
72,100.0000,2.0000,70.0000,21,100,50/50_Bubble/Selection,0,123
73,100.0000,5.0000,74.0000,23,100,50/50_Bubble/Selection,0,123
74,100.0000,2.0000,72.0000,16,100,50/50_Bubble/Selection,0,123
75,100.0000,2.0000,73.0000,18,100,50/50_Bubble/Selection,0,123
76,100.0000,2.0000,73.0000,18,100,50/50_Bubble/Selection,0,123
77,100.0000,2.0000,72.0000,19,100,50/50_Bubble/Selection,0,123
78,100.0000,3.0000,75.0000,21,100,50/50_Bubble/Selection,0,123
79,100.0000,2.0000,76.0000,19,100,50/50_Bubble/Selection,0,123
80,100.0000,3.0000,75.0000,19,100,50/50_Bubble/Selection,0,123
81,100.0000,3.0000,74.0000,19,100,50/50_Bubble/Selection,0,123
82,100.0000,4.0000,73.0000,18,100,50/50_Bubble/Selection,0,123
83,100.0000,1.0000,74.0000,21,100,50/50_Bubble/Selection,0,123
84,100.0000,1.0000,77.0000,17,100,50/50_Bubble/Selection,0,123
85,100.0000,1.0000,78.0000,14,100,50/50_Bubble/Selection,0,123
86,100.0000,1.0000,77.0000,18,100,50/50_Bubble/Selection,0,123
87,100.0000,1.0000,73.0000,19,100,50/50_Bubble/Selection,0,123
88,100.0000,2.0000,77.0000,17,100,50/50_Bubble/Selection,0,123
89,100.0000,1.0000,76.0000,19,100,50/50_Bubble/Selection,0,123
90,100.0000,2.0000,76.0000,19,100,50/50_Bubble/Selection,0,123
91,100.0000,2.0000,75.0000,19,100,50/50_Bubble/Selection,0,123
92,100.0000,2.0000,76.0000,19,100,50/50_Bubble/Selection,0,123
93,100.0000,1.0000,78.0000,20,100,50/50_Bubble/Selection,0,123
94,100.0000,1.0000,81.0000,12,100,50/50_Bubble/Selection,0,123
95,100.0000,1.0000,77.0000,15,100,50/50_Bubble/Selection,0,123
96,100.0000,1.0000,80.0000,15,100,50/50_Bubble/Selection,0,123
97,100.0000,1.0000,78.0000,16,100,50/50_Bubble/Selection,0,123
98,100.0000,2.0000,77.0000,16,100,50/50_Bubble/Selection,0,123
99,100.0000,3.0000,75.0000,18,100,50/50_Bubble/Selection,0,123
100,100.0000,7.0000,77.0000,19,100,50/50_Bubble/Selection,0,123
101,100.0000,7.0000,77.0000,14,100,50/50_Bubble/Selection,0,123
102,100.0000,14.0000,79.0000,19,100,50/50_Bubble/Selection,0,123
103,100.0000,20.0000,80.0000,16,100,50/50_Bubble/Selection,0,123
104,100.0000,24.0000,80.0000,13,100,50/50_Bubble/Selection,0,123
105,100.0000,28.0000,83.0000,16,100,50/50_Bubble/Selection,0,123
106,100.0000,34.0000,84.0000,12,100,50/50_Bubble/Selection,0,123
107,100.0000,38.0000,85.0000,12,100,50/50_Bubble/Selection,0,123
108,100.0000,45.0000,86.0000,13,100,50/50_Bubble/Selection,0,123
109,100.0000,52.0000,88.0000,11,100,50/50_Bubble/Selection,0,123
110,100.0000,56.0000,88.0000,10,100,50/50_Bubble/Selection,0,123
111,100.0000,66.0000,91.0000,11,100,50/50_Bubble/Selection,0,123
112,100.0000,70.0000,92.0000,4,100,50/50_Bubble/Selection,0,123
113,100.0000,79.0000,95.0000,7,100,50/50_Bubble/Selection,0,123
114,100.0000,83.0000,96.0000,4,100,50/50_Bubble/Selection,0,123
115,100.0000,87.0000,97.0000,3,100,50/50_Bubble/Selection,0,123
116,100.0000,90.0000,97.0000,3,100,50/50_Bubble/Selection,0,123
117,100.0000,92.0000,98.0000,2,100,50/50_Bubble/Selection,0,123
118,100.0000,92.0000,98.0000,1,100,50/50_Bubble/Selection,0,123
119,100.0000,92.0000,98.0000,1,100,50/50_Bubble/Selection,0,123
120,100.0000,92.0000,98.0000,1,100,50/50_Bubble/Selection,0,123
121,100.0000,95.0000,99.0000,2,100,50/50_Bubble/Selection,0,123
122,100.0000,95.0000,99.0000,0,100,50/50_Bubble/Selection,0,123
123,100.0000,96.0000,99.0000,1,100,50/50_Bubble/Selection,0,123
124,100.0000,96.0000,99.0000,0,100,50/50_Bubble/Selection,0,123
125,100.0000,97.0000,99.0000,1,100,50/50_Bubble/Selection,0,123
126,100.0000,98.0000,99.0000,1,100,50/50_Bubble/Selection,0,123
127,100.0000,100.0000,100.0000,1,100,50/50_Bubble/Selection,0,123
128,100.0000,100.0000,100.0000,0,100,50/50_Bubble/Selection,0,123
129,100.0000,100.0000,100.0000,0,100,50/50_Bubble/Selection,0,123
130,100.0000,100.0000,100.0000,0,100,50/50_Bubble/Selection,0,123
0,100.0000,0.0000,48.0000,0,100,50/50_Bubble/Selection,0,789
1,100.0000,1.0000,58.0000,32,100,50/50_Bubble/Selection,0,789
2,100.0000,1.0000,55.0000,31,100,50/50_Bubble/Selection,0,789
3,100.0000,1.0000,57.0000,30,100,50/50_Bubble/Selection,0,789
4,100.0000,1.0000,57.0000,29,100,50/50_Bubble/Selection,0,789
5,100.0000,1.0000,58.0000,30,100,50/50_Bubble/Selection,0,789
6,100.0000,3.0000,54.0000,28,100,50/50_Bubble/Selection,0,789
7,100.0000,2.0000,60.0000,31,100,50/50_Bubble/Selection,0,789
8,100.0000,0.0000,57.0000,27,100,50/50_Bubble/Selection,0,789
9,100.0000,0.0000,60.0000,24,100,50/50_Bubble/Selection,0,789
10,100.0000,2.0000,58.0000,28,100,50/50_Bubble/Selection,0,789
11,100.0000,2.0000,59.0000,27,100,50/50_Bubble/Selection,0,789
12,100.0000,2.0000,60.0000,24,100,50/50_Bubble/Selection,0,789
13,100.0000,1.0000,59.0000,27,100,50/50_Bubble/Selection,0,789
14,100.0000,0.0000,61.0000,25,100,50/50_Bubble/Selection,0,789
15,100.0000,1.0000,59.0000,23,100,50/50_Bubble/Selection,0,789
16,100.0000,2.0000,66.0000,24,100,50/50_Bubble/Selection,0,789
17,100.0000,2.0000,61.0000,23,100,50/50_Bubble/Selection,0,789
18,100.0000,2.0000,55.0000,33,100,50/50_Bubble/Selection,0,789
19,100.0000,1.0000,59.0000,29,100,50/50_Bubble/Selection,0,789
20,100.0000,1.0000,57.0000,31,100,50/50_Bubble/Selection,0,789
21,100.0000,3.0000,60.0000,33,100,50/50_Bubble/Selection,0,789
22,100.0000,3.0000,59.0000,31,100,50/50_Bubble/Selection,0,789
23,100.0000,1.0000,66.0000,26,100,50/50_Bubble/Selection,0,789
24,100.0000,2.0000,61.0000,25,100,50/50_Bubble/Selection,0,789
25,100.0000,2.0000,65.0000,23,100,50/50_Bubble/Selection,0,789
26,100.0000,1.0000,60.0000,28,100,50/50_Bubble/Selection,0,789
27,100.0000,2.0000,61.0000,29,100,50/50_Bubble/Selection,0,789
28,100.0000,2.0000,60.0000,27,100,50/50_Bubble/Selection,0,789
29,100.0000,3.0000,62.0000,31,100,50/50_Bubble/Selection,0,789
30,100.0000,2.0000,60.0000,30,100,50/50_Bubble/Selection,0,789
31,100.0000,1.0000,65.0000,24,100,50/50_Bubble/Selection,0,789
32,100.0000,1.0000,63.0000,21,100,50/50_Bubble/Selection,0,789
33,100.0000,1.0000,64.0000,24,100,50/50_Bubble/Selection,0,789
34,100.0000,3.0000,63.0000,25,100,50/50_Bubble/Selection,0,789
35,100.0000,1.0000,62.0000,28,100,50/50_Bubble/Selection,0,789
36,100.0000,1.0000,61.0000,25,100,50/50_Bubble/Selection,0,789
37,100.0000,1.0000,67.0000,24,100,50/50_Bubble/Selection,0,789
38,100.0000,2.0000,66.0000,24,100,50/50_Bubble/Selection,0,789
39,100.0000,2.0000,65.0000,27,100,50/50_Bubble/Selection,0,789
40,100.0000,2.0000,67.0000,23,100,50/50_Bubble/Selection,0,789
41,100.0000,3.0000,67.0000,24,100,50/50_Bubble/Selection,0,789
42,100.0000,2.0000,62.0000,29,100,50/50_Bubble/Selection,0,789
43,100.0000,2.0000,65.0000,27,100,50/50_Bubble/Selection,0,789
44,100.0000,1.0000,61.0000,26,100,50/50_Bubble/Selection,0,789
45,100.0000,1.0000,68.0000,26,100,50/50_Bubble/Selection,0,789
46,100.0000,2.0000,64.0000,21,100,50/50_Bubble/Selection,0,789
47,100.0000,2.0000,65.0000,27,100,50/50_Bubble/Selection,0,789
48,100.0000,1.0000,68.0000,20,100,50/50_Bubble/Selection,0,789
49,100.0000,3.0000,71.0000,20,100,50/50_Bubble/Selection,0,789
50,100.0000,4.0000,69.0000,22,100,50/50_Bubble/Selection,0,789
51,100.0000,4.0000,70.0000,19,100,50/50_Bubble/Selection,0,789
52,100.0000,3.0000,69.0000,23,100,50/50_Bubble/Selection,0,789
53,100.0000,2.0000,72.0000,20,100,50/50_Bubble/Selection,0,789
54,100.0000,3.0000,74.0000,19,100,50/50_Bubble/Selection,0,789
55,100.0000,5.0000,73.0000,20,100,50/50_Bubble/Selection,0,789
56,100.0000,4.0000,72.0000,17,100,50/50_Bubble/Selection,0,789
57,100.0000,1.0000,73.0000,20,100,50/50_Bubble/Selection,0,789
58,100.0000,1.0000,70.0000,20,100,50/50_Bubble/Selection,0,789
59,100.0000,1.0000,69.0000,23,100,50/50_Bubble/Selection,0,789
60,100.0000,3.0000,72.0000,19,100,50/50_Bubble/Selection,0,789
61,100.0000,2.0000,72.0000,20,100,50/50_Bubble/Selection,0,789
62,100.0000,1.0000,70.0000,20,100,50/50_Bubble/Selection,0,789
63,100.0000,1.0000,69.0000,22,100,50/50_Bubble/Selection,0,789
64,100.0000,2.0000,68.0000,25,100,50/50_Bubble/Selection,0,789
65,100.0000,4.0000,73.0000,23,100,50/50_Bubble/Selection,0,789
66,100.0000,4.0000,72.0000,20,100,50/50_Bubble/Selection,0,789
67,100.0000,2.0000,73.0000,19,100,50/50_Bubble/Selection,0,789
68,100.0000,3.0000,69.0000,21,100,50/50_Bubble/Selection,0,789
69,100.0000,3.0000,73.0000,22,100,50/50_Bubble/Selection,0,789
70,100.0000,3.0000,73.0000,20,100,50/50_Bubble/Selection,0,789
71,100.0000,5.0000,78.0000,17,100,50/50_Bubble/Selection,0,789
72,100.0000,4.0000,75.0000,18,100,50/50_Bubble/Selection,0,789
73,100.0000,5.0000,76.0000,20,100,50/50_Bubble/Selection,0,789
74,100.0000,4.0000,73.0000,17,100,50/50_Bubble/Selection,0,789
75,100.0000,5.0000,74.0000,22,100,50/50_Bubble/Selection,0,789
76,100.0000,8.0000,79.0000,19,100,50/50_Bubble/Selection,0,789
77,100.0000,10.0000,78.0000,15,100,50/50_Bubble/Selection,0,789
78,100.0000,10.0000,78.0000,17,100,50/50_Bubble/Selection,0,789
79,100.0000,11.0000,82.0000,15,100,50/50_Bubble/Selection,0,789
80,100.0000,10.0000,83.0000,13,100,50/50_Bubble/Selection,0,789
81,100.0000,10.0000,80.0000,11,100,50/50_Bubble/Selection,0,789
82,100.0000,11.0000,84.0000,14,100,50/50_Bubble/Selection,0,789
83,100.0000,11.0000,82.0000,14,100,50/50_Bubble/Selection,0,789
84,100.0000,11.0000,83.0000,13,100,50/50_Bubble/Selection,0,789
85,100.0000,10.0000,81.0000,13,100,50/50_Bubble/Selection,0,789
86,100.0000,10.0000,82.0000,12,100,50/50_Bubble/Selection,0,789
87,100.0000,10.0000,81.0000,14,100,50/50_Bubble/Selection,0,789
88,100.0000,12.0000,81.0000,15,100,50/50_Bubble/Selection,0,789
89,100.0000,10.0000,82.0000,13,100,50/50_Bubble/Selection,0,789
90,100.0000,12.0000,80.0000,13,100,50/50_Bubble/Selection,0,789
91,100.0000,10.0000,81.0000,13,100,50/50_Bubble/Selection,0,789
92,100.0000,10.0000,80.0000,17,100,50/50_Bubble/Selection,0,789
93,100.0000,10.0000,85.0000,17,100,50/50_Bubble/Selection,0,789
94,100.0000,10.0000,83.0000,13,100,50/50_Bubble/Selection,0,789
95,100.0000,10.0000,84.0000,11,100,50/50_Bubble/Selection,0,789
96,100.0000,10.0000,82.0000,13,100,50/50_Bubble/Selection,0,789
97,100.0000,10.0000,81.0000,12,100,50/50_Bubble/Selection,0,789
98,100.0000,10.0000,81.0000,11,100,50/50_Bubble/Selection,0,789
99,100.0000,12.0000,83.0000,11,100,50/50_Bubble/Selection,0,789
100,100.0000,13.0000,81.0000,12,100,50/50_Bubble/Selection,0,789
101,100.0000,16.0000,81.0000,15,100,50/50_Bubble/Selection,0,789
102,100.0000,20.0000,83.0000,14,100,50/50_Bubble/Selection,0,789
103,100.0000,22.0000,83.0000,15,100,50/50_Bubble/Selection,0,789
104,100.0000,29.0000,85.0000,13,100,50/50_Bubble/Selection,0,789
105,100.0000,36.0000,87.0000,12,100,50/50_Bubble/Selection,0,789
106,100.0000,40.0000,88.0000,11,100,50/50_Bubble/Selection,0,789
107,100.0000,44.0000,88.0000,10,100,50/50_Bubble/Selection,0,789
108,100.0000,48.0000,90.0000,9,100,50/50_Bubble/Selection,0,789
109,100.0000,51.0000,91.0000,7,100,50/50_Bubble/Selection,0,789
110,100.0000,54.0000,89.0000,6,100,50/50_Bubble/Selection,0,789
111,100.0000,57.0000,90.0000,7,100,50/50_Bubble/Selection,0,789
112,100.0000,63.0000,90.0000,9,100,50/50_Bubble/Selection,0,789
113,100.0000,70.0000,93.0000,6,100,50/50_Bubble/Selection,0,789
114,100.0000,78.0000,95.0000,6,100,50/50_Bubble/Selection,0,789
115,100.0000,83.0000,97.0000,3,100,50/50_Bubble/Selection,0,789
116,100.0000,85.0000,96.0000,3,100,50/50_Bubble/Selection,0,789
117,100.0000,89.0000,97.0000,3,100,50/50_Bubble/Selection,0,789
118,100.0000,94.0000,99.0000,3,100,50/50_Bubble/Selection,0,789
119,100.0000,95.0000,99.0000,1,100,50/50_Bubble/Selection,0,789
120,100.0000,95.0000,99.0000,0,100,50/50_Bubble/Selection,0,789
121,100.0000,95.0000,99.0000,0,100,50/50_Bubble/Selection,0,789
122,100.0000,96.0000,99.0000,1,100,50/50_Bubble/Selection,0,789
123,100.0000,97.0000,99.0000,1,100,50/50_Bubble/Selection,0,789
124,100.0000,98.0000,99.0000,1,100,50/50_Bubble/Selection,0,789
125,100.0000,100.0000,100.0000,1,100,50/50_Bubble/Selection,0,789
126,100.0000,100.0000,100.0000,0,100,50/50_Bubble/Selection,0,789
127,100.0000,100.0000,100.0000,0,100,50/50_Bubble/Selection,0,789
128,100.0000,100.0000,100.0000,0,100,50/50_Bubble/Selection,0,789
0,100.0000,1.0000,47.0000,0,100,50/50_Bubble/Selection,1,42
1,100.0000,0.0000,58.0000,29,100,50/50_Bubble/Selection,1,42
2,100.0000,1.0000,51.0000,32,100,50/50_Bubble/Selection,1,42
3,100.0000,1.0000,59.0000,27,100,50/50_Bubble/Selection,1,42
4,100.0000,0.0000,59.0000,26,100,50/50_Bubble/Selection,1,42
5,100.0000,0.0000,59.0000,29,100,50/50_Bubble/Selection,1,42
6,100.0000,1.0000,56.0000,30,100,50/50_Bubble/Selection,1,42
7,100.0000,2.0000,61.0000,26,100,50/50_Bubble/Selection,1,42
8,100.0000,2.0000,57.0000,27,100,50/50_Bubble/Selection,1,42
9,100.0000,1.0000,59.0000,27,100,50/50_Bubble/Selection,1,42
10,100.0000,0.0000,56.0000,28,100,50/50_Bubble/Selection,1,42
11,100.0000,0.0000,58.0000,34,100,50/50_Bubble/Selection,1,42
12,100.0000,1.0000,54.0000,31,100,50/50_Bubble/Selection,1,42
13,100.0000,2.0000,59.0000,31,100,50/50_Bubble/Selection,1,42
14,100.0000,2.0000,58.0000,30,100,50/50_Bubble/Selection,1,42
15,100.0000,2.0000,56.0000,31,100,50/50_Bubble/Selection,1,42
16,100.0000,1.0000,58.0000,29,100,50/50_Bubble/Selection,1,42
17,100.0000,0.0000,55.0000,29,100,50/50_Bubble/Selection,1,42
18,100.0000,2.0000,60.0000,30,100,50/50_Bubble/Selection,1,42
19,100.0000,1.0000,59.0000,28,100,50/50_Bubble/Selection,1,42
20,100.0000,1.0000,59.0000,29,100,50/50_Bubble/Selection,1,42
21,100.0000,0.0000,62.0000,29,100,50/50_Bubble/Selection,1,42
22,100.0000,0.0000,59.0000,27,100,50/50_Bubble/Selection,1,42
23,100.0000,2.0000,59.0000,25,100,50/50_Bubble/Selection,1,42
24,100.0000,0.0000,62.0000,28,100,50/50_Bubble/Selection,1,42
25,100.0000,1.0000,61.0000,25,100,50/50_Bubble/Selection,1,42
26,100.0000,0.0000,63.0000,28,100,50/50_Bubble/Selection,1,42
27,100.0000,0.0000,60.0000,23,100,50/50_Bubble/Selection,1,42
28,100.0000,0.0000,64.0000,24,100,50/50_Bubble/Selection,1,42
29,100.0000,0.0000,66.0000,24,100,50/50_Bubble/Selection,1,42
30,100.0000,0.0000,70.0000,21,100,50/50_Bubble/Selection,1,42
31,100.0000,0.0000,69.0000,22,100,50/50_Bubble/Selection,1,42
32,100.0000,0.0000,65.0000,23,100,50/50_Bubble/Selection,1,42
33,100.0000,0.0000,65.0000,25,100,50/50_Bubble/Selection,1,42
34,100.0000,0.0000,66.0000,22,100,50/50_Bubble/Selection,1,42
35,100.0000,0.0000,60.0000,24,100,50/50_Bubble/Selection,1,42
36,100.0000,0.0000,67.0000,28,100,50/50_Bubble/Selection,1,42
37,100.0000,0.0000,68.0000,23,100,50/50_Bubble/Selection,1,42
38,100.0000,1.0000,71.0000,26,100,50/50_Bubble/Selection,1,42
39,100.0000,0.0000,68.0000,22,100,50/50_Bubble/Selection,1,42
40,100.0000,1.0000,64.0000,22,100,50/50_Bubble/Selection,1,42
41,100.0000,0.0000,65.0000,27,100,50/50_Bubble/Selection,1,42
42,100.0000,0.0000,66.0000,27,100,50/50_Bubble/Selection,1,42
43,100.0000,1.0000,69.0000,23,100,50/50_Bubble/Selection,1,42
44,100.0000,1.0000,67.0000,21,100,50/50_Bubble/Selection,1,42
45,100.0000,1.0000,69.0000,23,100,50/50_Bubble/Selection,1,42
46,100.0000,3.0000,67.0000,20,100,50/50_Bubble/Selection,1,42
47,100.0000,1.0000,69.0000,23,100,50/50_Bubble/Selection,1,42
48,100.0000,1.0000,67.0000,23,100,50/50_Bubble/Selection,1,42
49,100.0000,1.0000,66.0000,21,100,50/50_Bubble/Selection,1,42
50,100.0000,2.0000,69.0000,23,100,50/50_Bubble/Selection,1,42
51,100.0000,2.0000,70.0000,19,100,50/50_Bubble/Selection,1,42
52,100.0000,2.0000,67.0000,24,100,50/50_Bubble/Selection,1,42
53,100.0000,1.0000,70.0000,23,100,50/50_Bubble/Selection,1,42
54,100.0000,2.0000,64.0000,23,100,50/50_Bubble/Selection,1,42
55,100.0000,2.0000,68.0000,28,100,50/50_Bubble/Selection,1,42
56,100.0000,1.0000,67.0000,24,100,50/50_Bubble/Selection,1,42
57,100.0000,2.0000,66.0000,22,100,50/50_Bubble/Selection,1,42
58,100.0000,1.0000,66.0000,25,100,50/50_Bubble/Selection,1,42
59,100.0000,1.0000,67.0000,20,100,50/50_Bubble/Selection,1,42
60,100.0000,2.0000,70.0000,27,100,50/50_Bubble/Selection,1,42
61,100.0000,1.0000,66.0000,16,100,50/50_Bubble/Selection,1,42
62,100.0000,1.0000,69.0000,24,100,50/50_Bubble/Selection,1,42
63,100.0000,2.0000,71.0000,20,100,50/50_Bubble/Selection,1,42
64,100.0000,2.0000,66.0000,23,100,50/50_Bubble/Selection,1,42
65,100.0000,1.0000,67.0000,26,100,50/50_Bubble/Selection,1,42
66,100.0000,1.0000,68.0000,23,100,50/50_Bubble/Selection,1,42
67,100.0000,2.0000,66.0000,23,100,50/50_Bubble/Selection,1,42
68,100.0000,1.0000,66.0000,25,100,50/50_Bubble/Selection,1,42
69,100.0000,2.0000,70.0000,21,100,50/50_Bubble/Selection,1,42
70,100.0000,3.0000,69.0000,23,100,50/50_Bubble/Selection,1,42
71,100.0000,3.0000,70.0000,23,100,50/50_Bubble/Selection,1,42
72,100.0000,5.0000,75.0000,19,100,50/50_Bubble/Selection,1,42
73,100.0000,5.0000,76.0000,18,100,50/50_Bubble/Selection,1,42
74,100.0000,7.0000,75.0000,21,100,50/50_Bubble/Selection,1,42
75,100.0000,5.0000,73.0000,17,100,50/50_Bubble/Selection,1,42
76,100.0000,5.0000,74.0000,19,100,50/50_Bubble/Selection,1,42
77,100.0000,4.0000,75.0000,16,100,50/50_Bubble/Selection,1,42
78,100.0000,6.0000,75.0000,17,100,50/50_Bubble/Selection,1,42
79,100.0000,6.0000,74.0000,19,100,50/50_Bubble/Selection,1,42
80,100.0000,6.0000,76.0000,18,100,50/50_Bubble/Selection,1,42
81,100.0000,7.0000,76.0000,11,100,50/50_Bubble/Selection,1,42
82,100.0000,6.0000,75.0000,18,100,50/50_Bubble/Selection,1,42
83,100.0000,8.0000,74.0000,19,100,50/50_Bubble/Selection,1,42
84,100.0000,7.0000,74.0000,18,100,50/50_Bubble/Selection,1,42
85,100.0000,6.0000,75.0000,13,100,50/50_Bubble/Selection,1,42
86,100.0000,7.0000,75.0000,15,100,50/50_Bubble/Selection,1,42
87,100.0000,9.0000,73.0000,21,100,50/50_Bubble/Selection,1,42
88,100.0000,9.0000,76.0000,19,100,50/50_Bubble/Selection,1,42
89,100.0000,10.0000,77.0000,17,100,50/50_Bubble/Selection,1,42
90,100.0000,11.0000,77.0000,16,100,50/50_Bubble/Selection,1,42
91,100.0000,9.0000,75.0000,16,100,50/50_Bubble/Selection,1,42
92,100.0000,10.0000,79.0000,17,100,50/50_Bubble/Selection,1,42
93,100.0000,10.0000,77.0000,15,100,50/50_Bubble/Selection,1,42
94,100.0000,10.0000,79.0000,13,100,50/50_Bubble/Selection,1,42
95,100.0000,10.0000,78.0000,12,100,50/50_Bubble/Selection,1,42
96,100.0000,10.0000,80.0000,14,100,50/50_Bubble/Selection,1,42
97,100.0000,8.0000,80.0000,17,100,50/50_Bubble/Selection,1,42
98,100.0000,8.0000,83.0000,12,100,50/50_Bubble/Selection,1,42
99,100.0000,9.0000,80.0000,15,100,50/50_Bubble/Selection,1,42
100,100.0000,9.0000,80.0000,16,100,50/50_Bubble/Selection,1,42
101,100.0000,8.0000,81.0000,16,100,50/50_Bubble/Selection,1,42
102,100.0000,8.0000,83.0000,16,100,50/50_Bubble/Selection,1,42
103,100.0000,11.0000,81.0000,16,100,50/50_Bubble/Selection,1,42
104,100.0000,19.0000,85.0000,16,100,50/50_Bubble/Selection,1,42
105,100.0000,22.0000,86.0000,10,100,50/50_Bubble/Selection,1,42
106,100.0000,27.0000,85.0000,12,100,50/50_Bubble/Selection,1,42
107,100.0000,34.0000,88.0000,10,100,50/50_Bubble/Selection,1,42
108,100.0000,36.0000,88.0000,5,100,50/50_Bubble/Selection,1,42
109,100.0000,42.0000,90.0000,7,100,50/50_Bubble/Selection,1,42
110,100.0000,46.0000,91.0000,6,100,50/50_Bubble/Selection,1,42
111,100.0000,50.0000,92.0000,7,100,50/50_Bubble/Selection,1,42
112,100.0000,52.0000,92.0000,4,100,50/50_Bubble/Selection,1,42
113,100.0000,54.0000,93.0000,4,100,50/50_Bubble/Selection,1,42
114,100.0000,55.0000,93.0000,4,100,50/50_Bubble/Selection,1,42
115,100.0000,58.0000,94.0000,5,100,50/50_Bubble/Selection,1,42
116,100.0000,58.0000,95.0000,5,100,50/50_Bubble/Selection,1,42
117,100.0000,59.0000,94.0000,4,100,50/50_Bubble/Selection,1,42
118,100.0000,60.0000,94.0000,4,100,50/50_Bubble/Selection,1,42
119,100.0000,62.0000,94.0000,5,100,50/50_Bubble/Selection,1,42
120,100.0000,65.0000,94.0000,6,100,50/50_Bubble/Selection,1,42
121,100.0000,70.0000,96.0000,4,100,50/50_Bubble/Selection,1,42
122,100.0000,73.0000,97.0000,3,100,50/50_Bubble/Selection,1,42
123,100.0000,73.0000,96.0000,2,100,50/50_Bubble/Selection,1,42
124,100.0000,74.0000,96.0000,3,100,50/50_Bubble/Selection,1,42
125,100.0000,75.0000,96.0000,2,100,50/50_Bubble/Selection,1,42
126,100.0000,77.0000,96.0000,4,100,50/50_Bubble/Selection,1,42
127,100.0000,80.0000,97.0000,2,100,50/50_Bubble/Selection,1,42
128,100.0000,84.0000,98.0000,3,100,50/50_Bubble/Selection,1,42
129,100.0000,86.0000,98.0000,2,100,50/50_Bubble/Selection,1,42
130,100.0000,88.0000,98.0000,2,100,50/50_Bubble/Selection,1,42
131,100.0000,90.0000,98.0000,2,100,50/50_Bubble/Selection,1,42
132,100.0000,91.0000,98.0000,1,100,50/50_Bubble/Selection,1,42
133,100.0000,94.0000,99.0000,2,100,50/50_Bubble/Selection,1,42
134,100.0000,95.0000,99.0000,1,100,50/50_Bubble/Selection,1,42
135,100.0000,96.0000,99.0000,1,100,50/50_Bubble/Selection,1,42
136,100.0000,97.0000,99.0000,1,100,50/50_Bubble/Selection,1,42
137,100.0000,97.0000,99.0000,0,100,50/50_Bubble/Selection,1,42
138,100.0000,98.0000,99.0000,1,100,50/50_Bubble/Selection,1,42
139,100.0000,98.0000,99.0000,0,100,50/50_Bubble/Selection,1,42
140,100.0000,100.0000,100.0000,1,100,50/50_Bubble/Selection,1,42
141,100.0000,100.0000,100.0000,0,100,50/50_Bubble/Selection,1,42
142,100.0000,100.0000,100.0000,0,100,50/50_Bubble/Selection,1,42
143,100.0000,100.0000,100.0000,0,100,50/50_Bubble/Selection,1,42
0,100.0000,1.0000,50.0000,0,100,50/50_Bubble/Selection,1,123
1,100.0000,2.0000,58.0000,34,100,50/50_Bubble/Selection,1,123
2,100.0000,1.0000,51.0000,29,100,50/50_Bubble/Selection,1,123
3,100.0000,0.0000,58.0000,30,100,50/50_Bubble/Selection,1,123
4,100.0000,1.0000,61.0000,28,100,50/50_Bubble/Selection,1,123
5,100.0000,1.0000,58.0000,27,100,50/50_Bubble/Selection,1,123
6,100.0000,1.0000,63.0000,29,100,50/50_Bubble/Selection,1,123
7,100.0000,2.0000,57.0000,31,100,50/50_Bubble/Selection,1,123
8,100.0000,1.0000,62.0000,30,100,50/50_Bubble/Selection,1,123
9,100.0000,1.0000,62.0000,23,100,50/50_Bubble/Selection,1,123
10,100.0000,2.0000,61.0000,23,100,50/50_Bubble/Selection,1,123
11,100.0000,0.0000,64.0000,28,100,50/50_Bubble/Selection,1,123
12,100.0000,1.0000,61.0000,26,100,50/50_Bubble/Selection,1,123
13,100.0000,2.0000,59.0000,30,100,50/50_Bubble/Selection,1,123
14,100.0000,0.0000,61.0000,27,100,50/50_Bubble/Selection,1,123
15,100.0000,0.0000,62.0000,28,100,50/50_Bubble/Selection,1,123
16,100.0000,0.0000,61.0000,26,100,50/50_Bubble/Selection,1,123
17,100.0000,0.0000,59.0000,28,100,50/50_Bubble/Selection,1,123
18,100.0000,0.0000,62.0000,29,100,50/50_Bubble/Selection,1,123
19,100.0000,0.0000,61.0000,24,100,50/50_Bubble/Selection,1,123
20,100.0000,0.0000,62.0000,30,100,50/50_Bubble/Selection,1,123
21,100.0000,1.0000,65.0000,26,100,50/50_Bubble/Selection,1,123
22,100.0000,1.0000,60.0000,30,100,50/50_Bubble/Selection,1,123
23,100.0000,1.0000,66.0000,29,100,50/50_Bubble/Selection,1,123
24,100.0000,0.0000,66.0000,21,100,50/50_Bubble/Selection,1,123
25,100.0000,2.0000,63.0000,26,100,50/50_Bubble/Selection,1,123
26,100.0000,1.0000,62.0000,22,100,50/50_Bubble/Selection,1,123
27,100.0000,0.0000,65.0000,28,100,50/50_Bubble/Selection,1,123
28,100.0000,0.0000,64.0000,28,100,50/50_Bubble/Selection,1,123
29,100.0000,2.0000,67.0000,24,100,50/50_Bubble/Selection,1,123
30,100.0000,1.0000,63.0000,19,100,50/50_Bubble/Selection,1,123
31,100.0000,2.0000,66.0000,22,100,50/50_Bubble/Selection,1,123
32,100.0000,0.0000,66.0000,19,100,50/50_Bubble/Selection,1,123
33,100.0000,0.0000,64.0000,25,100,50/50_Bubble/Selection,1,123
34,100.0000,0.0000,68.0000,21,100,50/50_Bubble/Selection,1,123
35,100.0000,0.0000,64.0000,24,100,50/50_Bubble/Selection,1,123
36,100.0000,0.0000,65.0000,24,100,50/50_Bubble/Selection,1,123
37,100.0000,1.0000,62.0000,27,100,50/50_Bubble/Selection,1,123
38,100.0000,2.0000,64.0000,24,100,50/50_Bubble/Selection,1,123
39,100.0000,1.0000,67.0000,25,100,50/50_Bubble/Selection,1,123
40,100.0000,2.0000,65.0000,24,100,50/50_Bubble/Selection,1,123
41,100.0000,0.0000,66.0000,21,100,50/50_Bubble/Selection,1,123
42,100.0000,0.0000,63.0000,22,100,50/50_Bubble/Selection,1,123
43,100.0000,1.0000,68.0000,25,100,50/50_Bubble/Selection,1,123
44,100.0000,1.0000,64.0000,26,100,50/50_Bubble/Selection,1,123
45,100.0000,1.0000,69.0000,24,100,50/50_Bubble/Selection,1,123
46,100.0000,2.0000,65.0000,24,100,50/50_Bubble/Selection,1,123
47,100.0000,2.0000,70.0000,25,100,50/50_Bubble/Selection,1,123
48,100.0000,2.0000,66.0000,18,100,50/50_Bubble/Selection,1,123
49,100.0000,0.0000,64.0000,25,100,50/50_Bubble/Selection,1,123
50,100.0000,0.0000,68.0000,21,100,50/50_Bubble/Selection,1,123
51,100.0000,3.0000,63.0000,22,100,50/50_Bubble/Selection,1,123
52,100.0000,0.0000,68.0000,27,100,50/50_Bubble/Selection,1,123
53,100.0000,0.0000,64.0000,23,100,50/50_Bubble/Selection,1,123
54,100.0000,2.0000,70.0000,22,100,50/50_Bubble/Selection,1,123
55,100.0000,2.0000,68.0000,17,100,50/50_Bubble/Selection,1,123
56,100.0000,2.0000,64.0000,27,100,50/50_Bubble/Selection,1,123
57,100.0000,1.0000,64.0000,26,100,50/50_Bubble/Selection,1,123
58,100.0000,3.0000,66.0000,26,100,50/50_Bubble/Selection,1,123
59,100.0000,2.0000,65.0000,28,100,50/50_Bubble/Selection,1,123
60,100.0000,2.0000,63.0000,25,100,50/50_Bubble/Selection,1,123
61,100.0000,5.0000,62.0000,30,100,50/50_Bubble/Selection,1,123
62,100.0000,1.0000,65.0000,28,100,50/50_Bubble/Selection,1,123
63,100.0000,5.0000,64.0000,29,100,50/50_Bubble/Selection,1,123
64,100.0000,3.0000,63.0000,28,100,50/50_Bubble/Selection,1,123
65,100.0000,3.0000,70.0000,28,100,50/50_Bubble/Selection,1,123
66,100.0000,2.0000,70.0000,22,100,50/50_Bubble/Selection,1,123
67,100.0000,2.0000,71.0000,22,100,50/50_Bubble/Selection,1,123
68,100.0000,2.0000,70.0000,24,100,50/50_Bubble/Selection,1,123
69,100.0000,1.0000,69.0000,23,100,50/50_Bubble/Selection,1,123
70,100.0000,2.0000,75.0000,23,100,50/50_Bubble/Selection,1,123
71,100.0000,3.0000,78.0000,12,100,50/50_Bubble/Selection,1,123
72,100.0000,4.0000,71.0000,16,100,50/50_Bubble/Selection,1,123
73,100.0000,3.0000,77.0000,19,100,50/50_Bubble/Selection,1,123
74,100.0000,1.0000,77.0000,19,100,50/50_Bubble/Selection,1,123
75,100.0000,1.0000,78.0000,16,100,50/50_Bubble/Selection,1,123
76,100.0000,1.0000,81.0000,15,100,50/50_Bubble/Selection,1,123
77,100.0000,1.0000,80.0000,11,100,50/50_Bubble/Selection,1,123
78,100.0000,1.0000,80.0000,14,100,50/50_Bubble/Selection,1,123
79,100.0000,1.0000,78.0000,15,100,50/50_Bubble/Selection,1,123
80,100.0000,2.0000,80.0000,15,100,50/50_Bubble/Selection,1,123
81,100.0000,1.0000,76.0000,14,100,50/50_Bubble/Selection,1,123
82,100.0000,2.0000,74.0000,15,100,50/50_Bubble/Selection,1,123
83,100.0000,1.0000,78.0000,15,100,50/50_Bubble/Selection,1,123
84,100.0000,1.0000,76.0000,19,100,50/50_Bubble/Selection,1,123
85,100.0000,1.0000,77.0000,17,100,50/50_Bubble/Selection,1,123
86,100.0000,1.0000,77.0000,18,100,50/50_Bubble/Selection,1,123
87,100.0000,1.0000,80.0000,13,100,50/50_Bubble/Selection,1,123
88,100.0000,1.0000,77.0000,15,100,50/50_Bubble/Selection,1,123
89,100.0000,1.0000,81.0000,14,100,50/50_Bubble/Selection,1,123
90,100.0000,1.0000,77.0000,14,100,50/50_Bubble/Selection,1,123
91,100.0000,1.0000,75.0000,19,100,50/50_Bubble/Selection,1,123
92,100.0000,1.0000,76.0000,17,100,50/50_Bubble/Selection,1,123
93,100.0000,1.0000,75.0000,18,100,50/50_Bubble/Selection,1,123
94,100.0000,1.0000,74.0000,15,100,50/50_Bubble/Selection,1,123
95,100.0000,1.0000,73.0000,21,100,50/50_Bubble/Selection,1,123
96,100.0000,2.0000,75.0000,20,100,50/50_Bubble/Selection,1,123
97,100.0000,3.0000,74.0000,16,100,50/50_Bubble/Selection,1,123
98,100.0000,3.0000,74.0000,19,100,50/50_Bubble/Selection,1,123
99,100.0000,4.0000,73.0000,21,100,50/50_Bubble/Selection,1,123
100,100.0000,6.0000,74.0000,18,100,50/50_Bubble/Selection,1,123
101,100.0000,10.0000,75.0000,17,100,50/50_Bubble/Selection,1,123
102,100.0000,15.0000,78.0000,18,100,50/50_Bubble/Selection,1,123
103,100.0000,14.0000,80.0000,15,100,50/50_Bubble/Selection,1,123
104,100.0000,14.0000,78.0000,13,100,50/50_Bubble/Selection,1,123
105,100.0000,18.0000,80.0000,16,100,50/50_Bubble/Selection,1,123
106,100.0000,17.0000,81.0000,16,100,50/50_Bubble/Selection,1,123
107,100.0000,18.0000,81.0000,14,100,50/50_Bubble/Selection,1,123
108,100.0000,23.0000,81.0000,17,100,50/50_Bubble/Selection,1,123
109,100.0000,24.0000,80.0000,14,100,50/50_Bubble/Selection,1,123
110,100.0000,30.0000,83.0000,13,100,50/50_Bubble/Selection,1,123
111,100.0000,35.0000,84.0000,14,100,50/50_Bubble/Selection,1,123
112,100.0000,42.0000,85.0000,11,100,50/50_Bubble/Selection,1,123
113,100.0000,47.0000,85.0000,10,100,50/50_Bubble/Selection,1,123
114,100.0000,53.0000,88.0000,11,100,50/50_Bubble/Selection,1,123
115,100.0000,59.0000,89.0000,10,100,50/50_Bubble/Selection,1,123
116,100.0000,63.0000,90.0000,6,100,50/50_Bubble/Selection,1,123
117,100.0000,71.0000,91.0000,8,100,50/50_Bubble/Selection,1,123
118,100.0000,76.0000,93.0000,6,100,50/50_Bubble/Selection,1,123
119,100.0000,79.0000,94.0000,2,100,50/50_Bubble/Selection,1,123
120,100.0000,80.0000,95.0000,3,100,50/50_Bubble/Selection,1,123
121,100.0000,85.0000,97.0000,4,100,50/50_Bubble/Selection,1,123
122,100.0000,88.0000,98.0000,3,100,50/50_Bubble/Selection,1,123
123,100.0000,89.0000,98.0000,2,100,50/50_Bubble/Selection,1,123
124,100.0000,90.0000,98.0000,1,100,50/50_Bubble/Selection,1,123
125,100.0000,90.0000,98.0000,1,100,50/50_Bubble/Selection,1,123
126,100.0000,91.0000,98.0000,1,100,50/50_Bubble/Selection,1,123
127,100.0000,92.0000,98.0000,2,100,50/50_Bubble/Selection,1,123
128,100.0000,92.0000,98.0000,1,100,50/50_Bubble/Selection,1,123
129,100.0000,93.0000,98.0000,2,100,50/50_Bubble/Selection,1,123
130,100.0000,95.0000,98.0000,2,100,50/50_Bubble/Selection,1,123
131,100.0000,95.0000,99.0000,2,100,50/50_Bubble/Selection,1,123
132,100.0000,96.0000,99.0000,1,100,50/50_Bubble/Selection,1,123
133,100.0000,97.0000,99.0000,1,100,50/50_Bubble/Selection,1,123
134,100.0000,98.0000,99.0000,1,100,50/50_Bubble/Selection,1,123
135,100.0000,98.0000,99.0000,0,100,50/50_Bubble/Selection,1,123
136,100.0000,100.0000,100.0000,1,100,50/50_Bubble/Selection,1,123
137,100.0000,100.0000,100.0000,0,100,50/50_Bubble/Selection,1,123
138,100.0000,100.0000,100.0000,0,100,50/50_Bubble/Selection,1,123
139,100.0000,100.0000,100.0000,0,100,50/50_Bubble/Selection,1,123
0,100.0000,0.0000,48.0000,0,100,50/50_Bubble/Selection,1,789
1,100.0000,1.0000,57.0000,31,100,50/50_Bubble/Selection,1,789
2,100.0000,0.0000,58.0000,26,100,50/50_Bubble/Selection,1,789
3,100.0000,0.0000,56.0000,30,100,50/50_Bubble/Selection,1,789
4,100.0000,0.0000,60.0000,28,100,50/50_Bubble/Selection,1,789
5,100.0000,2.0000,55.0000,30,100,50/50_Bubble/Selection,1,789
6,100.0000,1.0000,60.0000,32,100,50/50_Bubble/Selection,1,789
7,100.0000,2.0000,58.0000,31,100,50/50_Bubble/Selection,1,789
8,100.0000,3.0000,60.0000,24,100,50/50_Bubble/Selection,1,789
9,100.0000,2.0000,58.0000,28,100,50/50_Bubble/Selection,1,789
10,100.0000,2.0000,64.0000,25,100,50/50_Bubble/Selection,1,789
11,100.0000,2.0000,58.0000,27,100,50/50_Bubble/Selection,1,789
12,100.0000,1.0000,63.0000,24,100,50/50_Bubble/Selection,1,789
13,100.0000,1.0000,58.0000,27,100,50/50_Bubble/Selection,1,789
14,100.0000,1.0000,58.0000,32,100,50/50_Bubble/Selection,1,789
15,100.0000,0.0000,66.0000,24,100,50/50_Bubble/Selection,1,789
16,100.0000,0.0000,59.0000,30,100,50/50_Bubble/Selection,1,789
17,100.0000,5.0000,60.0000,29,100,50/50_Bubble/Selection,1,789
18,100.0000,4.0000,62.0000,26,100,50/50_Bubble/Selection,1,789
19,100.0000,2.0000,62.0000,25,100,50/50_Bubble/Selection,1,789
20,100.0000,0.0000,61.0000,27,100,50/50_Bubble/Selection,1,789
21,100.0000,0.0000,61.0000,23,100,50/50_Bubble/Selection,1,789
22,100.0000,1.0000,63.0000,26,100,50/50_Bubble/Selection,1,789
23,100.0000,0.0000,58.0000,28,100,50/50_Bubble/Selection,1,789
24,100.0000,3.0000,62.0000,32,100,50/50_Bubble/Selection,1,789
25,100.0000,3.0000,61.0000,26,100,50/50_Bubble/Selection,1,789
26,100.0000,2.0000,66.0000,26,100,50/50_Bubble/Selection,1,789
27,100.0000,2.0000,61.0000,24,100,50/50_Bubble/Selection,1,789
28,100.0000,3.0000,66.0000,26,100,50/50_Bubble/Selection,1,789
29,100.0000,4.0000,65.0000,24,100,50/50_Bubble/Selection,1,789
30,100.0000,4.0000,65.0000,26,100,50/50_Bubble/Selection,1,789
31,100.0000,3.0000,66.0000,26,100,50/50_Bubble/Selection,1,789
32,100.0000,2.0000,67.0000,25,100,50/50_Bubble/Selection,1,789
33,100.0000,2.0000,64.0000,23,100,50/50_Bubble/Selection,1,789
34,100.0000,1.0000,64.0000,26,100,50/50_Bubble/Selection,1,789
35,100.0000,2.0000,68.0000,27,100,50/50_Bubble/Selection,1,789
36,100.0000,2.0000,62.0000,26,100,50/50_Bubble/Selection,1,789
37,100.0000,2.0000,63.0000,26,100,50/50_Bubble/Selection,1,789
38,100.0000,2.0000,63.0000,27,100,50/50_Bubble/Selection,1,789
39,100.0000,4.0000,63.0000,27,100,50/50_Bubble/Selection,1,789
40,100.0000,3.0000,66.0000,29,100,50/50_Bubble/Selection,1,789
41,100.0000,3.0000,66.0000,20,100,50/50_Bubble/Selection,1,789
42,100.0000,2.0000,63.0000,30,100,50/50_Bubble/Selection,1,789
43,100.0000,3.0000,64.0000,29,100,50/50_Bubble/Selection,1,789
44,100.0000,2.0000,61.0000,26,100,50/50_Bubble/Selection,1,789
45,100.0000,2.0000,66.0000,26,100,50/50_Bubble/Selection,1,789
46,100.0000,2.0000,68.0000,20,100,50/50_Bubble/Selection,1,789
47,100.0000,2.0000,68.0000,23,100,50/50_Bubble/Selection,1,789
48,100.0000,3.0000,67.0000,23,100,50/50_Bubble/Selection,1,789
49,100.0000,3.0000,67.0000,20,100,50/50_Bubble/Selection,1,789
50,100.0000,1.0000,69.0000,23,100,50/50_Bubble/Selection,1,789
51,100.0000,3.0000,73.0000,19,100,50/50_Bubble/Selection,1,789
52,100.0000,2.0000,69.0000,18,100,50/50_Bubble/Selection,1,789
53,100.0000,1.0000,74.0000,25,100,50/50_Bubble/Selection,1,789
54,100.0000,2.0000,72.0000,19,100,50/50_Bubble/Selection,1,789
55,100.0000,2.0000,71.0000,19,100,50/50_Bubble/Selection,1,789
56,100.0000,2.0000,69.0000,19,100,50/50_Bubble/Selection,1,789
57,100.0000,3.0000,70.0000,26,100,50/50_Bubble/Selection,1,789
58,100.0000,3.0000,67.0000,23,100,50/50_Bubble/Selection,1,789
59,100.0000,1.0000,66.0000,25,100,50/50_Bubble/Selection,1,789
60,100.0000,2.0000,69.0000,22,100,50/50_Bubble/Selection,1,789
61,100.0000,3.0000,69.0000,17,100,50/50_Bubble/Selection,1,789
62,100.0000,2.0000,67.0000,19,100,50/50_Bubble/Selection,1,789
63,100.0000,3.0000,66.0000,23,100,50/50_Bubble/Selection,1,789
64,100.0000,4.0000,70.0000,27,100,50/50_Bubble/Selection,1,789
65,100.0000,2.0000,74.0000,18,100,50/50_Bubble/Selection,1,789
66,100.0000,3.0000,72.0000,21,100,50/50_Bubble/Selection,1,789
67,100.0000,5.0000,71.0000,19,100,50/50_Bubble/Selection,1,789
68,100.0000,4.0000,71.0000,19,100,50/50_Bubble/Selection,1,789
69,100.0000,4.0000,69.0000,25,100,50/50_Bubble/Selection,1,789
70,100.0000,3.0000,73.0000,25,100,50/50_Bubble/Selection,1,789
71,100.0000,4.0000,74.0000,17,100,50/50_Bubble/Selection,1,789
72,100.0000,5.0000,73.0000,17,100,50/50_Bubble/Selection,1,789
73,100.0000,6.0000,78.0000,19,100,50/50_Bubble/Selection,1,789
74,100.0000,5.0000,77.0000,14,100,50/50_Bubble/Selection,1,789
75,100.0000,7.0000,80.0000,18,100,50/50_Bubble/Selection,1,789
76,100.0000,9.0000,77.0000,14,100,50/50_Bubble/Selection,1,789
77,100.0000,11.0000,75.0000,18,100,50/50_Bubble/Selection,1,789
78,100.0000,9.0000,78.0000,18,100,50/50_Bubble/Selection,1,789
79,100.0000,10.0000,80.0000,18,100,50/50_Bubble/Selection,1,789
80,100.0000,10.0000,77.0000,16,100,50/50_Bubble/Selection,1,789
81,100.0000,10.0000,77.0000,16,100,50/50_Bubble/Selection,1,789
82,100.0000,12.0000,80.0000,13,100,50/50_Bubble/Selection,1,789
83,100.0000,12.0000,79.0000,15,100,50/50_Bubble/Selection,1,789
84,100.0000,11.0000,82.0000,16,100,50/50_Bubble/Selection,1,789
85,100.0000,11.0000,82.0000,14,100,50/50_Bubble/Selection,1,789
86,100.0000,12.0000,81.0000,14,100,50/50_Bubble/Selection,1,789
87,100.0000,11.0000,81.0000,12,100,50/50_Bubble/Selection,1,789
88,100.0000,11.0000,80.0000,15,100,50/50_Bubble/Selection,1,789
89,100.0000,11.0000,81.0000,11,100,50/50_Bubble/Selection,1,789
90,100.0000,10.0000,82.0000,15,100,50/50_Bubble/Selection,1,789
91,100.0000,13.0000,85.0000,14,100,50/50_Bubble/Selection,1,789
92,100.0000,12.0000,83.0000,13,100,50/50_Bubble/Selection,1,789
93,100.0000,12.0000,81.0000,14,100,50/50_Bubble/Selection,1,789
94,100.0000,11.0000,81.0000,14,100,50/50_Bubble/Selection,1,789
95,100.0000,10.0000,84.0000,12,100,50/50_Bubble/Selection,1,789
96,100.0000,10.0000,83.0000,10,100,50/50_Bubble/Selection,1,789
97,100.0000,11.0000,82.0000,15,100,50/50_Bubble/Selection,1,789
98,100.0000,11.0000,83.0000,8,100,50/50_Bubble/Selection,1,789
99,100.0000,12.0000,83.0000,11,100,50/50_Bubble/Selection,1,789
100,100.0000,12.0000,80.0000,12,100,50/50_Bubble/Selection,1,789
101,100.0000,12.0000,80.0000,17,100,50/50_Bubble/Selection,1,789
102,100.0000,17.0000,81.0000,17,100,50/50_Bubble/Selection,1,789
103,100.0000,21.0000,82.0000,17,100,50/50_Bubble/Selection,1,789
104,100.0000,31.0000,87.0000,17,100,50/50_Bubble/Selection,1,789
105,100.0000,37.0000,89.0000,9,100,50/50_Bubble/Selection,1,789
106,100.0000,41.0000,88.0000,8,100,50/50_Bubble/Selection,1,789
107,100.0000,47.0000,89.0000,10,100,50/50_Bubble/Selection,1,789
108,100.0000,54.0000,89.0000,9,100,50/50_Bubble/Selection,1,789
109,100.0000,57.0000,90.0000,6,100,50/50_Bubble/Selection,1,789
110,100.0000,62.0000,90.0000,6,100,50/50_Bubble/Selection,1,789
111,100.0000,68.0000,91.0000,7,100,50/50_Bubble/Selection,1,789
112,100.0000,74.0000,92.0000,7,100,50/50_Bubble/Selection,1,789
113,100.0000,80.0000,95.0000,5,100,50/50_Bubble/Selection,1,789
114,100.0000,86.0000,97.0000,4,100,50/50_Bubble/Selection,1,789
115,100.0000,88.0000,97.0000,2,100,50/50_Bubble/Selection,1,789
116,100.0000,90.0000,97.0000,2,100,50/50_Bubble/Selection,1,789
117,100.0000,94.0000,98.0000,3,100,50/50_Bubble/Selection,1,789
118,100.0000,96.0000,99.0000,1,100,50/50_Bubble/Selection,1,789
119,100.0000,96.0000,99.0000,0,100,50/50_Bubble/Selection,1,789
120,100.0000,96.0000,99.0000,0,100,50/50_Bubble/Selection,1,789
121,100.0000,97.0000,99.0000,1,100,50/50_Bubble/Selection,1,789
122,100.0000,97.0000,99.0000,0,100,50/50_Bubble/Selection,1,789
123,100.0000,98.0000,99.0000,1,100,50/50_Bubble/Selection,1,789
124,100.0000,100.0000,100.0000,1,100,50/50_Bubble/Selection,1,789
125,100.0000,100.0000,100.0000,0,100,50/50_Bubble/Selection,1,789
126,100.0000,100.0000,100.0000,0,100,50/50_Bubble/Selection,1,789
127,100.0000,100.0000,100.0000,0,100,50/50_Bubble/Selection,1,789
0,100.0000,1.0000,47.0000,0,100,50/50_Bubble/Selection,3,42
1,100.0000,0.0000,59.0000,32,100,50/50_Bubble/Selection,3,42
2,100.0000,1.0000,50.0000,29,100,50/50_Bubble/Selection,3,42
3,100.0000,0.0000,51.0000,35,100,50/50_Bubble/Selection,3,42
4,100.0000,0.0000,62.0000,29,100,50/50_Bubble/Selection,3,42
5,100.0000,1.0000,55.0000,26,100,50/50_Bubble/Selection,3,42
6,100.0000,2.0000,60.0000,29,100,50/50_Bubble/Selection,3,42
7,100.0000,0.0000,62.0000,30,100,50/50_Bubble/Selection,3,42
8,100.0000,0.0000,62.0000,27,100,50/50_Bubble/Selection,3,42
9,100.0000,0.0000,61.0000,25,100,50/50_Bubble/Selection,3,42
10,100.0000,0.0000,59.0000,28,100,50/50_Bubble/Selection,3,42
11,100.0000,0.0000,59.0000,20,100,50/50_Bubble/Selection,3,42
12,100.0000,0.0000,57.0000,30,100,50/50_Bubble/Selection,3,42
13,100.0000,0.0000,56.0000,30,100,50/50_Bubble/Selection,3,42
14,100.0000,0.0000,64.0000,30,100,50/50_Bubble/Selection,3,42
15,100.0000,1.0000,62.0000,23,100,50/50_Bubble/Selection,3,42
16,100.0000,2.0000,60.0000,28,100,50/50_Bubble/Selection,3,42
17,100.0000,1.0000,64.0000,29,100,50/50_Bubble/Selection,3,42
18,100.0000,3.0000,61.0000,28,100,50/50_Bubble/Selection,3,42
19,100.0000,3.0000,60.0000,32,100,50/50_Bubble/Selection,3,42
20,100.0000,0.0000,62.0000,28,100,50/50_Bubble/Selection,3,42
21,100.0000,0.0000,59.0000,26,100,50/50_Bubble/Selection,3,42
22,100.0000,0.0000,62.0000,27,100,50/50_Bubble/Selection,3,42
23,100.0000,0.0000,58.0000,31,100,50/50_Bubble/Selection,3,42
24,100.0000,0.0000,64.0000,27,100,50/50_Bubble/Selection,3,42
25,100.0000,1.0000,58.0000,30,100,50/50_Bubble/Selection,3,42
26,100.0000,2.0000,60.0000,27,100,50/50_Bubble/Selection,3,42
27,100.0000,0.0000,61.0000,25,100,50/50_Bubble/Selection,3,42
28,100.0000,0.0000,59.0000,33,100,50/50_Bubble/Selection,3,42
29,100.0000,0.0000,62.0000,31,100,50/50_Bubble/Selection,3,42
30,100.0000,0.0000,63.0000,24,100,50/50_Bubble/Selection,3,42
31,100.0000,0.0000,65.0000,25,100,50/50_Bubble/Selection,3,42
32,100.0000,0.0000,61.0000,32,100,50/50_Bubble/Selection,3,42
33,100.0000,0.0000,61.0000,27,100,50/50_Bubble/Selection,3,42
34,100.0000,0.0000,66.0000,26,100,50/50_Bubble/Selection,3,42
35,100.0000,0.0000,71.0000,21,100,50/50_Bubble/Selection,3,42
36,100.0000,0.0000,66.0000,27,100,50/50_Bubble/Selection,3,42
37,100.0000,0.0000,66.0000,21,100,50/50_Bubble/Selection,3,42
38,100.0000,0.0000,69.0000,27,100,50/50_Bubble/Selection,3,42
39,100.0000,0.0000,63.0000,21,100,50/50_Bubble/Selection,3,42
40,100.0000,1.0000,68.0000,26,100,50/50_Bubble/Selection,3,42
41,100.0000,0.0000,66.0000,22,100,50/50_Bubble/Selection,3,42
42,100.0000,0.0000,67.0000,24,100,50/50_Bubble/Selection,3,42
43,100.0000,0.0000,67.0000,22,100,50/50_Bubble/Selection,3,42
44,100.0000,0.0000,70.0000,24,100,50/50_Bubble/Selection,3,42
45,100.0000,2.0000,68.0000,19,100,50/50_Bubble/Selection,3,42
46,100.0000,1.0000,67.0000,22,100,50/50_Bubble/Selection,3,42
47,100.0000,2.0000,71.0000,21,100,50/50_Bubble/Selection,3,42
48,100.0000,1.0000,70.0000,23,100,50/50_Bubble/Selection,3,42
49,100.0000,1.0000,69.0000,23,100,50/50_Bubble/Selection,3,42
50,100.0000,2.0000,73.0000,22,100,50/50_Bubble/Selection,3,42
51,100.0000,2.0000,70.0000,20,100,50/50_Bubble/Selection,3,42
52,100.0000,1.0000,71.0000,23,100,50/50_Bubble/Selection,3,42
53,100.0000,1.0000,71.0000,18,100,50/50_Bubble/Selection,3,42
54,100.0000,2.0000,67.0000,22,100,50/50_Bubble/Selection,3,42
55,100.0000,2.0000,70.0000,23,100,50/50_Bubble/Selection,3,42
56,100.0000,1.0000,72.0000,19,100,50/50_Bubble/Selection,3,42
57,100.0000,2.0000,71.0000,22,100,50/50_Bubble/Selection,3,42
58,100.0000,1.0000,70.0000,24,100,50/50_Bubble/Selection,3,42
59,100.0000,2.0000,70.0000,18,100,50/50_Bubble/Selection,3,42
60,100.0000,2.0000,72.0000,23,100,50/50_Bubble/Selection,3,42
61,100.0000,1.0000,74.0000,21,100,50/50_Bubble/Selection,3,42
62,100.0000,2.0000,71.0000,22,100,50/50_Bubble/Selection,3,42
63,100.0000,2.0000,75.0000,20,100,50/50_Bubble/Selection,3,42
64,100.0000,4.0000,74.0000,18,100,50/50_Bubble/Selection,3,42
65,100.0000,3.0000,73.0000,21,100,50/50_Bubble/Selection,3,42
66,100.0000,1.0000,74.0000,19,100,50/50_Bubble/Selection,3,42
67,100.0000,1.0000,74.0000,18,100,50/50_Bubble/Selection,3,42
68,100.0000,2.0000,72.0000,21,100,50/50_Bubble/Selection,3,42
69,100.0000,5.0000,72.0000,21,100,50/50_Bubble/Selection,3,42
70,100.0000,4.0000,72.0000,20,100,50/50_Bubble/Selection,3,42
71,100.0000,4.0000,70.0000,21,100,50/50_Bubble/Selection,3,42
72,100.0000,4.0000,69.0000,25,100,50/50_Bubble/Selection,3,42
73,100.0000,4.0000,71.0000,21,100,50/50_Bubble/Selection,3,42
74,100.0000,4.0000,70.0000,23,100,50/50_Bubble/Selection,3,42
75,100.0000,5.0000,67.0000,25,100,50/50_Bubble/Selection,3,42
76,100.0000,5.0000,73.0000,19,100,50/50_Bubble/Selection,3,42
77,100.0000,5.0000,76.0000,13,100,50/50_Bubble/Selection,3,42
78,100.0000,4.0000,70.0000,14,100,50/50_Bubble/Selection,3,42
79,100.0000,4.0000,71.0000,17,100,50/50_Bubble/Selection,3,42
80,100.0000,4.0000,70.0000,21,100,50/50_Bubble/Selection,3,42
81,100.0000,4.0000,73.0000,20,100,50/50_Bubble/Selection,3,42
82,100.0000,8.0000,70.0000,19,100,50/50_Bubble/Selection,3,42
83,100.0000,9.0000,70.0000,20,100,50/50_Bubble/Selection,3,42
84,100.0000,8.0000,71.0000,20,100,50/50_Bubble/Selection,3,42
85,100.0000,8.0000,70.0000,23,100,50/50_Bubble/Selection,3,42
86,100.0000,6.0000,69.0000,20,100,50/50_Bubble/Selection,3,42
87,100.0000,6.0000,72.0000,23,100,50/50_Bubble/Selection,3,42
88,100.0000,5.0000,74.0000,17,100,50/50_Bubble/Selection,3,42
89,100.0000,6.0000,73.0000,22,100,50/50_Bubble/Selection,3,42
90,100.0000,5.0000,74.0000,23,100,50/50_Bubble/Selection,3,42
91,100.0000,7.0000,76.0000,19,100,50/50_Bubble/Selection,3,42
92,100.0000,11.0000,79.0000,19,100,50/50_Bubble/Selection,3,42
93,100.0000,10.0000,76.0000,17,100,50/50_Bubble/Selection,3,42
94,100.0000,9.0000,78.0000,14,100,50/50_Bubble/Selection,3,42
95,100.0000,8.0000,80.0000,14,100,50/50_Bubble/Selection,3,42
96,100.0000,8.0000,80.0000,17,100,50/50_Bubble/Selection,3,42
97,100.0000,10.0000,82.0000,12,100,50/50_Bubble/Selection,3,42
98,100.0000,13.0000,86.0000,13,100,50/50_Bubble/Selection,3,42
99,100.0000,14.0000,86.0000,10,100,50/50_Bubble/Selection,3,42
100,100.0000,14.0000,85.0000,12,100,50/50_Bubble/Selection,3,42
101,100.0000,15.0000,85.0000,13,100,50/50_Bubble/Selection,3,42
102,100.0000,18.0000,85.0000,11,100,50/50_Bubble/Selection,3,42
103,100.0000,18.0000,84.0000,9,100,50/50_Bubble/Selection,3,42
104,100.0000,18.0000,84.0000,9,100,50/50_Bubble/Selection,3,42
105,100.0000,21.0000,83.0000,13,100,50/50_Bubble/Selection,3,42
106,100.0000,28.0000,85.0000,13,100,50/50_Bubble/Selection,3,42
107,100.0000,37.0000,86.0000,13,100,50/50_Bubble/Selection,3,42
108,100.0000,50.0000,91.0000,11,100,50/50_Bubble/Selection,3,42
109,100.0000,57.0000,92.0000,6,100,50/50_Bubble/Selection,3,42
110,100.0000,58.0000,93.0000,3,100,50/50_Bubble/Selection,3,42
111,100.0000,60.0000,93.0000,6,100,50/50_Bubble/Selection,3,42
112,100.0000,63.0000,93.0000,6,100,50/50_Bubble/Selection,3,42
113,100.0000,68.0000,95.0000,5,100,50/50_Bubble/Selection,3,42
114,100.0000,70.0000,94.0000,5,100,50/50_Bubble/Selection,3,42
115,100.0000,73.0000,95.0000,5,100,50/50_Bubble/Selection,3,42
116,100.0000,75.0000,96.0000,4,100,50/50_Bubble/Selection,3,42
117,100.0000,76.0000,96.0000,3,100,50/50_Bubble/Selection,3,42
118,100.0000,76.0000,96.0000,2,100,50/50_Bubble/Selection,3,42
119,100.0000,76.0000,96.0000,2,100,50/50_Bubble/Selection,3,42
120,100.0000,77.0000,96.0000,4,100,50/50_Bubble/Selection,3,42
121,100.0000,78.0000,96.0000,3,100,50/50_Bubble/Selection,3,42
122,100.0000,79.0000,96.0000,3,100,50/50_Bubble/Selection,3,42
123,100.0000,81.0000,96.0000,3,100,50/50_Bubble/Selection,3,42
124,100.0000,84.0000,96.0000,4,100,50/50_Bubble/Selection,3,42
125,100.0000,87.0000,97.0000,3,100,50/50_Bubble/Selection,3,42
126,100.0000,88.0000,97.0000,2,100,50/50_Bubble/Selection,3,42
127,100.0000,90.0000,97.0000,2,100,50/50_Bubble/Selection,3,42
128,100.0000,92.0000,98.0000,2,100,50/50_Bubble/Selection,3,42
129,100.0000,93.0000,98.0000,2,100,50/50_Bubble/Selection,3,42
130,100.0000,93.0000,98.0000,0,100,50/50_Bubble/Selection,3,42
131,100.0000,93.0000,98.0000,1,100,50/50_Bubble/Selection,3,42
132,100.0000,93.0000,98.0000,1,100,50/50_Bubble/Selection,3,42
133,100.0000,96.0000,99.0000,2,100,50/50_Bubble/Selection,3,42
134,100.0000,97.0000,99.0000,1,100,50/50_Bubble/Selection,3,42
135,100.0000,97.0000,99.0000,0,100,50/50_Bubble/Selection,3,42
136,100.0000,97.0000,99.0000,0,100,50/50_Bubble/Selection,3,42
137,100.0000,97.0000,99.0000,0,100,50/50_Bubble/Selection,3,42
0,100.0000,1.0000,50.0000,0,100,50/50_Bubble/Selection,3,123
1,100.0000,1.0000,55.0000,33,100,50/50_Bubble/Selection,3,123
2,100.0000,1.0000,58.0000,26,100,50/50_Bubble/Selection,3,123
3,100.0000,0.0000,59.0000,25,100,50/50_Bubble/Selection,3,123
4,100.0000,2.0000,56.0000,29,100,50/50_Bubble/Selection,3,123
5,100.0000,3.0000,59.0000,30,100,50/50_Bubble/Selection,3,123
6,100.0000,3.0000,64.0000,28,100,50/50_Bubble/Selection,3,123
7,100.0000,1.0000,57.0000,25,100,50/50_Bubble/Selection,3,123
8,100.0000,0.0000,63.0000,27,100,50/50_Bubble/Selection,3,123
9,100.0000,0.0000,55.0000,24,100,50/50_Bubble/Selection,3,123
10,100.0000,0.0000,60.0000,34,100,50/50_Bubble/Selection,3,123
11,100.0000,0.0000,64.0000,26,100,50/50_Bubble/Selection,3,123
12,100.0000,1.0000,65.0000,22,100,50/50_Bubble/Selection,3,123
13,100.0000,0.0000,62.0000,24,100,50/50_Bubble/Selection,3,123
14,100.0000,0.0000,63.0000,25,100,50/50_Bubble/Selection,3,123
15,100.0000,0.0000,57.0000,31,100,50/50_Bubble/Selection,3,123
16,100.0000,2.0000,59.0000,31,100,50/50_Bubble/Selection,3,123
17,100.0000,2.0000,57.0000,30,100,50/50_Bubble/Selection,3,123
18,100.0000,1.0000,64.0000,33,100,50/50_Bubble/Selection,3,123
19,100.0000,1.0000,60.0000,26,100,50/50_Bubble/Selection,3,123
20,100.0000,1.0000,60.0000,28,100,50/50_Bubble/Selection,3,123
21,100.0000,1.0000,64.0000,29,100,50/50_Bubble/Selection,3,123
22,100.0000,1.0000,60.0000,25,100,50/50_Bubble/Selection,3,123
23,100.0000,0.0000,62.0000,29,100,50/50_Bubble/Selection,3,123
24,100.0000,1.0000,68.0000,24,100,50/50_Bubble/Selection,3,123
25,100.0000,1.0000,66.0000,23,100,50/50_Bubble/Selection,3,123
26,100.0000,0.0000,69.0000,17,100,50/50_Bubble/Selection,3,123
27,100.0000,0.0000,66.0000,23,100,50/50_Bubble/Selection,3,123
28,100.0000,0.0000,64.0000,24,100,50/50_Bubble/Selection,3,123
29,100.0000,2.0000,65.0000,28,100,50/50_Bubble/Selection,3,123
30,100.0000,1.0000,65.0000,25,100,50/50_Bubble/Selection,3,123
31,100.0000,1.0000,65.0000,26,100,50/50_Bubble/Selection,3,123
32,100.0000,0.0000,63.0000,28,100,50/50_Bubble/Selection,3,123
33,100.0000,1.0000,68.0000,25,100,50/50_Bubble/Selection,3,123
34,100.0000,0.0000,66.0000,25,100,50/50_Bubble/Selection,3,123
35,100.0000,0.0000,62.0000,23,100,50/50_Bubble/Selection,3,123
36,100.0000,0.0000,70.0000,23,100,50/50_Bubble/Selection,3,123
37,100.0000,0.0000,62.0000,21,100,50/50_Bubble/Selection,3,123
38,100.0000,0.0000,67.0000,27,100,50/50_Bubble/Selection,3,123
39,100.0000,0.0000,64.0000,22,100,50/50_Bubble/Selection,3,123
40,100.0000,1.0000,63.0000,26,100,50/50_Bubble/Selection,3,123
41,100.0000,1.0000,63.0000,25,100,50/50_Bubble/Selection,3,123
42,100.0000,0.0000,68.0000,27,100,50/50_Bubble/Selection,3,123
43,100.0000,1.0000,63.0000,25,100,50/50_Bubble/Selection,3,123
44,100.0000,2.0000,69.0000,29,100,50/50_Bubble/Selection,3,123
45,100.0000,1.0000,65.0000,19,100,50/50_Bubble/Selection,3,123
46,100.0000,0.0000,67.0000,23,100,50/50_Bubble/Selection,3,123
47,100.0000,0.0000,63.0000,28,100,50/50_Bubble/Selection,3,123
48,100.0000,2.0000,66.0000,27,100,50/50_Bubble/Selection,3,123
49,100.0000,2.0000,68.0000,24,100,50/50_Bubble/Selection,3,123
50,100.0000,1.0000,71.0000,23,100,50/50_Bubble/Selection,3,123
51,100.0000,1.0000,65.0000,23,100,50/50_Bubble/Selection,3,123
52,100.0000,1.0000,68.0000,20,100,50/50_Bubble/Selection,3,123
53,100.0000,1.0000,68.0000,25,100,50/50_Bubble/Selection,3,123
54,100.0000,1.0000,66.0000,24,100,50/50_Bubble/Selection,3,123
55,100.0000,2.0000,69.0000,24,100,50/50_Bubble/Selection,3,123
56,100.0000,3.0000,67.0000,19,100,50/50_Bubble/Selection,3,123
57,100.0000,3.0000,69.0000,20,100,50/50_Bubble/Selection,3,123
58,100.0000,1.0000,65.0000,22,100,50/50_Bubble/Selection,3,123
59,100.0000,4.0000,68.0000,23,100,50/50_Bubble/Selection,3,123
60,100.0000,2.0000,67.0000,24,100,50/50_Bubble/Selection,3,123
61,100.0000,5.0000,68.0000,23,100,50/50_Bubble/Selection,3,123
62,100.0000,3.0000,67.0000,26,100,50/50_Bubble/Selection,3,123
63,100.0000,2.0000,66.0000,24,100,50/50_Bubble/Selection,3,123
64,100.0000,3.0000,68.0000,25,100,50/50_Bubble/Selection,3,123
65,100.0000,2.0000,67.0000,26,100,50/50_Bubble/Selection,3,123
66,100.0000,2.0000,73.0000,23,100,50/50_Bubble/Selection,3,123
67,100.0000,4.0000,70.0000,19,100,50/50_Bubble/Selection,3,123
68,100.0000,6.0000,74.0000,19,100,50/50_Bubble/Selection,3,123
69,100.0000,4.0000,76.0000,19,100,50/50_Bubble/Selection,3,123
70,100.0000,2.0000,73.0000,18,100,50/50_Bubble/Selection,3,123
71,100.0000,3.0000,72.0000,20,100,50/50_Bubble/Selection,3,123
72,100.0000,3.0000,74.0000,21,100,50/50_Bubble/Selection,3,123
73,100.0000,3.0000,74.0000,21,100,50/50_Bubble/Selection,3,123
74,100.0000,2.0000,76.0000,18,100,50/50_Bubble/Selection,3,123
75,100.0000,2.0000,74.0000,15,100,50/50_Bubble/Selection,3,123
76,100.0000,3.0000,72.0000,23,100,50/50_Bubble/Selection,3,123
77,100.0000,2.0000,74.0000,22,100,50/50_Bubble/Selection,3,123
78,100.0000,2.0000,71.0000,22,100,50/50_Bubble/Selection,3,123
79,100.0000,2.0000,75.0000,17,100,50/50_Bubble/Selection,3,123
80,100.0000,2.0000,74.0000,17,100,50/50_Bubble/Selection,3,123
81,100.0000,3.0000,77.0000,20,100,50/50_Bubble/Selection,3,123
82,100.0000,3.0000,76.0000,16,100,50/50_Bubble/Selection,3,123
83,100.0000,2.0000,76.0000,19,100,50/50_Bubble/Selection,3,123
84,100.0000,1.0000,75.0000,19,100,50/50_Bubble/Selection,3,123
85,100.0000,2.0000,69.0000,19,100,50/50_Bubble/Selection,3,123
86,100.0000,4.0000,74.0000,20,100,50/50_Bubble/Selection,3,123
87,100.0000,3.0000,72.0000,22,100,50/50_Bubble/Selection,3,123
88,100.0000,2.0000,70.0000,22,100,50/50_Bubble/Selection,3,123
89,100.0000,1.0000,73.0000,21,100,50/50_Bubble/Selection,3,123
90,100.0000,1.0000,71.0000,20,100,50/50_Bubble/Selection,3,123
91,100.0000,3.0000,73.0000,19,100,50/50_Bubble/Selection,3,123
92,100.0000,3.0000,77.0000,21,100,50/50_Bubble/Selection,3,123
93,100.0000,4.0000,73.0000,16,100,50/50_Bubble/Selection,3,123
94,100.0000,3.0000,73.0000,22,100,50/50_Bubble/Selection,3,123
95,100.0000,2.0000,78.0000,22,100,50/50_Bubble/Selection,3,123
96,100.0000,3.0000,76.0000,18,100,50/50_Bubble/Selection,3,123
97,100.0000,2.0000,75.0000,17,100,50/50_Bubble/Selection,3,123
98,100.0000,3.0000,76.0000,19,100,50/50_Bubble/Selection,3,123
99,100.0000,5.0000,76.0000,18,100,50/50_Bubble/Selection,3,123
100,100.0000,5.0000,78.0000,19,100,50/50_Bubble/Selection,3,123
101,100.0000,7.0000,78.0000,17,100,50/50_Bubble/Selection,3,123
102,100.0000,11.0000,81.0000,18,100,50/50_Bubble/Selection,3,123
103,100.0000,15.0000,80.0000,17,100,50/50_Bubble/Selection,3,123
104,100.0000,25.0000,83.0000,13,100,50/50_Bubble/Selection,3,123
105,100.0000,27.0000,83.0000,13,100,50/50_Bubble/Selection,3,123
106,100.0000,35.0000,86.0000,13,100,50/50_Bubble/Selection,3,123
107,100.0000,41.0000,87.0000,10,100,50/50_Bubble/Selection,3,123
108,100.0000,47.0000,89.0000,11,100,50/50_Bubble/Selection,3,123
109,100.0000,48.0000,89.0000,5,100,50/50_Bubble/Selection,3,123
110,100.0000,53.0000,90.0000,9,100,50/50_Bubble/Selection,3,123
111,100.0000,58.0000,91.0000,7,100,50/50_Bubble/Selection,3,123
112,100.0000,63.0000,92.0000,9,100,50/50_Bubble/Selection,3,123
113,100.0000,69.0000,94.0000,6,100,50/50_Bubble/Selection,3,123
114,100.0000,71.0000,95.0000,5,100,50/50_Bubble/Selection,3,123
115,100.0000,73.0000,95.0000,4,100,50/50_Bubble/Selection,3,123
116,100.0000,74.0000,95.0000,3,100,50/50_Bubble/Selection,3,123
117,100.0000,77.0000,96.0000,4,100,50/50_Bubble/Selection,3,123
118,100.0000,78.0000,96.0000,3,100,50/50_Bubble/Selection,3,123
119,100.0000,80.0000,96.0000,2,100,50/50_Bubble/Selection,3,123
120,100.0000,81.0000,96.0000,3,100,50/50_Bubble/Selection,3,123
121,100.0000,83.0000,96.0000,4,100,50/50_Bubble/Selection,3,123
122,100.0000,84.0000,96.0000,1,100,50/50_Bubble/Selection,3,123
123,100.0000,86.0000,96.0000,3,100,50/50_Bubble/Selection,3,123
124,100.0000,86.0000,96.0000,2,100,50/50_Bubble/Selection,3,123
125,100.0000,88.0000,96.0000,3,100,50/50_Bubble/Selection,3,123
126,100.0000,91.0000,98.0000,3,100,50/50_Bubble/Selection,3,123
127,100.0000,93.0000,98.0000,2,100,50/50_Bubble/Selection,3,123
128,100.0000,94.0000,98.0000,2,100,50/50_Bubble/Selection,3,123
129,100.0000,94.0000,98.0000,0,100,50/50_Bubble/Selection,3,123
130,100.0000,95.0000,98.0000,2,100,50/50_Bubble/Selection,3,123
131,100.0000,97.0000,99.0000,1,100,50/50_Bubble/Selection,3,123
132,100.0000,98.0000,99.0000,1,100,50/50_Bubble/Selection,3,123
133,100.0000,100.0000,100.0000,1,100,50/50_Bubble/Selection,3,123
134,100.0000,100.0000,100.0000,0,100,50/50_Bubble/Selection,3,123
135,100.0000,100.0000,100.0000,0,100,50/50_Bubble/Selection,3,123
136,100.0000,100.0000,100.0000,0,100,50/50_Bubble/Selection,3,123
0,100.0000,0.0000,48.0000,0,100,50/50_Bubble/Selection,3,789
1,100.0000,1.0000,59.0000,34,100,50/50_Bubble/Selection,3,789
2,100.0000,1.0000,61.0000,29,100,50/50_Bubble/Selection,3,789
3,100.0000,1.0000,58.0000,26,100,50/50_Bubble/Selection,3,789
4,100.0000,3.0000,59.0000,28,100,50/50_Bubble/Selection,3,789
5,100.0000,1.0000,59.0000,30,100,50/50_Bubble/Selection,3,789
6,100.0000,1.0000,58.0000,26,100,50/50_Bubble/Selection,3,789
7,100.0000,2.0000,60.0000,28,100,50/50_Bubble/Selection,3,789
8,100.0000,2.0000,58.0000,28,100,50/50_Bubble/Selection,3,789
9,100.0000,2.0000,57.0000,30,100,50/50_Bubble/Selection,3,789
10,100.0000,2.0000,59.0000,28,100,50/50_Bubble/Selection,3,789
11,100.0000,3.0000,59.0000,29,100,50/50_Bubble/Selection,3,789
12,100.0000,3.0000,61.0000,27,100,50/50_Bubble/Selection,3,789
13,100.0000,1.0000,61.0000,30,100,50/50_Bubble/Selection,3,789
14,100.0000,0.0000,58.0000,26,100,50/50_Bubble/Selection,3,789
15,100.0000,2.0000,58.0000,30,100,50/50_Bubble/Selection,3,789
16,100.0000,2.0000,63.0000,31,100,50/50_Bubble/Selection,3,789
17,100.0000,1.0000,60.0000,26,100,50/50_Bubble/Selection,3,789
18,100.0000,2.0000,62.0000,29,100,50/50_Bubble/Selection,3,789
19,100.0000,2.0000,62.0000,24,100,50/50_Bubble/Selection,3,789
20,100.0000,1.0000,58.0000,27,100,50/50_Bubble/Selection,3,789
21,100.0000,0.0000,61.0000,31,100,50/50_Bubble/Selection,3,789
22,100.0000,3.0000,67.0000,26,100,50/50_Bubble/Selection,3,789
23,100.0000,5.0000,63.0000,24,100,50/50_Bubble/Selection,3,789
24,100.0000,4.0000,67.0000,26,100,50/50_Bubble/Selection,3,789
25,100.0000,3.0000,64.0000,27,100,50/50_Bubble/Selection,3,789
26,100.0000,1.0000,61.0000,27,100,50/50_Bubble/Selection,3,789
27,100.0000,1.0000,62.0000,30,100,50/50_Bubble/Selection,3,789
28,100.0000,1.0000,60.0000,26,100,50/50_Bubble/Selection,3,789
29,100.0000,1.0000,68.0000,25,100,50/50_Bubble/Selection,3,789
30,100.0000,1.0000,62.0000,26,100,50/50_Bubble/Selection,3,789
31,100.0000,3.0000,60.0000,27,100,50/50_Bubble/Selection,3,789
32,100.0000,2.0000,63.0000,27,100,50/50_Bubble/Selection,3,789
33,100.0000,2.0000,62.0000,28,100,50/50_Bubble/Selection,3,789
34,100.0000,3.0000,63.0000,23,100,50/50_Bubble/Selection,3,789
35,100.0000,2.0000,63.0000,28,100,50/50_Bubble/Selection,3,789
36,100.0000,1.0000,65.0000,27,100,50/50_Bubble/Selection,3,789
37,100.0000,1.0000,62.0000,28,100,50/50_Bubble/Selection,3,789
38,100.0000,3.0000,63.0000,25,100,50/50_Bubble/Selection,3,789
39,100.0000,1.0000,70.0000,23,100,50/50_Bubble/Selection,3,789
40,100.0000,2.0000,65.0000,22,100,50/50_Bubble/Selection,3,789
41,100.0000,2.0000,72.0000,22,100,50/50_Bubble/Selection,3,789
42,100.0000,3.0000,67.0000,20,100,50/50_Bubble/Selection,3,789
43,100.0000,5.0000,70.0000,23,100,50/50_Bubble/Selection,3,789
44,100.0000,5.0000,71.0000,20,100,50/50_Bubble/Selection,3,789
45,100.0000,4.0000,73.0000,20,100,50/50_Bubble/Selection,3,789
46,100.0000,4.0000,70.0000,21,100,50/50_Bubble/Selection,3,789
47,100.0000,3.0000,72.0000,17,100,50/50_Bubble/Selection,3,789
48,100.0000,1.0000,68.0000,19,100,50/50_Bubble/Selection,3,789
49,100.0000,1.0000,66.0000,21,100,50/50_Bubble/Selection,3,789
50,100.0000,2.0000,71.0000,22,100,50/50_Bubble/Selection,3,789
51,100.0000,2.0000,68.0000,16,100,50/50_Bubble/Selection,3,789
52,100.0000,2.0000,71.0000,16,100,50/50_Bubble/Selection,3,789
53,100.0000,1.0000,70.0000,23,100,50/50_Bubble/Selection,3,789
54,100.0000,1.0000,74.0000,22,100,50/50_Bubble/Selection,3,789
55,100.0000,3.0000,67.0000,19,100,50/50_Bubble/Selection,3,789
56,100.0000,1.0000,69.0000,25,100,50/50_Bubble/Selection,3,789
57,100.0000,1.0000,70.0000,22,100,50/50_Bubble/Selection,3,789
58,100.0000,3.0000,71.0000,23,100,50/50_Bubble/Selection,3,789
59,100.0000,3.0000,74.0000,24,100,50/50_Bubble/Selection,3,789
60,100.0000,4.0000,75.0000,18,100,50/50_Bubble/Selection,3,789
61,100.0000,3.0000,74.0000,17,100,50/50_Bubble/Selection,3,789
62,100.0000,2.0000,76.0000,18,100,50/50_Bubble/Selection,3,789
63,100.0000,2.0000,73.0000,17,100,50/50_Bubble/Selection,3,789
64,100.0000,5.0000,73.0000,19,100,50/50_Bubble/Selection,3,789
65,100.0000,4.0000,71.0000,18,100,50/50_Bubble/Selection,3,789
66,100.0000,4.0000,76.0000,24,100,50/50_Bubble/Selection,3,789
67,100.0000,3.0000,71.0000,21,100,50/50_Bubble/Selection,3,789
68,100.0000,5.0000,69.0000,21,100,50/50_Bubble/Selection,3,789
69,100.0000,5.0000,70.0000,20,100,50/50_Bubble/Selection,3,789
70,100.0000,7.0000,75.0000,22,100,50/50_Bubble/Selection,3,789
71,100.0000,10.0000,75.0000,19,100,50/50_Bubble/Selection,3,789
72,100.0000,10.0000,74.0000,21,100,50/50_Bubble/Selection,3,789
73,100.0000,10.0000,74.0000,20,100,50/50_Bubble/Selection,3,789
74,100.0000,13.0000,76.0000,20,100,50/50_Bubble/Selection,3,789
75,100.0000,12.0000,74.0000,19,100,50/50_Bubble/Selection,3,789
76,100.0000,13.0000,75.0000,21,100,50/50_Bubble/Selection,3,789
77,100.0000,13.0000,76.0000,17,100,50/50_Bubble/Selection,3,789
78,100.0000,10.0000,75.0000,16,100,50/50_Bubble/Selection,3,789
79,100.0000,10.0000,75.0000,17,100,50/50_Bubble/Selection,3,789
80,100.0000,11.0000,79.0000,17,100,50/50_Bubble/Selection,3,789
81,100.0000,12.0000,78.0000,18,100,50/50_Bubble/Selection,3,789
82,100.0000,10.0000,80.0000,16,100,50/50_Bubble/Selection,3,789
83,100.0000,12.0000,80.0000,15,100,50/50_Bubble/Selection,3,789
84,100.0000,11.0000,81.0000,15,100,50/50_Bubble/Selection,3,789
85,100.0000,11.0000,80.0000,15,100,50/50_Bubble/Selection,3,789
86,100.0000,10.0000,80.0000,12,100,50/50_Bubble/Selection,3,789
87,100.0000,10.0000,81.0000,15,100,50/50_Bubble/Selection,3,789
88,100.0000,10.0000,82.0000,18,100,50/50_Bubble/Selection,3,789
89,100.0000,11.0000,83.0000,13,100,50/50_Bubble/Selection,3,789
90,100.0000,10.0000,83.0000,14,100,50/50_Bubble/Selection,3,789
91,100.0000,11.0000,84.0000,12,100,50/50_Bubble/Selection,3,789
92,100.0000,11.0000,82.0000,11,100,50/50_Bubble/Selection,3,789
93,100.0000,11.0000,83.0000,15,100,50/50_Bubble/Selection,3,789
94,100.0000,12.0000,82.0000,13,100,50/50_Bubble/Selection,3,789
95,100.0000,13.0000,82.0000,12,100,50/50_Bubble/Selection,3,789
96,100.0000,11.0000,81.0000,16,100,50/50_Bubble/Selection,3,789
97,100.0000,10.0000,84.0000,12,100,50/50_Bubble/Selection,3,789
98,100.0000,10.0000,83.0000,13,100,50/50_Bubble/Selection,3,789
99,100.0000,12.0000,83.0000,12,100,50/50_Bubble/Selection,3,789
100,100.0000,15.0000,84.0000,13,100,50/50_Bubble/Selection,3,789
101,100.0000,16.0000,83.0000,12,100,50/50_Bubble/Selection,3,789
102,100.0000,18.0000,84.0000,13,100,50/50_Bubble/Selection,3,789
103,100.0000,22.0000,84.0000,12,100,50/50_Bubble/Selection,3,789
104,100.0000,26.0000,84.0000,13,100,50/50_Bubble/Selection,3,789
105,100.0000,30.0000,85.0000,12,100,50/50_Bubble/Selection,3,789
106,100.0000,34.0000,86.0000,12,100,50/50_Bubble/Selection,3,789
107,100.0000,41.0000,88.0000,11,100,50/50_Bubble/Selection,3,789
108,100.0000,45.0000,89.0000,7,100,50/50_Bubble/Selection,3,789
109,100.0000,47.0000,89.0000,9,100,50/50_Bubble/Selection,3,789
110,100.0000,52.0000,91.0000,9,100,50/50_Bubble/Selection,3,789
111,100.0000,54.0000,90.0000,7,100,50/50_Bubble/Selection,3,789
112,100.0000,59.0000,91.0000,8,100,50/50_Bubble/Selection,3,789
113,100.0000,65.0000,91.0000,8,100,50/50_Bubble/Selection,3,789
114,100.0000,71.0000,92.0000,7,100,50/50_Bubble/Selection,3,789
115,100.0000,81.0000,96.0000,6,100,50/50_Bubble/Selection,3,789
116,100.0000,85.0000,96.0000,4,100,50/50_Bubble/Selection,3,789
117,100.0000,88.0000,96.0000,3,100,50/50_Bubble/Selection,3,789
118,100.0000,91.0000,96.0000,3,100,50/50_Bubble/Selection,3,789
119,100.0000,96.0000,98.0000,3,100,50/50_Bubble/Selection,3,789
120,100.0000,98.0000,99.0000,1,100,50/50_Bubble/Selection,3,789
121,100.0000,100.0000,100.0000,1,100,50/50_Bubble/Selection,3,789
122,100.0000,100.0000,100.0000,0,100,50/50_Bubble/Selection,3,789
123,100.0000,100.0000,100.0000,0,100,50/50_Bubble/Selection,3,789
124,100.0000,100.0000,100.0000,0,100,50/50_Bubble/Selection,3,789
0,100.0000,1.0000,47.0000,0,100,33/33/33_Bubble/Selection/Insertion,0,42
1,100.0000,0.0000,57.0000,32,100,33/33/33_Bubble/Selection/Insertion,0,42
2,100.0000,0.0000,58.0000,29,100,33/33/33_Bubble/Selection/Insertion,0,42
3,100.0000,0.0000,57.0000,32,100,33/33/33_Bubble/Selection/Insertion,0,42
4,100.0000,0.0000,59.0000,28,100,33/33/33_Bubble/Selection/Insertion,0,42
5,100.0000,1.0000,56.0000,31,100,33/33/33_Bubble/Selection/Insertion,0,42
6,100.0000,2.0000,59.0000,26,100,33/33/33_Bubble/Selection/Insertion,0,42
7,100.0000,0.0000,54.0000,30,100,33/33/33_Bubble/Selection/Insertion,0,42
8,100.0000,1.0000,58.0000,32,100,33/33/33_Bubble/Selection/Insertion,0,42
9,100.0000,0.0000,59.0000,31,100,33/33/33_Bubble/Selection/Insertion,0,42
10,100.0000,0.0000,56.0000,29,100,33/33/33_Bubble/Selection/Insertion,0,42
11,100.0000,1.0000,61.0000,30,100,33/33/33_Bubble/Selection/Insertion,0,42
12,100.0000,1.0000,65.0000,21,100,33/33/33_Bubble/Selection/Insertion,0,42
13,100.0000,1.0000,59.0000,28,100,33/33/33_Bubble/Selection/Insertion,0,42
14,100.0000,1.0000,61.0000,30,100,33/33/33_Bubble/Selection/Insertion,0,42
15,100.0000,3.0000,59.0000,28,100,33/33/33_Bubble/Selection/Insertion,0,42
16,100.0000,2.0000,66.0000,26,100,33/33/33_Bubble/Selection/Insertion,0,42
17,100.0000,2.0000,60.0000,24,100,33/33/33_Bubble/Selection/Insertion,0,42
18,100.0000,2.0000,62.0000,31,100,33/33/33_Bubble/Selection/Insertion,0,42
19,100.0000,1.0000,59.0000,28,100,33/33/33_Bubble/Selection/Insertion,0,42
20,100.0000,0.0000,62.0000,28,100,33/33/33_Bubble/Selection/Insertion,0,42
21,100.0000,1.0000,63.0000,29,100,33/33/33_Bubble/Selection/Insertion,0,42
22,100.0000,1.0000,57.0000,27,100,33/33/33_Bubble/Selection/Insertion,0,42
23,100.0000,0.0000,60.0000,29,100,33/33/33_Bubble/Selection/Insertion,0,42
24,100.0000,0.0000,60.0000,33,100,33/33/33_Bubble/Selection/Insertion,0,42
25,100.0000,1.0000,65.0000,26,100,33/33/33_Bubble/Selection/Insertion,0,42
26,100.0000,0.0000,59.0000,26,100,33/33/33_Bubble/Selection/Insertion,0,42
27,100.0000,1.0000,62.0000,30,100,33/33/33_Bubble/Selection/Insertion,0,42
28,100.0000,0.0000,63.0000,28,100,33/33/33_Bubble/Selection/Insertion,0,42
29,100.0000,0.0000,60.0000,25,100,33/33/33_Bubble/Selection/Insertion,0,42
30,100.0000,0.0000,61.0000,30,100,33/33/33_Bubble/Selection/Insertion,0,42
31,100.0000,0.0000,66.0000,28,100,33/33/33_Bubble/Selection/Insertion,0,42
32,100.0000,0.0000,66.0000,27,100,33/33/33_Bubble/Selection/Insertion,0,42
33,100.0000,0.0000,67.0000,22,100,33/33/33_Bubble/Selection/Insertion,0,42
34,100.0000,0.0000,67.0000,23,100,33/33/33_Bubble/Selection/Insertion,0,42
35,100.0000,0.0000,65.0000,23,100,33/33/33_Bubble/Selection/Insertion,0,42
36,100.0000,0.0000,68.0000,21,100,33/33/33_Bubble/Selection/Insertion,0,42
37,100.0000,0.0000,63.0000,24,100,33/33/33_Bubble/Selection/Insertion,0,42
38,100.0000,1.0000,62.0000,28,100,33/33/33_Bubble/Selection/Insertion,0,42
39,100.0000,1.0000,65.0000,29,100,33/33/33_Bubble/Selection/Insertion,0,42
40,100.0000,0.0000,65.0000,28,100,33/33/33_Bubble/Selection/Insertion,0,42
41,100.0000,0.0000,64.0000,28,100,33/33/33_Bubble/Selection/Insertion,0,42
42,100.0000,1.0000,62.0000,24,100,33/33/33_Bubble/Selection/Insertion,0,42
43,100.0000,0.0000,64.0000,27,100,33/33/33_Bubble/Selection/Insertion,0,42
44,100.0000,0.0000,66.0000,29,100,33/33/33_Bubble/Selection/Insertion,0,42
45,100.0000,0.0000,69.0000,24,100,33/33/33_Bubble/Selection/Insertion,0,42
46,100.0000,2.0000,65.0000,22,100,33/33/33_Bubble/Selection/Insertion,0,42
47,100.0000,1.0000,68.0000,27,100,33/33/33_Bubble/Selection/Insertion,0,42
48,100.0000,1.0000,68.0000,24,100,33/33/33_Bubble/Selection/Insertion,0,42
49,100.0000,2.0000,71.0000,24,100,33/33/33_Bubble/Selection/Insertion,0,42
50,100.0000,1.0000,71.0000,18,100,33/33/33_Bubble/Selection/Insertion,0,42
51,100.0000,2.0000,71.0000,24,100,33/33/33_Bubble/Selection/Insertion,0,42
52,100.0000,1.0000,67.0000,22,100,33/33/33_Bubble/Selection/Insertion,0,42
53,100.0000,3.0000,70.0000,18,100,33/33/33_Bubble/Selection/Insertion,0,42
54,100.0000,2.0000,69.0000,18,100,33/33/33_Bubble/Selection/Insertion,0,42
55,100.0000,3.0000,72.0000,19,100,33/33/33_Bubble/Selection/Insertion,0,42
56,100.0000,1.0000,70.0000,19,100,33/33/33_Bubble/Selection/Insertion,0,42
57,100.0000,1.0000,70.0000,20,100,33/33/33_Bubble/Selection/Insertion,0,42
58,100.0000,1.0000,71.0000,20,100,33/33/33_Bubble/Selection/Insertion,0,42
59,100.0000,1.0000,69.0000,19,100,33/33/33_Bubble/Selection/Insertion,0,42
60,100.0000,3.0000,73.0000,24,100,33/33/33_Bubble/Selection/Insertion,0,42
61,100.0000,4.0000,74.0000,17,100,33/33/33_Bubble/Selection/Insertion,0,42
62,100.0000,4.0000,70.0000,22,100,33/33/33_Bubble/Selection/Insertion,0,42
63,100.0000,4.0000,72.0000,22,100,33/33/33_Bubble/Selection/Insertion,0,42
64,100.0000,4.0000,70.0000,16,100,33/33/33_Bubble/Selection/Insertion,0,42
65,100.0000,5.0000,70.0000,22,100,33/33/33_Bubble/Selection/Insertion,0,42
66,100.0000,4.0000,68.0000,23,100,33/33/33_Bubble/Selection/Insertion,0,42
67,100.0000,4.0000,72.0000,21,100,33/33/33_Bubble/Selection/Insertion,0,42
68,100.0000,4.0000,73.0000,21,100,33/33/33_Bubble/Selection/Insertion,0,42
69,100.0000,5.0000,73.0000,23,100,33/33/33_Bubble/Selection/Insertion,0,42
70,100.0000,5.0000,73.0000,17,100,33/33/33_Bubble/Selection/Insertion,0,42
71,100.0000,6.0000,71.0000,18,100,33/33/33_Bubble/Selection/Insertion,0,42
72,100.0000,5.0000,68.0000,23,100,33/33/33_Bubble/Selection/Insertion,0,42
73,100.0000,4.0000,73.0000,23,100,33/33/33_Bubble/Selection/Insertion,0,42
74,100.0000,5.0000,72.0000,20,100,33/33/33_Bubble/Selection/Insertion,0,42
75,100.0000,4.0000,72.0000,18,100,33/33/33_Bubble/Selection/Insertion,0,42
76,100.0000,5.0000,72.0000,24,100,33/33/33_Bubble/Selection/Insertion,0,42
77,100.0000,6.0000,68.0000,26,100,33/33/33_Bubble/Selection/Insertion,0,42
78,100.0000,7.0000,68.0000,23,100,33/33/33_Bubble/Selection/Insertion,0,42
79,100.0000,7.0000,68.0000,25,100,33/33/33_Bubble/Selection/Insertion,0,42
80,100.0000,5.0000,70.0000,25,100,33/33/33_Bubble/Selection/Insertion,0,42
81,100.0000,4.0000,73.0000,20,100,33/33/33_Bubble/Selection/Insertion,0,42
82,100.0000,5.0000,71.0000,20,100,33/33/33_Bubble/Selection/Insertion,0,42
83,100.0000,7.0000,71.0000,21,100,33/33/33_Bubble/Selection/Insertion,0,42
84,100.0000,5.0000,74.0000,18,100,33/33/33_Bubble/Selection/Insertion,0,42
85,100.0000,4.0000,74.0000,19,100,33/33/33_Bubble/Selection/Insertion,0,42
86,100.0000,5.0000,76.0000,20,100,33/33/33_Bubble/Selection/Insertion,0,42
87,100.0000,9.0000,78.0000,12,100,33/33/33_Bubble/Selection/Insertion,0,42
88,100.0000,8.0000,78.0000,17,100,33/33/33_Bubble/Selection/Insertion,0,42
89,100.0000,8.0000,78.0000,19,100,33/33/33_Bubble/Selection/Insertion,0,42
90,100.0000,9.0000,83.0000,15,100,33/33/33_Bubble/Selection/Insertion,0,42
91,100.0000,11.0000,81.0000,12,100,33/33/33_Bubble/Selection/Insertion,0,42
92,100.0000,11.0000,81.0000,14,100,33/33/33_Bubble/Selection/Insertion,0,42
93,100.0000,10.0000,80.0000,15,100,33/33/33_Bubble/Selection/Insertion,0,42
94,100.0000,11.0000,84.0000,13,100,33/33/33_Bubble/Selection/Insertion,0,42
95,100.0000,11.0000,81.0000,14,100,33/33/33_Bubble/Selection/Insertion,0,42
96,100.0000,10.0000,80.0000,18,100,33/33/33_Bubble/Selection/Insertion,0,42
97,100.0000,10.0000,81.0000,15,100,33/33/33_Bubble/Selection/Insertion,0,42
98,100.0000,10.0000,81.0000,12,100,33/33/33_Bubble/Selection/Insertion,0,42
99,100.0000,11.0000,80.0000,15,100,33/33/33_Bubble/Selection/Insertion,0,42
100,100.0000,13.0000,77.0000,15,100,33/33/33_Bubble/Selection/Insertion,0,42
101,100.0000,15.0000,81.0000,16,100,33/33/33_Bubble/Selection/Insertion,0,42
102,100.0000,17.0000,83.0000,15,100,33/33/33_Bubble/Selection/Insertion,0,42
103,100.0000,22.0000,84.0000,10,100,33/33/33_Bubble/Selection/Insertion,0,42
104,100.0000,24.0000,86.0000,12,100,33/33/33_Bubble/Selection/Insertion,0,42
105,100.0000,32.0000,87.0000,11,100,33/33/33_Bubble/Selection/Insertion,0,42
106,100.0000,42.0000,89.0000,13,100,33/33/33_Bubble/Selection/Insertion,0,42
107,100.0000,51.0000,92.0000,11,100,33/33/33_Bubble/Selection/Insertion,0,42
108,100.0000,56.0000,93.0000,7,100,33/33/33_Bubble/Selection/Insertion,0,42
109,100.0000,59.0000,93.0000,6,100,33/33/33_Bubble/Selection/Insertion,0,42
110,100.0000,62.0000,94.0000,6,100,33/33/33_Bubble/Selection/Insertion,0,42
111,100.0000,63.0000,93.0000,4,100,33/33/33_Bubble/Selection/Insertion,0,42
112,100.0000,65.0000,93.0000,6,100,33/33/33_Bubble/Selection/Insertion,0,42
113,100.0000,68.0000,94.0000,5,100,33/33/33_Bubble/Selection/Insertion,0,42
114,100.0000,73.0000,94.0000,6,100,33/33/33_Bubble/Selection/Insertion,0,42
115,100.0000,74.0000,94.0000,2,100,33/33/33_Bubble/Selection/Insertion,0,42
116,100.0000,77.0000,94.0000,4,100,33/33/33_Bubble/Selection/Insertion,0,42
117,100.0000,87.0000,98.0000,6,100,33/33/33_Bubble/Selection/Insertion,0,42
118,100.0000,89.0000,98.0000,2,100,33/33/33_Bubble/Selection/Insertion,0,42
119,100.0000,92.0000,99.0000,2,100,33/33/33_Bubble/Selection/Insertion,0,42
120,100.0000,93.0000,99.0000,1,100,33/33/33_Bubble/Selection/Insertion,0,42
121,100.0000,94.0000,99.0000,1,100,33/33/33_Bubble/Selection/Insertion,0,42
122,100.0000,95.0000,99.0000,1,100,33/33/33_Bubble/Selection/Insertion,0,42
123,100.0000,96.0000,99.0000,1,100,33/33/33_Bubble/Selection/Insertion,0,42
124,100.0000,97.0000,99.0000,1,100,33/33/33_Bubble/Selection/Insertion,0,42
125,100.0000,98.0000,99.0000,1,100,33/33/33_Bubble/Selection/Insertion,0,42
126,100.0000,100.0000,100.0000,1,100,33/33/33_Bubble/Selection/Insertion,0,42
127,100.0000,100.0000,100.0000,0,100,33/33/33_Bubble/Selection/Insertion,0,42
128,100.0000,100.0000,100.0000,0,100,33/33/33_Bubble/Selection/Insertion,0,42
129,100.0000,100.0000,100.0000,0,100,33/33/33_Bubble/Selection/Insertion,0,42
0,100.0000,1.0000,50.0000,0,100,33/33/33_Bubble/Selection/Insertion,0,123
1,100.0000,1.0000,57.0000,31,100,33/33/33_Bubble/Selection/Insertion,0,123
2,100.0000,0.0000,59.0000,27,100,33/33/33_Bubble/Selection/Insertion,0,123
3,100.0000,1.0000,61.0000,25,100,33/33/33_Bubble/Selection/Insertion,0,123
4,100.0000,0.0000,57.0000,31,100,33/33/33_Bubble/Selection/Insertion,0,123
5,100.0000,0.0000,58.0000,29,100,33/33/33_Bubble/Selection/Insertion,0,123
6,100.0000,2.0000,60.0000,28,100,33/33/33_Bubble/Selection/Insertion,0,123
7,100.0000,0.0000,58.0000,28,100,33/33/33_Bubble/Selection/Insertion,0,123
8,100.0000,1.0000,62.0000,26,100,33/33/33_Bubble/Selection/Insertion,0,123
9,100.0000,0.0000,59.0000,27,100,33/33/33_Bubble/Selection/Insertion,0,123
10,100.0000,0.0000,61.0000,27,100,33/33/33_Bubble/Selection/Insertion,0,123
11,100.0000,3.0000,55.0000,27,100,33/33/33_Bubble/Selection/Insertion,0,123
12,100.0000,3.0000,58.0000,29,100,33/33/33_Bubble/Selection/Insertion,0,123
13,100.0000,0.0000,60.0000,25,100,33/33/33_Bubble/Selection/Insertion,0,123
14,100.0000,0.0000,59.0000,30,100,33/33/33_Bubble/Selection/Insertion,0,123
15,100.0000,1.0000,61.0000,30,100,33/33/33_Bubble/Selection/Insertion,0,123
16,100.0000,0.0000,60.0000,27,100,33/33/33_Bubble/Selection/Insertion,0,123
17,100.0000,0.0000,61.0000,29,100,33/33/33_Bubble/Selection/Insertion,0,123
18,100.0000,0.0000,58.0000,25,100,33/33/33_Bubble/Selection/Insertion,0,123
19,100.0000,0.0000,63.0000,27,100,33/33/33_Bubble/Selection/Insertion,0,123
20,100.0000,0.0000,65.0000,28,100,33/33/33_Bubble/Selection/Insertion,0,123
21,100.0000,0.0000,61.0000,26,100,33/33/33_Bubble/Selection/Insertion,0,123
22,100.0000,0.0000,64.0000,23,100,33/33/33_Bubble/Selection/Insertion,0,123
23,100.0000,0.0000,64.0000,26,100,33/33/33_Bubble/Selection/Insertion,0,123
24,100.0000,0.0000,66.0000,26,100,33/33/33_Bubble/Selection/Insertion,0,123
25,100.0000,0.0000,63.0000,24,100,33/33/33_Bubble/Selection/Insertion,0,123
26,100.0000,0.0000,69.0000,29,100,33/33/33_Bubble/Selection/Insertion,0,123
27,100.0000,0.0000,66.0000,24,100,33/33/33_Bubble/Selection/Insertion,0,123
28,100.0000,0.0000,72.0000,23,100,33/33/33_Bubble/Selection/Insertion,0,123
29,100.0000,0.0000,70.0000,21,100,33/33/33_Bubble/Selection/Insertion,0,123
30,100.0000,1.0000,72.0000,21,100,33/33/33_Bubble/Selection/Insertion,0,123
31,100.0000,0.0000,72.0000,18,100,33/33/33_Bubble/Selection/Insertion,0,123
32,100.0000,0.0000,65.0000,16,100,33/33/33_Bubble/Selection/Insertion,0,123
33,100.0000,0.0000,71.0000,23,100,33/33/33_Bubble/Selection/Insertion,0,123
34,100.0000,1.0000,68.0000,21,100,33/33/33_Bubble/Selection/Insertion,0,123
35,100.0000,2.0000,69.0000,19,100,33/33/33_Bubble/Selection/Insertion,0,123
36,100.0000,0.0000,67.0000,25,100,33/33/33_Bubble/Selection/Insertion,0,123
37,100.0000,0.0000,62.0000,23,100,33/33/33_Bubble/Selection/Insertion,0,123
38,100.0000,0.0000,66.0000,25,100,33/33/33_Bubble/Selection/Insertion,0,123
39,100.0000,0.0000,66.0000,22,100,33/33/33_Bubble/Selection/Insertion,0,123
40,100.0000,1.0000,64.0000,25,100,33/33/33_Bubble/Selection/Insertion,0,123
41,100.0000,0.0000,63.0000,25,100,33/33/33_Bubble/Selection/Insertion,0,123
42,100.0000,1.0000,66.0000,25,100,33/33/33_Bubble/Selection/Insertion,0,123
43,100.0000,1.0000,65.0000,29,100,33/33/33_Bubble/Selection/Insertion,0,123
44,100.0000,2.0000,62.0000,29,100,33/33/33_Bubble/Selection/Insertion,0,123
45,100.0000,1.0000,63.0000,25,100,33/33/33_Bubble/Selection/Insertion,0,123
46,100.0000,0.0000,69.0000,26,100,33/33/33_Bubble/Selection/Insertion,0,123
47,100.0000,0.0000,64.0000,23,100,33/33/33_Bubble/Selection/Insertion,0,123
48,100.0000,0.0000,67.0000,24,100,33/33/33_Bubble/Selection/Insertion,0,123
49,100.0000,2.0000,64.0000,24,100,33/33/33_Bubble/Selection/Insertion,0,123
50,100.0000,3.0000,61.0000,26,100,33/33/33_Bubble/Selection/Insertion,0,123
51,100.0000,2.0000,64.0000,27,100,33/33/33_Bubble/Selection/Insertion,0,123
52,100.0000,3.0000,68.0000,26,100,33/33/33_Bubble/Selection/Insertion,0,123
53,100.0000,1.0000,64.0000,22,100,33/33/33_Bubble/Selection/Insertion,0,123
54,100.0000,1.0000,64.0000,22,100,33/33/33_Bubble/Selection/Insertion,0,123
55,100.0000,3.0000,64.0000,24,100,33/33/33_Bubble/Selection/Insertion,0,123
56,100.0000,3.0000,64.0000,26,100,33/33/33_Bubble/Selection/Insertion,0,123
57,100.0000,4.0000,67.0000,25,100,33/33/33_Bubble/Selection/Insertion,0,123
58,100.0000,2.0000,60.0000,28,100,33/33/33_Bubble/Selection/Insertion,0,123
59,100.0000,1.0000,67.0000,25,100,33/33/33_Bubble/Selection/Insertion,0,123
60,100.0000,2.0000,63.0000,28,100,33/33/33_Bubble/Selection/Insertion,0,123
61,100.0000,4.0000,70.0000,24,100,33/33/33_Bubble/Selection/Insertion,0,123
62,100.0000,2.0000,66.0000,24,100,33/33/33_Bubble/Selection/Insertion,0,123
63,100.0000,3.0000,67.0000,25,100,33/33/33_Bubble/Selection/Insertion,0,123
64,100.0000,5.0000,68.0000,21,100,33/33/33_Bubble/Selection/Insertion,0,123
65,100.0000,3.0000,65.0000,21,100,33/33/33_Bubble/Selection/Insertion,0,123
66,100.0000,1.0000,64.0000,29,100,33/33/33_Bubble/Selection/Insertion,0,123
67,100.0000,2.0000,68.0000,23,100,33/33/33_Bubble/Selection/Insertion,0,123
68,100.0000,2.0000,64.0000,27,100,33/33/33_Bubble/Selection/Insertion,0,123
69,100.0000,3.0000,68.0000,24,100,33/33/33_Bubble/Selection/Insertion,0,123
70,100.0000,3.0000,69.0000,24,100,33/33/33_Bubble/Selection/Insertion,0,123
71,100.0000,1.0000,71.0000,17,100,33/33/33_Bubble/Selection/Insertion,0,123
72,100.0000,1.0000,69.0000,24,100,33/33/33_Bubble/Selection/Insertion,0,123
73,100.0000,1.0000,70.0000,25,100,33/33/33_Bubble/Selection/Insertion,0,123
74,100.0000,2.0000,75.0000,20,100,33/33/33_Bubble/Selection/Insertion,0,123
75,100.0000,4.0000,68.0000,18,100,33/33/33_Bubble/Selection/Insertion,0,123
76,100.0000,2.0000,72.0000,24,100,33/33/33_Bubble/Selection/Insertion,0,123
77,100.0000,1.0000,73.0000,19,100,33/33/33_Bubble/Selection/Insertion,0,123
78,100.0000,1.0000,70.0000,20,100,33/33/33_Bubble/Selection/Insertion,0,123
79,100.0000,1.0000,72.0000,18,100,33/33/33_Bubble/Selection/Insertion,0,123
80,100.0000,2.0000,73.0000,19,100,33/33/33_Bubble/Selection/Insertion,0,123
81,100.0000,2.0000,72.0000,19,100,33/33/33_Bubble/Selection/Insertion,0,123
82,100.0000,2.0000,74.0000,23,100,33/33/33_Bubble/Selection/Insertion,0,123
83,100.0000,3.0000,74.0000,20,100,33/33/33_Bubble/Selection/Insertion,0,123
84,100.0000,4.0000,73.0000,20,100,33/33/33_Bubble/Selection/Insertion,0,123
85,100.0000,3.0000,73.0000,17,100,33/33/33_Bubble/Selection/Insertion,0,123
86,100.0000,2.0000,72.0000,20,100,33/33/33_Bubble/Selection/Insertion,0,123
87,100.0000,2.0000,77.0000,19,100,33/33/33_Bubble/Selection/Insertion,0,123
88,100.0000,2.0000,76.0000,14,100,33/33/33_Bubble/Selection/Insertion,0,123
89,100.0000,3.0000,74.0000,17,100,33/33/33_Bubble/Selection/Insertion,0,123
90,100.0000,2.0000,73.0000,15,100,33/33/33_Bubble/Selection/Insertion,0,123
91,100.0000,3.0000,74.0000,19,100,33/33/33_Bubble/Selection/Insertion,0,123
92,100.0000,2.0000,74.0000,19,100,33/33/33_Bubble/Selection/Insertion,0,123
93,100.0000,4.0000,74.0000,18,100,33/33/33_Bubble/Selection/Insertion,0,123
94,100.0000,5.0000,75.0000,16,100,33/33/33_Bubble/Selection/Insertion,0,123
95,100.0000,6.0000,74.0000,20,100,33/33/33_Bubble/Selection/Insertion,0,123
96,100.0000,4.0000,79.0000,17,100,33/33/33_Bubble/Selection/Insertion,0,123
97,100.0000,5.0000,76.0000,16,100,33/33/33_Bubble/Selection/Insertion,0,123
98,100.0000,5.0000,79.0000,15,100,33/33/33_Bubble/Selection/Insertion,0,123
99,100.0000,6.0000,76.0000,15,100,33/33/33_Bubble/Selection/Insertion,0,123
100,100.0000,6.0000,75.0000,17,100,33/33/33_Bubble/Selection/Insertion,0,123
101,100.0000,9.0000,78.0000,15,100,33/33/33_Bubble/Selection/Insertion,0,123
102,100.0000,14.0000,78.0000,15,100,33/33/33_Bubble/Selection/Insertion,0,123
103,100.0000,17.0000,83.0000,17,100,33/33/33_Bubble/Selection/Insertion,0,123
104,100.0000,23.0000,85.0000,13,100,33/33/33_Bubble/Selection/Insertion,0,123
105,100.0000,26.0000,85.0000,9,100,33/33/33_Bubble/Selection/Insertion,0,123
106,100.0000,32.0000,89.0000,12,100,33/33/33_Bubble/Selection/Insertion,0,123
107,100.0000,35.0000,89.0000,9,100,33/33/33_Bubble/Selection/Insertion,0,123
108,100.0000,39.0000,89.0000,7,100,33/33/33_Bubble/Selection/Insertion,0,123
109,100.0000,42.0000,90.0000,9,100,33/33/33_Bubble/Selection/Insertion,0,123
110,100.0000,46.0000,90.0000,7,100,33/33/33_Bubble/Selection/Insertion,0,123
111,100.0000,47.0000,93.0000,8,100,33/33/33_Bubble/Selection/Insertion,0,123
112,100.0000,48.0000,91.0000,5,100,33/33/33_Bubble/Selection/Insertion,0,123
113,100.0000,52.0000,92.0000,8,100,33/33/33_Bubble/Selection/Insertion,0,123
114,100.0000,54.0000,92.0000,8,100,33/33/33_Bubble/Selection/Insertion,0,123
115,100.0000,58.0000,93.0000,6,100,33/33/33_Bubble/Selection/Insertion,0,123
116,100.0000,62.0000,93.0000,5,100,33/33/33_Bubble/Selection/Insertion,0,123
117,100.0000,65.0000,92.0000,5,100,33/33/33_Bubble/Selection/Insertion,0,123
118,100.0000,70.0000,94.0000,5,100,33/33/33_Bubble/Selection/Insertion,0,123
119,100.0000,73.0000,94.0000,5,100,33/33/33_Bubble/Selection/Insertion,0,123
120,100.0000,74.0000,94.0000,3,100,33/33/33_Bubble/Selection/Insertion,0,123
121,100.0000,74.0000,94.0000,2,100,33/33/33_Bubble/Selection/Insertion,0,123
122,100.0000,78.0000,95.0000,5,100,33/33/33_Bubble/Selection/Insertion,0,123
123,100.0000,79.0000,95.0000,3,100,33/33/33_Bubble/Selection/Insertion,0,123
124,100.0000,82.0000,95.0000,4,100,33/33/33_Bubble/Selection/Insertion,0,123
125,100.0000,86.0000,97.0000,4,100,33/33/33_Bubble/Selection/Insertion,0,123
126,100.0000,88.0000,98.0000,2,100,33/33/33_Bubble/Selection/Insertion,0,123
127,100.0000,89.0000,98.0000,1,100,33/33/33_Bubble/Selection/Insertion,0,123
128,100.0000,90.0000,98.0000,1,100,33/33/33_Bubble/Selection/Insertion,0,123
129,100.0000,92.0000,99.0000,1,100,33/33/33_Bubble/Selection/Insertion,0,123
130,100.0000,92.0000,99.0000,0,100,33/33/33_Bubble/Selection/Insertion,0,123
131,100.0000,93.0000,99.0000,1,100,33/33/33_Bubble/Selection/Insertion,0,123
132,100.0000,94.0000,99.0000,1,100,33/33/33_Bubble/Selection/Insertion,0,123
133,100.0000,95.0000,99.0000,1,100,33/33/33_Bubble/Selection/Insertion,0,123
134,100.0000,96.0000,99.0000,1,100,33/33/33_Bubble/Selection/Insertion,0,123
135,100.0000,97.0000,99.0000,1,100,33/33/33_Bubble/Selection/Insertion,0,123
136,100.0000,97.0000,99.0000,0,100,33/33/33_Bubble/Selection/Insertion,0,123
137,100.0000,98.0000,99.0000,1,100,33/33/33_Bubble/Selection/Insertion,0,123
138,100.0000,98.0000,99.0000,0,100,33/33/33_Bubble/Selection/Insertion,0,123
139,100.0000,98.0000,99.0000,0,100,33/33/33_Bubble/Selection/Insertion,0,123
140,100.0000,100.0000,100.0000,1,100,33/33/33_Bubble/Selection/Insertion,0,123
141,100.0000,100.0000,100.0000,0,100,33/33/33_Bubble/Selection/Insertion,0,123
142,100.0000,100.0000,100.0000,0,100,33/33/33_Bubble/Selection/Insertion,0,123
143,100.0000,100.0000,100.0000,0,100,33/33/33_Bubble/Selection/Insertion,0,123
0,100.0000,0.0000,48.0000,0,100,33/33/33_Bubble/Selection/Insertion,0,789
1,100.0000,1.0000,55.0000,35,100,33/33/33_Bubble/Selection/Insertion,0,789
2,100.0000,1.0000,60.0000,29,100,33/33/33_Bubble/Selection/Insertion,0,789
3,100.0000,1.0000,62.0000,25,100,33/33/33_Bubble/Selection/Insertion,0,789
4,100.0000,1.0000,56.0000,28,100,33/33/33_Bubble/Selection/Insertion,0,789
5,100.0000,2.0000,62.0000,29,100,33/33/33_Bubble/Selection/Insertion,0,789
6,100.0000,2.0000,60.0000,28,100,33/33/33_Bubble/Selection/Insertion,0,789
7,100.0000,3.0000,58.0000,28,100,33/33/33_Bubble/Selection/Insertion,0,789
8,100.0000,2.0000,60.0000,32,100,33/33/33_Bubble/Selection/Insertion,0,789
9,100.0000,1.0000,60.0000,29,100,33/33/33_Bubble/Selection/Insertion,0,789
10,100.0000,0.0000,61.0000,27,100,33/33/33_Bubble/Selection/Insertion,0,789
11,100.0000,1.0000,62.0000,27,100,33/33/33_Bubble/Selection/Insertion,0,789
12,100.0000,1.0000,57.0000,30,100,33/33/33_Bubble/Selection/Insertion,0,789
13,100.0000,0.0000,61.0000,32,100,33/33/33_Bubble/Selection/Insertion,0,789
14,100.0000,0.0000,58.0000,28,100,33/33/33_Bubble/Selection/Insertion,0,789
15,100.0000,0.0000,58.0000,27,100,33/33/33_Bubble/Selection/Insertion,0,789
16,100.0000,2.0000,58.0000,29,100,33/33/33_Bubble/Selection/Insertion,0,789
17,100.0000,0.0000,59.0000,27,100,33/33/33_Bubble/Selection/Insertion,0,789
18,100.0000,0.0000,57.0000,28,100,33/33/33_Bubble/Selection/Insertion,0,789
19,100.0000,2.0000,62.0000,28,100,33/33/33_Bubble/Selection/Insertion,0,789
20,100.0000,1.0000,64.0000,25,100,33/33/33_Bubble/Selection/Insertion,0,789
21,100.0000,1.0000,59.0000,25,100,33/33/33_Bubble/Selection/Insertion,0,789
22,100.0000,2.0000,60.0000,28,100,33/33/33_Bubble/Selection/Insertion,0,789
23,100.0000,1.0000,61.0000,27,100,33/33/33_Bubble/Selection/Insertion,0,789
24,100.0000,3.0000,63.0000,23,100,33/33/33_Bubble/Selection/Insertion,0,789
25,100.0000,4.0000,61.0000,24,100,33/33/33_Bubble/Selection/Insertion,0,789
26,100.0000,5.0000,60.0000,27,100,33/33/33_Bubble/Selection/Insertion,0,789
27,100.0000,3.0000,62.0000,25,100,33/33/33_Bubble/Selection/Insertion,0,789
28,100.0000,1.0000,66.0000,24,100,33/33/33_Bubble/Selection/Insertion,0,789
29,100.0000,1.0000,64.0000,27,100,33/33/33_Bubble/Selection/Insertion,0,789
30,100.0000,1.0000,64.0000,20,100,33/33/33_Bubble/Selection/Insertion,0,789
31,100.0000,1.0000,64.0000,24,100,33/33/33_Bubble/Selection/Insertion,0,789
32,100.0000,1.0000,56.0000,27,100,33/33/33_Bubble/Selection/Insertion,0,789
33,100.0000,2.0000,65.0000,27,100,33/33/33_Bubble/Selection/Insertion,0,789
34,100.0000,2.0000,61.0000,28,100,33/33/33_Bubble/Selection/Insertion,0,789
35,100.0000,2.0000,65.0000,21,100,33/33/33_Bubble/Selection/Insertion,0,789
36,100.0000,3.0000,60.0000,27,100,33/33/33_Bubble/Selection/Insertion,0,789
37,100.0000,2.0000,65.0000,28,100,33/33/33_Bubble/Selection/Insertion,0,789
38,100.0000,2.0000,63.0000,24,100,33/33/33_Bubble/Selection/Insertion,0,789
39,100.0000,1.0000,65.0000,27,100,33/33/33_Bubble/Selection/Insertion,0,789
40,100.0000,1.0000,61.0000,24,100,33/33/33_Bubble/Selection/Insertion,0,789
41,100.0000,1.0000,69.0000,25,100,33/33/33_Bubble/Selection/Insertion,0,789
42,100.0000,1.0000,67.0000,22,100,33/33/33_Bubble/Selection/Insertion,0,789
43,100.0000,1.0000,68.0000,24,100,33/33/33_Bubble/Selection/Insertion,0,789
44,100.0000,2.0000,66.0000,23,100,33/33/33_Bubble/Selection/Insertion,0,789
45,100.0000,3.0000,66.0000,25,100,33/33/33_Bubble/Selection/Insertion,0,789
46,100.0000,2.0000,68.0000,29,100,33/33/33_Bubble/Selection/Insertion,0,789
47,100.0000,2.0000,67.0000,25,100,33/33/33_Bubble/Selection/Insertion,0,789
48,100.0000,2.0000,66.0000,25,100,33/33/33_Bubble/Selection/Insertion,0,789
49,100.0000,3.0000,65.0000,24,100,33/33/33_Bubble/Selection/Insertion,0,789
50,100.0000,1.0000,69.0000,24,100,33/33/33_Bubble/Selection/Insertion,0,789
51,100.0000,4.0000,63.0000,26,100,33/33/33_Bubble/Selection/Insertion,0,789
52,100.0000,1.0000,71.0000,26,100,33/33/33_Bubble/Selection/Insertion,0,789
53,100.0000,3.0000,71.0000,21,100,33/33/33_Bubble/Selection/Insertion,0,789
54,100.0000,2.0000,70.0000,22,100,33/33/33_Bubble/Selection/Insertion,0,789
55,100.0000,4.0000,72.0000,20,100,33/33/33_Bubble/Selection/Insertion,0,789
56,100.0000,2.0000,71.0000,22,100,33/33/33_Bubble/Selection/Insertion,0,789
57,100.0000,3.0000,74.0000,20,100,33/33/33_Bubble/Selection/Insertion,0,789
58,100.0000,2.0000,77.0000,18,100,33/33/33_Bubble/Selection/Insertion,0,789
59,100.0000,3.0000,72.0000,22,100,33/33/33_Bubble/Selection/Insertion,0,789
60,100.0000,3.0000,73.0000,23,100,33/33/33_Bubble/Selection/Insertion,0,789
61,100.0000,3.0000,71.0000,23,100,33/33/33_Bubble/Selection/Insertion,0,789
62,100.0000,2.0000,75.0000,23,100,33/33/33_Bubble/Selection/Insertion,0,789
63,100.0000,2.0000,74.0000,17,100,33/33/33_Bubble/Selection/Insertion,0,789
64,100.0000,2.0000,74.0000,19,100,33/33/33_Bubble/Selection/Insertion,0,789
65,100.0000,3.0000,75.0000,18,100,33/33/33_Bubble/Selection/Insertion,0,789
66,100.0000,5.0000,74.0000,20,100,33/33/33_Bubble/Selection/Insertion,0,789
67,100.0000,5.0000,72.0000,23,100,33/33/33_Bubble/Selection/Insertion,0,789
68,100.0000,6.0000,77.0000,19,100,33/33/33_Bubble/Selection/Insertion,0,789
69,100.0000,7.0000,76.0000,18,100,33/33/33_Bubble/Selection/Insertion,0,789
70,100.0000,6.0000,77.0000,19,100,33/33/33_Bubble/Selection/Insertion,0,789
71,100.0000,7.0000,76.0000,17,100,33/33/33_Bubble/Selection/Insertion,0,789
72,100.0000,9.0000,78.0000,16,100,33/33/33_Bubble/Selection/Insertion,0,789
73,100.0000,8.0000,77.0000,17,100,33/33/33_Bubble/Selection/Insertion,0,789
74,100.0000,10.0000,78.0000,19,100,33/33/33_Bubble/Selection/Insertion,0,789
75,100.0000,10.0000,79.0000,16,100,33/33/33_Bubble/Selection/Insertion,0,789
76,100.0000,10.0000,78.0000,18,100,33/33/33_Bubble/Selection/Insertion,0,789
77,100.0000,11.0000,76.0000,20,100,33/33/33_Bubble/Selection/Insertion,0,789
78,100.0000,11.0000,78.0000,17,100,33/33/33_Bubble/Selection/Insertion,0,789
79,100.0000,12.0000,77.0000,15,100,33/33/33_Bubble/Selection/Insertion,0,789
80,100.0000,11.0000,77.0000,15,100,33/33/33_Bubble/Selection/Insertion,0,789
81,100.0000,12.0000,79.0000,19,100,33/33/33_Bubble/Selection/Insertion,0,789
82,100.0000,11.0000,78.0000,15,100,33/33/33_Bubble/Selection/Insertion,0,789
83,100.0000,10.0000,77.0000,16,100,33/33/33_Bubble/Selection/Insertion,0,789
84,100.0000,12.0000,80.0000,17,100,33/33/33_Bubble/Selection/Insertion,0,789
85,100.0000,11.0000,80.0000,14,100,33/33/33_Bubble/Selection/Insertion,0,789
86,100.0000,10.0000,79.0000,16,100,33/33/33_Bubble/Selection/Insertion,0,789
87,100.0000,11.0000,79.0000,16,100,33/33/33_Bubble/Selection/Insertion,0,789
88,100.0000,12.0000,79.0000,15,100,33/33/33_Bubble/Selection/Insertion,0,789
89,100.0000,11.0000,80.0000,16,100,33/33/33_Bubble/Selection/Insertion,0,789
90,100.0000,10.0000,80.0000,14,100,33/33/33_Bubble/Selection/Insertion,0,789
91,100.0000,10.0000,78.0000,17,100,33/33/33_Bubble/Selection/Insertion,0,789
92,100.0000,10.0000,81.0000,18,100,33/33/33_Bubble/Selection/Insertion,0,789
93,100.0000,12.0000,82.0000,14,100,33/33/33_Bubble/Selection/Insertion,0,789
94,100.0000,10.0000,81.0000,13,100,33/33/33_Bubble/Selection/Insertion,0,789
95,100.0000,12.0000,78.0000,18,100,33/33/33_Bubble/Selection/Insertion,0,789
96,100.0000,16.0000,79.0000,18,100,33/33/33_Bubble/Selection/Insertion,0,789
97,100.0000,20.0000,81.0000,13,100,33/33/33_Bubble/Selection/Insertion,0,789
98,100.0000,23.0000,80.0000,16,100,33/33/33_Bubble/Selection/Insertion,0,789
99,100.0000,30.0000,84.0000,16,100,33/33/33_Bubble/Selection/Insertion,0,789
100,100.0000,32.0000,84.0000,13,100,33/33/33_Bubble/Selection/Insertion,0,789
101,100.0000,34.0000,84.0000,13,100,33/33/33_Bubble/Selection/Insertion,0,789
102,100.0000,38.0000,84.0000,13,100,33/33/33_Bubble/Selection/Insertion,0,789
103,100.0000,45.0000,86.0000,13,100,33/33/33_Bubble/Selection/Insertion,0,789
104,100.0000,52.0000,88.0000,11,100,33/33/33_Bubble/Selection/Insertion,0,789
105,100.0000,59.0000,90.0000,8,100,33/33/33_Bubble/Selection/Insertion,0,789
106,100.0000,65.0000,91.0000,7,100,33/33/33_Bubble/Selection/Insertion,0,789
107,100.0000,71.0000,93.0000,6,100,33/33/33_Bubble/Selection/Insertion,0,789
108,100.0000,79.0000,96.0000,6,100,33/33/33_Bubble/Selection/Insertion,0,789
109,100.0000,80.0000,98.0000,2,100,33/33/33_Bubble/Selection/Insertion,0,789
110,100.0000,80.0000,98.0000,1,100,33/33/33_Bubble/Selection/Insertion,0,789
111,100.0000,80.0000,98.0000,0,100,33/33/33_Bubble/Selection/Insertion,0,789
112,100.0000,81.0000,98.0000,2,100,33/33/33_Bubble/Selection/Insertion,0,789
113,100.0000,81.0000,98.0000,1,100,33/33/33_Bubble/Selection/Insertion,0,789
114,100.0000,82.0000,98.0000,2,100,33/33/33_Bubble/Selection/Insertion,0,789
115,100.0000,83.0000,98.0000,2,100,33/33/33_Bubble/Selection/Insertion,0,789
116,100.0000,83.0000,98.0000,1,100,33/33/33_Bubble/Selection/Insertion,0,789
117,100.0000,83.0000,98.0000,0,100,33/33/33_Bubble/Selection/Insertion,0,789
118,100.0000,84.0000,98.0000,1,100,33/33/33_Bubble/Selection/Insertion,0,789
119,100.0000,86.0000,98.0000,2,100,33/33/33_Bubble/Selection/Insertion,0,789
120,100.0000,88.0000,98.0000,2,100,33/33/33_Bubble/Selection/Insertion,0,789
121,100.0000,89.0000,98.0000,1,100,33/33/33_Bubble/Selection/Insertion,0,789
122,100.0000,91.0000,98.0000,2,100,33/33/33_Bubble/Selection/Insertion,0,789
123,100.0000,94.0000,99.0000,2,100,33/33/33_Bubble/Selection/Insertion,0,789
124,100.0000,94.0000,99.0000,0,100,33/33/33_Bubble/Selection/Insertion,0,789
125,100.0000,94.0000,99.0000,0,100,33/33/33_Bubble/Selection/Insertion,0,789
126,100.0000,94.0000,99.0000,0,100,33/33/33_Bubble/Selection/Insertion,0,789
0,100.0000,1.0000,47.0000,0,100,33/33/33_Bubble/Selection/Insertion,1,42
1,100.0000,0.0000,59.0000,30,100,33/33/33_Bubble/Selection/Insertion,1,42
2,100.0000,0.0000,50.0000,30,100,33/33/33_Bubble/Selection/Insertion,1,42
3,100.0000,1.0000,56.0000,28,100,33/33/33_Bubble/Selection/Insertion,1,42
4,100.0000,0.0000,55.0000,26,100,33/33/33_Bubble/Selection/Insertion,1,42
5,100.0000,1.0000,57.0000,30,100,33/33/33_Bubble/Selection/Insertion,1,42
6,100.0000,1.0000,60.0000,28,100,33/33/33_Bubble/Selection/Insertion,1,42
7,100.0000,0.0000,60.0000,31,100,33/33/33_Bubble/Selection/Insertion,1,42
8,100.0000,0.0000,57.0000,24,100,33/33/33_Bubble/Selection/Insertion,1,42
9,100.0000,0.0000,60.0000,29,100,33/33/33_Bubble/Selection/Insertion,1,42
10,100.0000,0.0000,59.0000,26,100,33/33/33_Bubble/Selection/Insertion,1,42
11,100.0000,0.0000,59.0000,29,100,33/33/33_Bubble/Selection/Insertion,1,42
12,100.0000,0.0000,58.0000,30,100,33/33/33_Bubble/Selection/Insertion,1,42
13,100.0000,2.0000,61.0000,33,100,33/33/33_Bubble/Selection/Insertion,1,42
14,100.0000,1.0000,58.0000,26,100,33/33/33_Bubble/Selection/Insertion,1,42
15,100.0000,0.0000,61.0000,25,100,33/33/33_Bubble/Selection/Insertion,1,42
16,100.0000,1.0000,65.0000,26,100,33/33/33_Bubble/Selection/Insertion,1,42
17,100.0000,0.0000,63.0000,21,100,33/33/33_Bubble/Selection/Insertion,1,42
18,100.0000,0.0000,60.0000,27,100,33/33/33_Bubble/Selection/Insertion,1,42
19,100.0000,3.0000,60.0000,29,100,33/33/33_Bubble/Selection/Insertion,1,42
20,100.0000,4.0000,64.0000,26,100,33/33/33_Bubble/Selection/Insertion,1,42
21,100.0000,2.0000,61.0000,22,100,33/33/33_Bubble/Selection/Insertion,1,42
22,100.0000,1.0000,61.0000,26,100,33/33/33_Bubble/Selection/Insertion,1,42
23,100.0000,1.0000,62.0000,26,100,33/33/33_Bubble/Selection/Insertion,1,42
24,100.0000,0.0000,61.0000,24,100,33/33/33_Bubble/Selection/Insertion,1,42
25,100.0000,0.0000,64.0000,24,100,33/33/33_Bubble/Selection/Insertion,1,42
26,100.0000,0.0000,60.0000,25,100,33/33/33_Bubble/Selection/Insertion,1,42
27,100.0000,0.0000,66.0000,30,100,33/33/33_Bubble/Selection/Insertion,1,42
28,100.0000,0.0000,63.0000,27,100,33/33/33_Bubble/Selection/Insertion,1,42
29,100.0000,0.0000,60.0000,27,100,33/33/33_Bubble/Selection/Insertion,1,42
30,100.0000,0.0000,61.0000,31,100,33/33/33_Bubble/Selection/Insertion,1,42
31,100.0000,0.0000,63.0000,33,100,33/33/33_Bubble/Selection/Insertion,1,42
32,100.0000,1.0000,67.0000,22,100,33/33/33_Bubble/Selection/Insertion,1,42
33,100.0000,1.0000,67.0000,22,100,33/33/33_Bubble/Selection/Insertion,1,42
34,100.0000,0.0000,69.0000,25,100,33/33/33_Bubble/Selection/Insertion,1,42
35,100.0000,0.0000,71.0000,19,100,33/33/33_Bubble/Selection/Insertion,1,42
36,100.0000,0.0000,70.0000,18,100,33/33/33_Bubble/Selection/Insertion,1,42
37,100.0000,1.0000,67.0000,21,100,33/33/33_Bubble/Selection/Insertion,1,42
38,100.0000,0.0000,71.0000,22,100,33/33/33_Bubble/Selection/Insertion,1,42
39,100.0000,0.0000,69.0000,22,100,33/33/33_Bubble/Selection/Insertion,1,42
40,100.0000,0.0000,68.0000,18,100,33/33/33_Bubble/Selection/Insertion,1,42
41,100.0000,2.0000,66.0000,21,100,33/33/33_Bubble/Selection/Insertion,1,42
42,100.0000,0.0000,68.0000,19,100,33/33/33_Bubble/Selection/Insertion,1,42
43,100.0000,0.0000,70.0000,22,100,33/33/33_Bubble/Selection/Insertion,1,42
44,100.0000,1.0000,65.0000,24,100,33/33/33_Bubble/Selection/Insertion,1,42
45,100.0000,1.0000,66.0000,25,100,33/33/33_Bubble/Selection/Insertion,1,42
46,100.0000,0.0000,63.0000,26,100,33/33/33_Bubble/Selection/Insertion,1,42
47,100.0000,0.0000,63.0000,29,100,33/33/33_Bubble/Selection/Insertion,1,42
48,100.0000,0.0000,65.0000,25,100,33/33/33_Bubble/Selection/Insertion,1,42
49,100.0000,1.0000,65.0000,24,100,33/33/33_Bubble/Selection/Insertion,1,42
50,100.0000,0.0000,68.0000,26,100,33/33/33_Bubble/Selection/Insertion,1,42
51,100.0000,0.0000,68.0000,23,100,33/33/33_Bubble/Selection/Insertion,1,42
52,100.0000,0.0000,66.0000,24,100,33/33/33_Bubble/Selection/Insertion,1,42
53,100.0000,1.0000,71.0000,25,100,33/33/33_Bubble/Selection/Insertion,1,42
54,100.0000,1.0000,69.0000,21,100,33/33/33_Bubble/Selection/Insertion,1,42
55,100.0000,2.0000,74.0000,17,100,33/33/33_Bubble/Selection/Insertion,1,42
56,100.0000,2.0000,68.0000,20,100,33/33/33_Bubble/Selection/Insertion,1,42
57,100.0000,3.0000,72.0000,22,100,33/33/33_Bubble/Selection/Insertion,1,42
58,100.0000,2.0000,69.0000,18,100,33/33/33_Bubble/Selection/Insertion,1,42
59,100.0000,2.0000,67.0000,20,100,33/33/33_Bubble/Selection/Insertion,1,42
60,100.0000,3.0000,71.0000,25,100,33/33/33_Bubble/Selection/Insertion,1,42
61,100.0000,2.0000,65.0000,21,100,33/33/33_Bubble/Selection/Insertion,1,42
62,100.0000,1.0000,72.0000,26,100,33/33/33_Bubble/Selection/Insertion,1,42
63,100.0000,1.0000,70.0000,23,100,33/33/33_Bubble/Selection/Insertion,1,42
64,100.0000,1.0000,74.0000,22,100,33/33/33_Bubble/Selection/Insertion,1,42
65,100.0000,1.0000,70.0000,19,100,33/33/33_Bubble/Selection/Insertion,1,42
66,100.0000,1.0000,71.0000,22,100,33/33/33_Bubble/Selection/Insertion,1,42
67,100.0000,1.0000,72.0000,21,100,33/33/33_Bubble/Selection/Insertion,1,42
68,100.0000,1.0000,70.0000,19,100,33/33/33_Bubble/Selection/Insertion,1,42
69,100.0000,1.0000,68.0000,23,100,33/33/33_Bubble/Selection/Insertion,1,42
70,100.0000,1.0000,70.0000,21,100,33/33/33_Bubble/Selection/Insertion,1,42
71,100.0000,1.0000,71.0000,21,100,33/33/33_Bubble/Selection/Insertion,1,42
72,100.0000,1.0000,68.0000,24,100,33/33/33_Bubble/Selection/Insertion,1,42
73,100.0000,2.0000,71.0000,22,100,33/33/33_Bubble/Selection/Insertion,1,42
74,100.0000,4.0000,69.0000,18,100,33/33/33_Bubble/Selection/Insertion,1,42
75,100.0000,3.0000,71.0000,19,100,33/33/33_Bubble/Selection/Insertion,1,42
76,100.0000,1.0000,70.0000,23,100,33/33/33_Bubble/Selection/Insertion,1,42
77,100.0000,5.0000,66.0000,23,100,33/33/33_Bubble/Selection/Insertion,1,42
78,100.0000,7.0000,67.0000,27,100,33/33/33_Bubble/Selection/Insertion,1,42
79,100.0000,5.0000,69.0000,27,100,33/33/33_Bubble/Selection/Insertion,1,42
80,100.0000,6.0000,67.0000,24,100,33/33/33_Bubble/Selection/Insertion,1,42
81,100.0000,4.0000,71.0000,24,100,33/33/33_Bubble/Selection/Insertion,1,42
82,100.0000,4.0000,71.0000,21,100,33/33/33_Bubble/Selection/Insertion,1,42
83,100.0000,8.0000,78.0000,19,100,33/33/33_Bubble/Selection/Insertion,1,42
84,100.0000,8.0000,77.0000,12,100,33/33/33_Bubble/Selection/Insertion,1,42
85,100.0000,8.0000,75.0000,15,100,33/33/33_Bubble/Selection/Insertion,1,42
86,100.0000,8.0000,81.0000,15,100,33/33/33_Bubble/Selection/Insertion,1,42
87,100.0000,8.0000,76.0000,15,100,33/33/33_Bubble/Selection/Insertion,1,42
88,100.0000,11.0000,77.0000,16,100,33/33/33_Bubble/Selection/Insertion,1,42
89,100.0000,10.0000,75.0000,20,100,33/33/33_Bubble/Selection/Insertion,1,42
90,100.0000,8.0000,74.0000,20,100,33/33/33_Bubble/Selection/Insertion,1,42
91,100.0000,9.0000,75.0000,22,100,33/33/33_Bubble/Selection/Insertion,1,42
92,100.0000,10.0000,76.0000,23,100,33/33/33_Bubble/Selection/Insertion,1,42
93,100.0000,12.0000,79.0000,17,100,33/33/33_Bubble/Selection/Insertion,1,42
94,100.0000,11.0000,75.0000,18,100,33/33/33_Bubble/Selection/Insertion,1,42
95,100.0000,10.0000,80.0000,18,100,33/33/33_Bubble/Selection/Insertion,1,42
96,100.0000,12.0000,77.0000,15,100,33/33/33_Bubble/Selection/Insertion,1,42
97,100.0000,12.0000,77.0000,16,100,33/33/33_Bubble/Selection/Insertion,1,42
98,100.0000,12.0000,80.0000,16,100,33/33/33_Bubble/Selection/Insertion,1,42
99,100.0000,17.0000,85.0000,20,100,33/33/33_Bubble/Selection/Insertion,1,42
100,100.0000,22.0000,88.0000,12,100,33/33/33_Bubble/Selection/Insertion,1,42
101,100.0000,24.0000,89.0000,8,100,33/33/33_Bubble/Selection/Insertion,1,42
102,100.0000,25.0000,91.0000,6,100,33/33/33_Bubble/Selection/Insertion,1,42
103,100.0000,26.0000,89.0000,8,100,33/33/33_Bubble/Selection/Insertion,1,42
104,100.0000,27.0000,88.0000,7,100,33/33/33_Bubble/Selection/Insertion,1,42
105,100.0000,30.0000,88.0000,9,100,33/33/33_Bubble/Selection/Insertion,1,42
106,100.0000,35.0000,89.0000,9,100,33/33/33_Bubble/Selection/Insertion,1,42
107,100.0000,35.0000,90.0000,7,100,33/33/33_Bubble/Selection/Insertion,1,42
108,100.0000,37.0000,90.0000,5,100,33/33/33_Bubble/Selection/Insertion,1,42
109,100.0000,40.0000,89.0000,9,100,33/33/33_Bubble/Selection/Insertion,1,42
110,100.0000,44.0000,90.0000,8,100,33/33/33_Bubble/Selection/Insertion,1,42
111,100.0000,48.0000,90.0000,9,100,33/33/33_Bubble/Selection/Insertion,1,42
112,100.0000,52.0000,90.0000,8,100,33/33/33_Bubble/Selection/Insertion,1,42
113,100.0000,58.0000,92.0000,7,100,33/33/33_Bubble/Selection/Insertion,1,42
114,100.0000,62.0000,93.0000,5,100,33/33/33_Bubble/Selection/Insertion,1,42
115,100.0000,65.0000,94.0000,5,100,33/33/33_Bubble/Selection/Insertion,1,42
116,100.0000,66.0000,94.0000,3,100,33/33/33_Bubble/Selection/Insertion,1,42
117,100.0000,68.0000,94.0000,3,100,33/33/33_Bubble/Selection/Insertion,1,42
118,100.0000,73.0000,96.0000,6,100,33/33/33_Bubble/Selection/Insertion,1,42
119,100.0000,73.0000,95.0000,4,100,33/33/33_Bubble/Selection/Insertion,1,42
120,100.0000,74.0000,96.0000,4,100,33/33/33_Bubble/Selection/Insertion,1,42
121,100.0000,74.0000,96.0000,3,100,33/33/33_Bubble/Selection/Insertion,1,42
122,100.0000,74.0000,95.0000,3,100,33/33/33_Bubble/Selection/Insertion,1,42
123,100.0000,75.0000,96.0000,3,100,33/33/33_Bubble/Selection/Insertion,1,42
124,100.0000,75.0000,96.0000,3,100,33/33/33_Bubble/Selection/Insertion,1,42
125,100.0000,75.0000,95.0000,3,100,33/33/33_Bubble/Selection/Insertion,1,42
126,100.0000,77.0000,95.0000,5,100,33/33/33_Bubble/Selection/Insertion,1,42
127,100.0000,79.0000,96.0000,3,100,33/33/33_Bubble/Selection/Insertion,1,42
128,100.0000,83.0000,96.0000,4,100,33/33/33_Bubble/Selection/Insertion,1,42
129,100.0000,87.0000,97.0000,4,100,33/33/33_Bubble/Selection/Insertion,1,42
130,100.0000,91.0000,99.0000,2,100,33/33/33_Bubble/Selection/Insertion,1,42
131,100.0000,92.0000,99.0000,1,100,33/33/33_Bubble/Selection/Insertion,1,42
132,100.0000,93.0000,99.0000,1,100,33/33/33_Bubble/Selection/Insertion,1,42
133,100.0000,94.0000,99.0000,1,100,33/33/33_Bubble/Selection/Insertion,1,42
134,100.0000,95.0000,99.0000,1,100,33/33/33_Bubble/Selection/Insertion,1,42
135,100.0000,96.0000,99.0000,1,100,33/33/33_Bubble/Selection/Insertion,1,42
136,100.0000,97.0000,99.0000,1,100,33/33/33_Bubble/Selection/Insertion,1,42
137,100.0000,97.0000,99.0000,0,100,33/33/33_Bubble/Selection/Insertion,1,42
138,100.0000,98.0000,99.0000,1,100,33/33/33_Bubble/Selection/Insertion,1,42
139,100.0000,100.0000,100.0000,1,100,33/33/33_Bubble/Selection/Insertion,1,42
140,100.0000,100.0000,100.0000,0,100,33/33/33_Bubble/Selection/Insertion,1,42
141,100.0000,100.0000,100.0000,0,100,33/33/33_Bubble/Selection/Insertion,1,42
142,100.0000,100.0000,100.0000,0,100,33/33/33_Bubble/Selection/Insertion,1,42
0,100.0000,1.0000,50.0000,0,100,33/33/33_Bubble/Selection/Insertion,1,123
1,100.0000,1.0000,55.0000,30,100,33/33/33_Bubble/Selection/Insertion,1,123
2,100.0000,2.0000,57.0000,31,100,33/33/33_Bubble/Selection/Insertion,1,123
3,100.0000,1.0000,53.0000,36,100,33/33/33_Bubble/Selection/Insertion,1,123
4,100.0000,0.0000,55.0000,31,100,33/33/33_Bubble/Selection/Insertion,1,123
5,100.0000,2.0000,56.0000,29,100,33/33/33_Bubble/Selection/Insertion,1,123
6,100.0000,2.0000,58.0000,29,100,33/33/33_Bubble/Selection/Insertion,1,123
7,100.0000,2.0000,61.0000,27,100,33/33/33_Bubble/Selection/Insertion,1,123
8,100.0000,1.0000,59.0000,25,100,33/33/33_Bubble/Selection/Insertion,1,123
9,100.0000,1.0000,57.0000,27,100,33/33/33_Bubble/Selection/Insertion,1,123
10,100.0000,3.0000,58.0000,28,100,33/33/33_Bubble/Selection/Insertion,1,123
11,100.0000,3.0000,56.0000,31,100,33/33/33_Bubble/Selection/Insertion,1,123
12,100.0000,0.0000,59.0000,30,100,33/33/33_Bubble/Selection/Insertion,1,123
13,100.0000,0.0000,62.0000,30,100,33/33/33_Bubble/Selection/Insertion,1,123
14,100.0000,0.0000,60.0000,26,100,33/33/33_Bubble/Selection/Insertion,1,123
15,100.0000,2.0000,60.0000,28,100,33/33/33_Bubble/Selection/Insertion,1,123
16,100.0000,2.0000,59.0000,28,100,33/33/33_Bubble/Selection/Insertion,1,123
17,100.0000,1.0000,65.0000,28,100,33/33/33_Bubble/Selection/Insertion,1,123
18,100.0000,1.0000,61.0000,22,100,33/33/33_Bubble/Selection/Insertion,1,123
19,100.0000,1.0000,59.0000,31,100,33/33/33_Bubble/Selection/Insertion,1,123
20,100.0000,0.0000,59.0000,26,100,33/33/33_Bubble/Selection/Insertion,1,123
21,100.0000,0.0000,62.0000,32,100,33/33/33_Bubble/Selection/Insertion,1,123
22,100.0000,0.0000,64.0000,24,100,33/33/33_Bubble/Selection/Insertion,1,123
23,100.0000,1.0000,60.0000,29,100,33/33/33_Bubble/Selection/Insertion,1,123
24,100.0000,1.0000,61.0000,26,100,33/33/33_Bubble/Selection/Insertion,1,123
25,100.0000,1.0000,67.0000,23,100,33/33/33_Bubble/Selection/Insertion,1,123
26,100.0000,1.0000,65.0000,24,100,33/33/33_Bubble/Selection/Insertion,1,123
27,100.0000,1.0000,65.0000,26,100,33/33/33_Bubble/Selection/Insertion,1,123
28,100.0000,1.0000,64.0000,23,100,33/33/33_Bubble/Selection/Insertion,1,123
29,100.0000,0.0000,68.0000,29,100,33/33/33_Bubble/Selection/Insertion,1,123
30,100.0000,1.0000,72.0000,20,100,33/33/33_Bubble/Selection/Insertion,1,123
31,100.0000,1.0000,69.0000,21,100,33/33/33_Bubble/Selection/Insertion,1,123
32,100.0000,2.0000,71.0000,17,100,33/33/33_Bubble/Selection/Insertion,1,123
33,100.0000,0.0000,69.0000,19,100,33/33/33_Bubble/Selection/Insertion,1,123
34,100.0000,0.0000,66.0000,25,100,33/33/33_Bubble/Selection/Insertion,1,123
35,100.0000,0.0000,67.0000,23,100,33/33/33_Bubble/Selection/Insertion,1,123
36,100.0000,0.0000,67.0000,25,100,33/33/33_Bubble/Selection/Insertion,1,123
37,100.0000,1.0000,65.0000,25,100,33/33/33_Bubble/Selection/Insertion,1,123
38,100.0000,1.0000,68.0000,29,100,33/33/33_Bubble/Selection/Insertion,1,123
39,100.0000,0.0000,68.0000,26,100,33/33/33_Bubble/Selection/Insertion,1,123
40,100.0000,1.0000,69.0000,21,100,33/33/33_Bubble/Selection/Insertion,1,123
41,100.0000,2.0000,69.0000,24,100,33/33/33_Bubble/Selection/Insertion,1,123
42,100.0000,1.0000,64.0000,23,100,33/33/33_Bubble/Selection/Insertion,1,123
43,100.0000,0.0000,67.0000,21,100,33/33/33_Bubble/Selection/Insertion,1,123
44,100.0000,0.0000,67.0000,24,100,33/33/33_Bubble/Selection/Insertion,1,123
45,100.0000,0.0000,66.0000,22,100,33/33/33_Bubble/Selection/Insertion,1,123
46,100.0000,1.0000,67.0000,23,100,33/33/33_Bubble/Selection/Insertion,1,123
47,100.0000,2.0000,67.0000,25,100,33/33/33_Bubble/Selection/Insertion,1,123
48,100.0000,3.0000,63.0000,22,100,33/33/33_Bubble/Selection/Insertion,1,123
49,100.0000,3.0000,65.0000,27,100,33/33/33_Bubble/Selection/Insertion,1,123
50,100.0000,3.0000,69.0000,27,100,33/33/33_Bubble/Selection/Insertion,1,123
51,100.0000,4.0000,72.0000,19,100,33/33/33_Bubble/Selection/Insertion,1,123
52,100.0000,2.0000,72.0000,17,100,33/33/33_Bubble/Selection/Insertion,1,123
53,100.0000,3.0000,68.0000,21,100,33/33/33_Bubble/Selection/Insertion,1,123
54,100.0000,3.0000,68.0000,23,100,33/33/33_Bubble/Selection/Insertion,1,123
55,100.0000,1.0000,66.0000,23,100,33/33/33_Bubble/Selection/Insertion,1,123
56,100.0000,3.0000,69.0000,22,100,33/33/33_Bubble/Selection/Insertion,1,123
57,100.0000,4.0000,69.0000,19,100,33/33/33_Bubble/Selection/Insertion,1,123
58,100.0000,1.0000,70.0000,18,100,33/33/33_Bubble/Selection/Insertion,1,123
59,100.0000,1.0000,66.0000,24,100,33/33/33_Bubble/Selection/Insertion,1,123
60,100.0000,3.0000,68.0000,27,100,33/33/33_Bubble/Selection/Insertion,1,123
61,100.0000,1.0000,68.0000,24,100,33/33/33_Bubble/Selection/Insertion,1,123
62,100.0000,2.0000,66.0000,24,100,33/33/33_Bubble/Selection/Insertion,1,123
63,100.0000,3.0000,67.0000,28,100,33/33/33_Bubble/Selection/Insertion,1,123
64,100.0000,4.0000,64.0000,27,100,33/33/33_Bubble/Selection/Insertion,1,123
65,100.0000,4.0000,68.0000,22,100,33/33/33_Bubble/Selection/Insertion,1,123
66,100.0000,1.0000,65.0000,23,100,33/33/33_Bubble/Selection/Insertion,1,123
67,100.0000,2.0000,70.0000,23,100,33/33/33_Bubble/Selection/Insertion,1,123
68,100.0000,2.0000,73.0000,25,100,33/33/33_Bubble/Selection/Insertion,1,123
69,100.0000,3.0000,70.0000,17,100,33/33/33_Bubble/Selection/Insertion,1,123
70,100.0000,5.0000,72.0000,21,100,33/33/33_Bubble/Selection/Insertion,1,123
71,100.0000,2.0000,70.0000,21,100,33/33/33_Bubble/Selection/Insertion,1,123
72,100.0000,3.0000,68.0000,25,100,33/33/33_Bubble/Selection/Insertion,1,123
73,100.0000,2.0000,69.0000,25,100,33/33/33_Bubble/Selection/Insertion,1,123
74,100.0000,2.0000,71.0000,25,100,33/33/33_Bubble/Selection/Insertion,1,123
75,100.0000,2.0000,73.0000,23,100,33/33/33_Bubble/Selection/Insertion,1,123
76,100.0000,2.0000,75.0000,19,100,33/33/33_Bubble/Selection/Insertion,1,123
77,100.0000,2.0000,74.0000,18,100,33/33/33_Bubble/Selection/Insertion,1,123
78,100.0000,1.0000,74.0000,19,100,33/33/33_Bubble/Selection/Insertion,1,123
79,100.0000,1.0000,76.0000,19,100,33/33/33_Bubble/Selection/Insertion,1,123
80,100.0000,1.0000,77.0000,20,100,33/33/33_Bubble/Selection/Insertion,1,123
81,100.0000,1.0000,78.0000,14,100,33/33/33_Bubble/Selection/Insertion,1,123
82,100.0000,1.0000,76.0000,12,100,33/33/33_Bubble/Selection/Insertion,1,123
83,100.0000,1.0000,74.0000,19,100,33/33/33_Bubble/Selection/Insertion,1,123
84,100.0000,1.0000,75.0000,19,100,33/33/33_Bubble/Selection/Insertion,1,123
85,100.0000,1.0000,74.0000,23,100,33/33/33_Bubble/Selection/Insertion,1,123
86,100.0000,1.0000,78.0000,15,100,33/33/33_Bubble/Selection/Insertion,1,123
87,100.0000,1.0000,76.0000,16,100,33/33/33_Bubble/Selection/Insertion,1,123
88,100.0000,1.0000,76.0000,18,100,33/33/33_Bubble/Selection/Insertion,1,123
89,100.0000,1.0000,75.0000,19,100,33/33/33_Bubble/Selection/Insertion,1,123
90,100.0000,2.0000,75.0000,17,100,33/33/33_Bubble/Selection/Insertion,1,123
91,100.0000,1.0000,78.0000,15,100,33/33/33_Bubble/Selection/Insertion,1,123
92,100.0000,1.0000,77.0000,16,100,33/33/33_Bubble/Selection/Insertion,1,123
93,100.0000,1.0000,78.0000,12,100,33/33/33_Bubble/Selection/Insertion,1,123
94,100.0000,2.0000,77.0000,13,100,33/33/33_Bubble/Selection/Insertion,1,123
95,100.0000,3.0000,75.0000,19,100,33/33/33_Bubble/Selection/Insertion,1,123
96,100.0000,2.0000,78.0000,17,100,33/33/33_Bubble/Selection/Insertion,1,123
97,100.0000,1.0000,74.0000,18,100,33/33/33_Bubble/Selection/Insertion,1,123
98,100.0000,2.0000,75.0000,16,100,33/33/33_Bubble/Selection/Insertion,1,123
99,100.0000,3.0000,75.0000,18,100,33/33/33_Bubble/Selection/Insertion,1,123
100,100.0000,6.0000,72.0000,20,100,33/33/33_Bubble/Selection/Insertion,1,123
101,100.0000,3.0000,75.0000,20,100,33/33/33_Bubble/Selection/Insertion,1,123
102,100.0000,6.0000,75.0000,17,100,33/33/33_Bubble/Selection/Insertion,1,123
103,100.0000,8.0000,77.0000,19,100,33/33/33_Bubble/Selection/Insertion,1,123
104,100.0000,9.0000,79.0000,15,100,33/33/33_Bubble/Selection/Insertion,1,123
105,100.0000,18.0000,79.0000,19,100,33/33/33_Bubble/Selection/Insertion,1,123
106,100.0000,25.0000,83.0000,19,100,33/33/33_Bubble/Selection/Insertion,1,123
107,100.0000,27.0000,84.0000,14,100,33/33/33_Bubble/Selection/Insertion,1,123
108,100.0000,31.0000,85.0000,12,100,33/33/33_Bubble/Selection/Insertion,1,123
109,100.0000,39.0000,87.0000,13,100,33/33/33_Bubble/Selection/Insertion,1,123
110,100.0000,43.0000,87.0000,9,100,33/33/33_Bubble/Selection/Insertion,1,123
111,100.0000,53.0000,91.0000,11,100,33/33/33_Bubble/Selection/Insertion,1,123
112,100.0000,57.0000,92.0000,7,100,33/33/33_Bubble/Selection/Insertion,1,123
113,100.0000,61.0000,92.0000,6,100,33/33/33_Bubble/Selection/Insertion,1,123
114,100.0000,66.0000,93.0000,7,100,33/33/33_Bubble/Selection/Insertion,1,123
115,100.0000,73.0000,96.0000,6,100,33/33/33_Bubble/Selection/Insertion,1,123
116,100.0000,73.0000,95.0000,4,100,33/33/33_Bubble/Selection/Insertion,1,123
117,100.0000,74.0000,97.0000,3,100,33/33/33_Bubble/Selection/Insertion,1,123
118,100.0000,74.0000,97.0000,0,100,33/33/33_Bubble/Selection/Insertion,1,123
119,100.0000,76.0000,96.0000,3,100,33/33/33_Bubble/Selection/Insertion,1,123
120,100.0000,80.0000,98.0000,3,100,33/33/33_Bubble/Selection/Insertion,1,123
121,100.0000,81.0000,97.0000,2,100,33/33/33_Bubble/Selection/Insertion,1,123
122,100.0000,83.0000,98.0000,2,100,33/33/33_Bubble/Selection/Insertion,1,123
123,100.0000,83.0000,97.0000,1,100,33/33/33_Bubble/Selection/Insertion,1,123
124,100.0000,84.0000,97.0000,2,100,33/33/33_Bubble/Selection/Insertion,1,123
125,100.0000,85.0000,97.0000,2,100,33/33/33_Bubble/Selection/Insertion,1,123
126,100.0000,86.0000,97.0000,2,100,33/33/33_Bubble/Selection/Insertion,1,123
127,100.0000,87.0000,97.0000,2,100,33/33/33_Bubble/Selection/Insertion,1,123
128,100.0000,88.0000,97.0000,2,100,33/33/33_Bubble/Selection/Insertion,1,123
129,100.0000,90.0000,97.0000,3,100,33/33/33_Bubble/Selection/Insertion,1,123
130,100.0000,93.0000,98.0000,3,100,33/33/33_Bubble/Selection/Insertion,1,123
131,100.0000,96.0000,99.0000,2,100,33/33/33_Bubble/Selection/Insertion,1,123
132,100.0000,97.0000,99.0000,1,100,33/33/33_Bubble/Selection/Insertion,1,123
133,100.0000,98.0000,99.0000,1,100,33/33/33_Bubble/Selection/Insertion,1,123
134,100.0000,100.0000,100.0000,1,100,33/33/33_Bubble/Selection/Insertion,1,123
135,100.0000,100.0000,100.0000,0,100,33/33/33_Bubble/Selection/Insertion,1,123
136,100.0000,100.0000,100.0000,0,100,33/33/33_Bubble/Selection/Insertion,1,123
137,100.0000,100.0000,100.0000,0,100,33/33/33_Bubble/Selection/Insertion,1,123
0,100.0000,0.0000,48.0000,0,100,33/33/33_Bubble/Selection/Insertion,1,789
1,100.0000,1.0000,57.0000,35,100,33/33/33_Bubble/Selection/Insertion,1,789
2,100.0000,1.0000,60.0000,30,100,33/33/33_Bubble/Selection/Insertion,1,789
3,100.0000,2.0000,57.0000,30,100,33/33/33_Bubble/Selection/Insertion,1,789
4,100.0000,4.0000,58.0000,33,100,33/33/33_Bubble/Selection/Insertion,1,789
5,100.0000,0.0000,59.0000,33,100,33/33/33_Bubble/Selection/Insertion,1,789
6,100.0000,0.0000,55.0000,30,100,33/33/33_Bubble/Selection/Insertion,1,789
7,100.0000,3.0000,58.0000,29,100,33/33/33_Bubble/Selection/Insertion,1,789
8,100.0000,2.0000,57.0000,25,100,33/33/33_Bubble/Selection/Insertion,1,789
9,100.0000,1.0000,59.0000,32,100,33/33/33_Bubble/Selection/Insertion,1,789
10,100.0000,0.0000,61.0000,25,100,33/33/33_Bubble/Selection/Insertion,1,789
11,100.0000,1.0000,61.0000,29,100,33/33/33_Bubble/Selection/Insertion,1,789
12,100.0000,2.0000,64.0000,24,100,33/33/33_Bubble/Selection/Insertion,1,789
13,100.0000,2.0000,59.0000,27,100,33/33/33_Bubble/Selection/Insertion,1,789
14,100.0000,0.0000,61.0000,29,100,33/33/33_Bubble/Selection/Insertion,1,789
15,100.0000,0.0000,64.0000,28,100,33/33/33_Bubble/Selection/Insertion,1,789
16,100.0000,0.0000,58.0000,29,100,33/33/33_Bubble/Selection/Insertion,1,789
17,100.0000,0.0000,65.0000,23,100,33/33/33_Bubble/Selection/Insertion,1,789
18,100.0000,1.0000,63.0000,26,100,33/33/33_Bubble/Selection/Insertion,1,789
19,100.0000,1.0000,61.0000,25,100,33/33/33_Bubble/Selection/Insertion,1,789
20,100.0000,1.0000,62.0000,29,100,33/33/33_Bubble/Selection/Insertion,1,789
21,100.0000,4.0000,65.0000,24,100,33/33/33_Bubble/Selection/Insertion,1,789
22,100.0000,5.0000,64.0000,23,100,33/33/33_Bubble/Selection/Insertion,1,789
23,100.0000,3.0000,62.0000,27,100,33/33/33_Bubble/Selection/Insertion,1,789
24,100.0000,5.0000,63.0000,27,100,33/33/33_Bubble/Selection/Insertion,1,789
25,100.0000,5.0000,61.0000,27,100,33/33/33_Bubble/Selection/Insertion,1,789
26,100.0000,3.0000,63.0000,26,100,33/33/33_Bubble/Selection/Insertion,1,789
27,100.0000,2.0000,61.0000,29,100,33/33/33_Bubble/Selection/Insertion,1,789
28,100.0000,4.0000,66.0000,27,100,33/33/33_Bubble/Selection/Insertion,1,789
29,100.0000,3.0000,61.0000,28,100,33/33/33_Bubble/Selection/Insertion,1,789
30,100.0000,3.0000,63.0000,28,100,33/33/33_Bubble/Selection/Insertion,1,789
31,100.0000,1.0000,67.0000,24,100,33/33/33_Bubble/Selection/Insertion,1,789
32,100.0000,1.0000,67.0000,22,100,33/33/33_Bubble/Selection/Insertion,1,789
33,100.0000,1.0000,69.0000,21,100,33/33/33_Bubble/Selection/Insertion,1,789
34,100.0000,1.0000,63.0000,27,100,33/33/33_Bubble/Selection/Insertion,1,789
35,100.0000,1.0000,65.0000,29,100,33/33/33_Bubble/Selection/Insertion,1,789
36,100.0000,1.0000,64.0000,29,100,33/33/33_Bubble/Selection/Insertion,1,789
37,100.0000,2.0000,58.0000,25,100,33/33/33_Bubble/Selection/Insertion,1,789
38,100.0000,2.0000,64.0000,27,100,33/33/33_Bubble/Selection/Insertion,1,789
39,100.0000,4.0000,64.0000,26,100,33/33/33_Bubble/Selection/Insertion,1,789
40,100.0000,1.0000,66.0000,28,100,33/33/33_Bubble/Selection/Insertion,1,789
41,100.0000,2.0000,67.0000,25,100,33/33/33_Bubble/Selection/Insertion,1,789
42,100.0000,2.0000,66.0000,26,100,33/33/33_Bubble/Selection/Insertion,1,789
43,100.0000,4.0000,67.0000,25,100,33/33/33_Bubble/Selection/Insertion,1,789
44,100.0000,4.0000,70.0000,22,100,33/33/33_Bubble/Selection/Insertion,1,789
45,100.0000,4.0000,69.0000,22,100,33/33/33_Bubble/Selection/Insertion,1,789
46,100.0000,2.0000,69.0000,24,100,33/33/33_Bubble/Selection/Insertion,1,789
47,100.0000,1.0000,70.0000,23,100,33/33/33_Bubble/Selection/Insertion,1,789
48,100.0000,1.0000,68.0000,18,100,33/33/33_Bubble/Selection/Insertion,1,789
49,100.0000,1.0000,67.0000,20,100,33/33/33_Bubble/Selection/Insertion,1,789
50,100.0000,1.0000,71.0000,20,100,33/33/33_Bubble/Selection/Insertion,1,789
51,100.0000,1.0000,69.0000,22,100,33/33/33_Bubble/Selection/Insertion,1,789
52,100.0000,1.0000,71.0000,20,100,33/33/33_Bubble/Selection/Insertion,1,789
53,100.0000,1.0000,70.0000,20,100,33/33/33_Bubble/Selection/Insertion,1,789
54,100.0000,2.0000,68.0000,24,100,33/33/33_Bubble/Selection/Insertion,1,789
55,100.0000,2.0000,68.0000,25,100,33/33/33_Bubble/Selection/Insertion,1,789
56,100.0000,2.0000,71.0000,23,100,33/33/33_Bubble/Selection/Insertion,1,789
57,100.0000,3.0000,69.0000,18,100,33/33/33_Bubble/Selection/Insertion,1,789
58,100.0000,2.0000,76.0000,21,100,33/33/33_Bubble/Selection/Insertion,1,789
59,100.0000,3.0000,73.0000,18,100,33/33/33_Bubble/Selection/Insertion,1,789
60,100.0000,2.0000,74.0000,16,100,33/33/33_Bubble/Selection/Insertion,1,789
61,100.0000,4.0000,73.0000,18,100,33/33/33_Bubble/Selection/Insertion,1,789
62,100.0000,2.0000,72.0000,19,100,33/33/33_Bubble/Selection/Insertion,1,789
63,100.0000,2.0000,71.0000,21,100,33/33/33_Bubble/Selection/Insertion,1,789
64,100.0000,3.0000,72.0000,24,100,33/33/33_Bubble/Selection/Insertion,1,789
65,100.0000,3.0000,73.0000,21,100,33/33/33_Bubble/Selection/Insertion,1,789
66,100.0000,5.0000,76.0000,18,100,33/33/33_Bubble/Selection/Insertion,1,789
67,100.0000,4.0000,76.0000,19,100,33/33/33_Bubble/Selection/Insertion,1,789
68,100.0000,6.0000,76.0000,21,100,33/33/33_Bubble/Selection/Insertion,1,789
69,100.0000,6.0000,75.0000,15,100,33/33/33_Bubble/Selection/Insertion,1,789
70,100.0000,8.0000,75.0000,19,100,33/33/33_Bubble/Selection/Insertion,1,789
71,100.0000,10.0000,75.0000,21,100,33/33/33_Bubble/Selection/Insertion,1,789
72,100.0000,9.0000,76.0000,18,100,33/33/33_Bubble/Selection/Insertion,1,789
73,100.0000,9.0000,75.0000,20,100,33/33/33_Bubble/Selection/Insertion,1,789
74,100.0000,10.0000,76.0000,16,100,33/33/33_Bubble/Selection/Insertion,1,789
75,100.0000,14.0000,78.0000,17,100,33/33/33_Bubble/Selection/Insertion,1,789
76,100.0000,13.0000,75.0000,20,100,33/33/33_Bubble/Selection/Insertion,1,789
77,100.0000,11.0000,76.0000,17,100,33/33/33_Bubble/Selection/Insertion,1,789
78,100.0000,10.0000,79.0000,17,100,33/33/33_Bubble/Selection/Insertion,1,789
79,100.0000,11.0000,75.0000,17,100,33/33/33_Bubble/Selection/Insertion,1,789
80,100.0000,12.0000,78.0000,15,100,33/33/33_Bubble/Selection/Insertion,1,789
81,100.0000,12.0000,77.0000,17,100,33/33/33_Bubble/Selection/Insertion,1,789
82,100.0000,10.0000,79.0000,20,100,33/33/33_Bubble/Selection/Insertion,1,789
83,100.0000,11.0000,80.0000,13,100,33/33/33_Bubble/Selection/Insertion,1,789
84,100.0000,12.0000,80.0000,13,100,33/33/33_Bubble/Selection/Insertion,1,789
85,100.0000,12.0000,78.0000,14,100,33/33/33_Bubble/Selection/Insertion,1,789
86,100.0000,10.0000,82.0000,14,100,33/33/33_Bubble/Selection/Insertion,1,789
87,100.0000,10.0000,78.0000,13,100,33/33/33_Bubble/Selection/Insertion,1,789
88,100.0000,10.0000,78.0000,16,100,33/33/33_Bubble/Selection/Insertion,1,789
89,100.0000,11.0000,79.0000,17,100,33/33/33_Bubble/Selection/Insertion,1,789
90,100.0000,12.0000,78.0000,18,100,33/33/33_Bubble/Selection/Insertion,1,789
91,100.0000,10.0000,82.0000,15,100,33/33/33_Bubble/Selection/Insertion,1,789
92,100.0000,10.0000,79.0000,15,100,33/33/33_Bubble/Selection/Insertion,1,789
93,100.0000,11.0000,81.0000,18,100,33/33/33_Bubble/Selection/Insertion,1,789
94,100.0000,11.0000,80.0000,14,100,33/33/33_Bubble/Selection/Insertion,1,789
95,100.0000,10.0000,80.0000,16,100,33/33/33_Bubble/Selection/Insertion,1,789
96,100.0000,10.0000,77.0000,17,100,33/33/33_Bubble/Selection/Insertion,1,789
97,100.0000,10.0000,76.0000,16,100,33/33/33_Bubble/Selection/Insertion,1,789
98,100.0000,13.0000,80.0000,18,100,33/33/33_Bubble/Selection/Insertion,1,789
99,100.0000,18.0000,82.0000,14,100,33/33/33_Bubble/Selection/Insertion,1,789
100,100.0000,20.0000,82.0000,13,100,33/33/33_Bubble/Selection/Insertion,1,789
101,100.0000,18.0000,82.0000,13,100,33/33/33_Bubble/Selection/Insertion,1,789
102,100.0000,21.0000,85.0000,11,100,33/33/33_Bubble/Selection/Insertion,1,789
103,100.0000,26.0000,86.0000,11,100,33/33/33_Bubble/Selection/Insertion,1,789
104,100.0000,32.0000,87.0000,9,100,33/33/33_Bubble/Selection/Insertion,1,789
105,100.0000,37.0000,87.0000,11,100,33/33/33_Bubble/Selection/Insertion,1,789
106,100.0000,45.0000,89.0000,11,100,33/33/33_Bubble/Selection/Insertion,1,789
107,100.0000,54.0000,92.0000,7,100,33/33/33_Bubble/Selection/Insertion,1,789
108,100.0000,60.0000,94.0000,5,100,33/33/33_Bubble/Selection/Insertion,1,789
109,100.0000,64.0000,94.0000,6,100,33/33/33_Bubble/Selection/Insertion,1,789
110,100.0000,70.0000,95.0000,6,100,33/33/33_Bubble/Selection/Insertion,1,789
111,100.0000,72.0000,95.0000,3,100,33/33/33_Bubble/Selection/Insertion,1,789
112,100.0000,74.0000,95.0000,3,100,33/33/33_Bubble/Selection/Insertion,1,789
113,100.0000,77.0000,95.0000,3,100,33/33/33_Bubble/Selection/Insertion,1,789
114,100.0000,82.0000,97.0000,4,100,33/33/33_Bubble/Selection/Insertion,1,789
115,100.0000,85.0000,98.0000,3,100,33/33/33_Bubble/Selection/Insertion,1,789
116,100.0000,86.0000,98.0000,1,100,33/33/33_Bubble/Selection/Insertion,1,789
117,100.0000,87.0000,98.0000,1,100,33/33/33_Bubble/Selection/Insertion,1,789
118,100.0000,90.0000,99.0000,2,100,33/33/33_Bubble/Selection/Insertion,1,789
119,100.0000,91.0000,99.0000,1,100,33/33/33_Bubble/Selection/Insertion,1,789
120,100.0000,92.0000,99.0000,1,100,33/33/33_Bubble/Selection/Insertion,1,789
121,100.0000,92.0000,99.0000,0,100,33/33/33_Bubble/Selection/Insertion,1,789
122,100.0000,93.0000,99.0000,1,100,33/33/33_Bubble/Selection/Insertion,1,789
123,100.0000,94.0000,99.0000,1,100,33/33/33_Bubble/Selection/Insertion,1,789
124,100.0000,94.0000,99.0000,0,100,33/33/33_Bubble/Selection/Insertion,1,789
125,100.0000,95.0000,99.0000,1,100,33/33/33_Bubble/Selection/Insertion,1,789
126,100.0000,96.0000,99.0000,1,100,33/33/33_Bubble/Selection/Insertion,1,789
127,100.0000,97.0000,99.0000,1,100,33/33/33_Bubble/Selection/Insertion,1,789
128,100.0000,98.0000,99.0000,1,100,33/33/33_Bubble/Selection/Insertion,1,789
129,100.0000,100.0000,100.0000,1,100,33/33/33_Bubble/Selection/Insertion,1,789
130,100.0000,100.0000,100.0000,0,100,33/33/33_Bubble/Selection/Insertion,1,789
131,100.0000,100.0000,100.0000,0,100,33/33/33_Bubble/Selection/Insertion,1,789
132,100.0000,100.0000,100.0000,0,100,33/33/33_Bubble/Selection/Insertion,1,789
0,100.0000,1.0000,47.0000,0,100,33/33/33_Bubble/Selection/Insertion,3,42
1,100.0000,0.0000,57.0000,26,100,33/33/33_Bubble/Selection/Insertion,3,42
2,100.0000,0.0000,54.0000,28,100,33/33/33_Bubble/Selection/Insertion,3,42
3,100.0000,1.0000,59.0000,28,100,33/33/33_Bubble/Selection/Insertion,3,42
4,100.0000,0.0000,58.0000,29,100,33/33/33_Bubble/Selection/Insertion,3,42
5,100.0000,0.0000,61.0000,25,100,33/33/33_Bubble/Selection/Insertion,3,42
6,100.0000,2.0000,57.0000,24,100,33/33/33_Bubble/Selection/Insertion,3,42
7,100.0000,1.0000,55.0000,32,100,33/33/33_Bubble/Selection/Insertion,3,42
8,100.0000,1.0000,61.0000,31,100,33/33/33_Bubble/Selection/Insertion,3,42
9,100.0000,1.0000,56.0000,28,100,33/33/33_Bubble/Selection/Insertion,3,42
10,100.0000,1.0000,57.0000,29,100,33/33/33_Bubble/Selection/Insertion,3,42
11,100.0000,0.0000,61.0000,32,100,33/33/33_Bubble/Selection/Insertion,3,42
12,100.0000,0.0000,57.0000,24,100,33/33/33_Bubble/Selection/Insertion,3,42
13,100.0000,0.0000,56.0000,32,100,33/33/33_Bubble/Selection/Insertion,3,42
14,100.0000,0.0000,62.0000,27,100,33/33/33_Bubble/Selection/Insertion,3,42
15,100.0000,3.0000,59.0000,29,100,33/33/33_Bubble/Selection/Insertion,3,42
16,100.0000,2.0000,61.0000,29,100,33/33/33_Bubble/Selection/Insertion,3,42
17,100.0000,3.0000,60.0000,26,100,33/33/33_Bubble/Selection/Insertion,3,42
18,100.0000,2.0000,57.0000,29,100,33/33/33_Bubble/Selection/Insertion,3,42
19,100.0000,2.0000,61.0000,29,100,33/33/33_Bubble/Selection/Insertion,3,42
20,100.0000,1.0000,63.0000,24,100,33/33/33_Bubble/Selection/Insertion,3,42
21,100.0000,0.0000,62.0000,27,100,33/33/33_Bubble/Selection/Insertion,3,42
22,100.0000,1.0000,58.0000,30,100,33/33/33_Bubble/Selection/Insertion,3,42
23,100.0000,1.0000,62.0000,28,100,33/33/33_Bubble/Selection/Insertion,3,42
24,100.0000,0.0000,58.0000,28,100,33/33/33_Bubble/Selection/Insertion,3,42
25,100.0000,0.0000,61.0000,27,100,33/33/33_Bubble/Selection/Insertion,3,42
26,100.0000,0.0000,60.0000,31,100,33/33/33_Bubble/Selection/Insertion,3,42
27,100.0000,1.0000,58.0000,25,100,33/33/33_Bubble/Selection/Insertion,3,42
28,100.0000,1.0000,59.0000,27,100,33/33/33_Bubble/Selection/Insertion,3,42
29,100.0000,0.0000,62.0000,26,100,33/33/33_Bubble/Selection/Insertion,3,42
30,100.0000,0.0000,68.0000,27,100,33/33/33_Bubble/Selection/Insertion,3,42
31,100.0000,0.0000,66.0000,21,100,33/33/33_Bubble/Selection/Insertion,3,42
32,100.0000,0.0000,67.0000,27,100,33/33/33_Bubble/Selection/Insertion,3,42
33,100.0000,0.0000,60.0000,26,100,33/33/33_Bubble/Selection/Insertion,3,42
34,100.0000,0.0000,66.0000,24,100,33/33/33_Bubble/Selection/Insertion,3,42
35,100.0000,0.0000,64.0000,24,100,33/33/33_Bubble/Selection/Insertion,3,42
36,100.0000,0.0000,63.0000,22,100,33/33/33_Bubble/Selection/Insertion,3,42
37,100.0000,0.0000,65.0000,25,100,33/33/33_Bubble/Selection/Insertion,3,42
38,100.0000,0.0000,66.0000,25,100,33/33/33_Bubble/Selection/Insertion,3,42
39,100.0000,0.0000,66.0000,27,100,33/33/33_Bubble/Selection/Insertion,3,42
40,100.0000,0.0000,64.0000,27,100,33/33/33_Bubble/Selection/Insertion,3,42
41,100.0000,1.0000,67.0000,26,100,33/33/33_Bubble/Selection/Insertion,3,42
42,100.0000,2.0000,71.0000,26,100,33/33/33_Bubble/Selection/Insertion,3,42
43,100.0000,1.0000,70.0000,20,100,33/33/33_Bubble/Selection/Insertion,3,42
44,100.0000,0.0000,71.0000,22,100,33/33/33_Bubble/Selection/Insertion,3,42
45,100.0000,0.0000,68.0000,21,100,33/33/33_Bubble/Selection/Insertion,3,42
46,100.0000,0.0000,67.0000,19,100,33/33/33_Bubble/Selection/Insertion,3,42
47,100.0000,0.0000,69.0000,23,100,33/33/33_Bubble/Selection/Insertion,3,42
48,100.0000,0.0000,66.0000,20,100,33/33/33_Bubble/Selection/Insertion,3,42
49,100.0000,1.0000,74.0000,22,100,33/33/33_Bubble/Selection/Insertion,3,42
50,100.0000,1.0000,69.0000,20,100,33/33/33_Bubble/Selection/Insertion,3,42
51,100.0000,1.0000,71.0000,22,100,33/33/33_Bubble/Selection/Insertion,3,42
52,100.0000,2.0000,71.0000,22,100,33/33/33_Bubble/Selection/Insertion,3,42
53,100.0000,1.0000,70.0000,21,100,33/33/33_Bubble/Selection/Insertion,3,42
54,100.0000,4.0000,71.0000,24,100,33/33/33_Bubble/Selection/Insertion,3,42
55,100.0000,2.0000,69.0000,23,100,33/33/33_Bubble/Selection/Insertion,3,42
56,100.0000,3.0000,67.0000,23,100,33/33/33_Bubble/Selection/Insertion,3,42
57,100.0000,3.0000,67.0000,25,100,33/33/33_Bubble/Selection/Insertion,3,42
58,100.0000,3.0000,72.0000,19,100,33/33/33_Bubble/Selection/Insertion,3,42
59,100.0000,1.0000,69.0000,23,100,33/33/33_Bubble/Selection/Insertion,3,42
60,100.0000,1.0000,72.0000,25,100,33/33/33_Bubble/Selection/Insertion,3,42
61,100.0000,2.0000,73.0000,21,100,33/33/33_Bubble/Selection/Insertion,3,42
62,100.0000,2.0000,71.0000,18,100,33/33/33_Bubble/Selection/Insertion,3,42
63,100.0000,2.0000,70.0000,21,100,33/33/33_Bubble/Selection/Insertion,3,42
64,100.0000,1.0000,75.0000,21,100,33/33/33_Bubble/Selection/Insertion,3,42
65,100.0000,2.0000,70.0000,20,100,33/33/33_Bubble/Selection/Insertion,3,42
66,100.0000,2.0000,71.0000,22,100,33/33/33_Bubble/Selection/Insertion,3,42
67,100.0000,2.0000,69.0000,24,100,33/33/33_Bubble/Selection/Insertion,3,42
68,100.0000,1.0000,72.0000,24,100,33/33/33_Bubble/Selection/Insertion,3,42
69,100.0000,1.0000,70.0000,21,100,33/33/33_Bubble/Selection/Insertion,3,42
70,100.0000,1.0000,72.0000,21,100,33/33/33_Bubble/Selection/Insertion,3,42
71,100.0000,1.0000,71.0000,22,100,33/33/33_Bubble/Selection/Insertion,3,42
72,100.0000,2.0000,72.0000,24,100,33/33/33_Bubble/Selection/Insertion,3,42
73,100.0000,2.0000,73.0000,21,100,33/33/33_Bubble/Selection/Insertion,3,42
74,100.0000,4.0000,73.0000,21,100,33/33/33_Bubble/Selection/Insertion,3,42
75,100.0000,6.0000,73.0000,19,100,33/33/33_Bubble/Selection/Insertion,3,42
76,100.0000,6.0000,74.0000,23,100,33/33/33_Bubble/Selection/Insertion,3,42
77,100.0000,5.0000,73.0000,17,100,33/33/33_Bubble/Selection/Insertion,3,42
78,100.0000,5.0000,72.0000,22,100,33/33/33_Bubble/Selection/Insertion,3,42
79,100.0000,5.0000,74.0000,25,100,33/33/33_Bubble/Selection/Insertion,3,42
80,100.0000,5.0000,73.0000,21,100,33/33/33_Bubble/Selection/Insertion,3,42
81,100.0000,5.0000,75.0000,19,100,33/33/33_Bubble/Selection/Insertion,3,42
82,100.0000,7.0000,77.0000,19,100,33/33/33_Bubble/Selection/Insertion,3,42
83,100.0000,8.0000,78.0000,19,100,33/33/33_Bubble/Selection/Insertion,3,42
84,100.0000,6.0000,75.0000,17,100,33/33/33_Bubble/Selection/Insertion,3,42
85,100.0000,6.0000,76.0000,19,100,33/33/33_Bubble/Selection/Insertion,3,42
86,100.0000,7.0000,73.0000,18,100,33/33/33_Bubble/Selection/Insertion,3,42
87,100.0000,6.0000,75.0000,21,100,33/33/33_Bubble/Selection/Insertion,3,42
88,100.0000,6.0000,77.0000,17,100,33/33/33_Bubble/Selection/Insertion,3,42
89,100.0000,7.0000,79.0000,16,100,33/33/33_Bubble/Selection/Insertion,3,42
90,100.0000,8.0000,77.0000,16,100,33/33/33_Bubble/Selection/Insertion,3,42
91,100.0000,11.0000,74.0000,19,100,33/33/33_Bubble/Selection/Insertion,3,42
92,100.0000,8.0000,75.0000,20,100,33/33/33_Bubble/Selection/Insertion,3,42
93,100.0000,9.0000,75.0000,18,100,33/33/33_Bubble/Selection/Insertion,3,42
94,100.0000,12.0000,77.0000,16,100,33/33/33_Bubble/Selection/Insertion,3,42
95,100.0000,10.0000,80.0000,20,100,33/33/33_Bubble/Selection/Insertion,3,42
96,100.0000,10.0000,83.0000,9,100,33/33/33_Bubble/Selection/Insertion,3,42
97,100.0000,10.0000,81.0000,16,100,33/33/33_Bubble/Selection/Insertion,3,42
98,100.0000,11.0000,81.0000,15,100,33/33/33_Bubble/Selection/Insertion,3,42
99,100.0000,12.0000,81.0000,15,100,33/33/33_Bubble/Selection/Insertion,3,42
100,100.0000,13.0000,81.0000,16,100,33/33/33_Bubble/Selection/Insertion,3,42
101,100.0000,15.0000,81.0000,14,100,33/33/33_Bubble/Selection/Insertion,3,42
102,100.0000,18.0000,79.0000,16,100,33/33/33_Bubble/Selection/Insertion,3,42
103,100.0000,24.0000,82.0000,15,100,33/33/33_Bubble/Selection/Insertion,3,42
104,100.0000,29.0000,82.0000,12,100,33/33/33_Bubble/Selection/Insertion,3,42
105,100.0000,30.0000,82.0000,14,100,33/33/33_Bubble/Selection/Insertion,3,42
106,100.0000,35.0000,83.0000,16,100,33/33/33_Bubble/Selection/Insertion,3,42
107,100.0000,45.0000,86.0000,15,100,33/33/33_Bubble/Selection/Insertion,3,42
108,100.0000,52.0000,87.0000,14,100,33/33/33_Bubble/Selection/Insertion,3,42
109,100.0000,63.0000,91.0000,8,100,33/33/33_Bubble/Selection/Insertion,3,42
110,100.0000,66.0000,92.0000,4,100,33/33/33_Bubble/Selection/Insertion,3,42
111,100.0000,71.0000,94.0000,5,100,33/33/33_Bubble/Selection/Insertion,3,42
112,100.0000,76.0000,95.0000,5,100,33/33/33_Bubble/Selection/Insertion,3,42
113,100.0000,79.0000,95.0000,5,100,33/33/33_Bubble/Selection/Insertion,3,42
114,100.0000,82.0000,96.0000,2,100,33/33/33_Bubble/Selection/Insertion,3,42
115,100.0000,83.0000,96.0000,2,100,33/33/33_Bubble/Selection/Insertion,3,42
116,100.0000,89.0000,98.0000,4,100,33/33/33_Bubble/Selection/Insertion,3,42
117,100.0000,91.0000,98.0000,2,100,33/33/33_Bubble/Selection/Insertion,3,42
118,100.0000,93.0000,98.0000,2,100,33/33/33_Bubble/Selection/Insertion,3,42
119,100.0000,94.0000,98.0000,1,100,33/33/33_Bubble/Selection/Insertion,3,42
120,100.0000,95.0000,98.0000,1,100,33/33/33_Bubble/Selection/Insertion,3,42
121,100.0000,96.0000,98.0000,1,100,33/33/33_Bubble/Selection/Insertion,3,42
122,100.0000,98.0000,99.0000,1,100,33/33/33_Bubble/Selection/Insertion,3,42
123,100.0000,100.0000,100.0000,1,100,33/33/33_Bubble/Selection/Insertion,3,42
124,100.0000,100.0000,100.0000,0,100,33/33/33_Bubble/Selection/Insertion,3,42
125,100.0000,100.0000,100.0000,0,100,33/33/33_Bubble/Selection/Insertion,3,42
126,100.0000,100.0000,100.0000,0,100,33/33/33_Bubble/Selection/Insertion,3,42
0,100.0000,1.0000,50.0000,0,100,33/33/33_Bubble/Selection/Insertion,3,123
1,100.0000,1.0000,58.0000,34,100,33/33/33_Bubble/Selection/Insertion,3,123
2,100.0000,0.0000,57.0000,32,100,33/33/33_Bubble/Selection/Insertion,3,123
3,100.0000,0.0000,58.0000,32,100,33/33/33_Bubble/Selection/Insertion,3,123
4,100.0000,3.0000,58.0000,32,100,33/33/33_Bubble/Selection/Insertion,3,123
5,100.0000,2.0000,58.0000,29,100,33/33/33_Bubble/Selection/Insertion,3,123
6,100.0000,0.0000,57.0000,31,100,33/33/33_Bubble/Selection/Insertion,3,123
7,100.0000,1.0000,60.0000,34,100,33/33/33_Bubble/Selection/Insertion,3,123
8,100.0000,1.0000,60.0000,31,100,33/33/33_Bubble/Selection/Insertion,3,123
9,100.0000,1.0000,61.0000,29,100,33/33/33_Bubble/Selection/Insertion,3,123
10,100.0000,2.0000,63.0000,28,100,33/33/33_Bubble/Selection/Insertion,3,123
11,100.0000,2.0000,58.0000,25,100,33/33/33_Bubble/Selection/Insertion,3,123
12,100.0000,0.0000,61.0000,20,100,33/33/33_Bubble/Selection/Insertion,3,123
13,100.0000,1.0000,62.0000,25,100,33/33/33_Bubble/Selection/Insertion,3,123
14,100.0000,0.0000,58.0000,29,100,33/33/33_Bubble/Selection/Insertion,3,123
15,100.0000,1.0000,61.0000,29,100,33/33/33_Bubble/Selection/Insertion,3,123
16,100.0000,0.0000,60.0000,28,100,33/33/33_Bubble/Selection/Insertion,3,123
17,100.0000,0.0000,60.0000,28,100,33/33/33_Bubble/Selection/Insertion,3,123
18,100.0000,0.0000,62.0000,27,100,33/33/33_Bubble/Selection/Insertion,3,123
19,100.0000,0.0000,63.0000,26,100,33/33/33_Bubble/Selection/Insertion,3,123
20,100.0000,0.0000,63.0000,28,100,33/33/33_Bubble/Selection/Insertion,3,123
21,100.0000,0.0000,66.0000,22,100,33/33/33_Bubble/Selection/Insertion,3,123
22,100.0000,0.0000,67.0000,27,100,33/33/33_Bubble/Selection/Insertion,3,123
23,100.0000,0.0000,67.0000,20,100,33/33/33_Bubble/Selection/Insertion,3,123
24,100.0000,0.0000,65.0000,25,100,33/33/33_Bubble/Selection/Insertion,3,123
25,100.0000,0.0000,66.0000,27,100,33/33/33_Bubble/Selection/Insertion,3,123
26,100.0000,1.0000,66.0000,27,100,33/33/33_Bubble/Selection/Insertion,3,123
27,100.0000,2.0000,62.0000,25,100,33/33/33_Bubble/Selection/Insertion,3,123
28,100.0000,1.0000,68.0000,25,100,33/33/33_Bubble/Selection/Insertion,3,123
29,100.0000,1.0000,70.0000,21,100,33/33/33_Bubble/Selection/Insertion,3,123
30,100.0000,0.0000,70.0000,24,100,33/33/33_Bubble/Selection/Insertion,3,123
31,100.0000,1.0000,68.0000,20,100,33/33/33_Bubble/Selection/Insertion,3,123
32,100.0000,1.0000,63.0000,31,100,33/33/33_Bubble/Selection/Insertion,3,123
33,100.0000,0.0000,62.0000,27,100,33/33/33_Bubble/Selection/Insertion,3,123
34,100.0000,0.0000,69.0000,23,100,33/33/33_Bubble/Selection/Insertion,3,123
35,100.0000,0.0000,69.0000,19,100,33/33/33_Bubble/Selection/Insertion,3,123
36,100.0000,0.0000,65.0000,21,100,33/33/33_Bubble/Selection/Insertion,3,123
37,100.0000,2.0000,66.0000,25,100,33/33/33_Bubble/Selection/Insertion,3,123
38,100.0000,0.0000,71.0000,24,100,33/33/33_Bubble/Selection/Insertion,3,123
39,100.0000,0.0000,66.0000,20,100,33/33/33_Bubble/Selection/Insertion,3,123
40,100.0000,0.0000,63.0000,24,100,33/33/33_Bubble/Selection/Insertion,3,123
41,100.0000,0.0000,65.0000,31,100,33/33/33_Bubble/Selection/Insertion,3,123
42,100.0000,1.0000,63.0000,26,100,33/33/33_Bubble/Selection/Insertion,3,123
43,100.0000,1.0000,62.0000,29,100,33/33/33_Bubble/Selection/Insertion,3,123
44,100.0000,0.0000,62.0000,27,100,33/33/33_Bubble/Selection/Insertion,3,123
45,100.0000,2.0000,63.0000,27,100,33/33/33_Bubble/Selection/Insertion,3,123
46,100.0000,2.0000,67.0000,27,100,33/33/33_Bubble/Selection/Insertion,3,123
47,100.0000,0.0000,68.0000,25,100,33/33/33_Bubble/Selection/Insertion,3,123
48,100.0000,0.0000,69.0000,19,100,33/33/33_Bubble/Selection/Insertion,3,123
49,100.0000,1.0000,68.0000,26,100,33/33/33_Bubble/Selection/Insertion,3,123
50,100.0000,0.0000,68.0000,23,100,33/33/33_Bubble/Selection/Insertion,3,123
51,100.0000,0.0000,67.0000,22,100,33/33/33_Bubble/Selection/Insertion,3,123
52,100.0000,0.0000,66.0000,26,100,33/33/33_Bubble/Selection/Insertion,3,123
53,100.0000,0.0000,66.0000,26,100,33/33/33_Bubble/Selection/Insertion,3,123
54,100.0000,0.0000,64.0000,25,100,33/33/33_Bubble/Selection/Insertion,3,123
55,100.0000,2.0000,66.0000,25,100,33/33/33_Bubble/Selection/Insertion,3,123
56,100.0000,2.0000,67.0000,24,100,33/33/33_Bubble/Selection/Insertion,3,123
57,100.0000,3.0000,68.0000,28,100,33/33/33_Bubble/Selection/Insertion,3,123
58,100.0000,2.0000,67.0000,18,100,33/33/33_Bubble/Selection/Insertion,3,123
59,100.0000,4.0000,67.0000,21,100,33/33/33_Bubble/Selection/Insertion,3,123
60,100.0000,2.0000,66.0000,25,100,33/33/33_Bubble/Selection/Insertion,3,123
61,100.0000,4.0000,66.0000,26,100,33/33/33_Bubble/Selection/Insertion,3,123
62,100.0000,6.0000,67.0000,24,100,33/33/33_Bubble/Selection/Insertion,3,123
63,100.0000,6.0000,67.0000,20,100,33/33/33_Bubble/Selection/Insertion,3,123
64,100.0000,5.0000,65.0000,27,100,33/33/33_Bubble/Selection/Insertion,3,123
65,100.0000,1.0000,67.0000,25,100,33/33/33_Bubble/Selection/Insertion,3,123
66,100.0000,1.0000,66.0000,22,100,33/33/33_Bubble/Selection/Insertion,3,123
67,100.0000,2.0000,71.0000,26,100,33/33/33_Bubble/Selection/Insertion,3,123
68,100.0000,2.0000,70.0000,24,100,33/33/33_Bubble/Selection/Insertion,3,123
69,100.0000,1.0000,72.0000,25,100,33/33/33_Bubble/Selection/Insertion,3,123
70,100.0000,1.0000,70.0000,21,100,33/33/33_Bubble/Selection/Insertion,3,123
71,100.0000,3.0000,77.0000,18,100,33/33/33_Bubble/Selection/Insertion,3,123
72,100.0000,2.0000,69.0000,20,100,33/33/33_Bubble/Selection/Insertion,3,123
73,100.0000,1.0000,73.0000,22,100,33/33/33_Bubble/Selection/Insertion,3,123
74,100.0000,1.0000,72.0000,19,100,33/33/33_Bubble/Selection/Insertion,3,123
75,100.0000,1.0000,76.0000,18,100,33/33/33_Bubble/Selection/Insertion,3,123
76,100.0000,1.0000,72.0000,18,100,33/33/33_Bubble/Selection/Insertion,3,123
77,100.0000,1.0000,76.0000,18,100,33/33/33_Bubble/Selection/Insertion,3,123
78,100.0000,1.0000,72.0000,19,100,33/33/33_Bubble/Selection/Insertion,3,123
79,100.0000,2.0000,77.0000,17,100,33/33/33_Bubble/Selection/Insertion,3,123
80,100.0000,2.0000,72.0000,18,100,33/33/33_Bubble/Selection/Insertion,3,123
81,100.0000,2.0000,75.0000,18,100,33/33/33_Bubble/Selection/Insertion,3,123
82,100.0000,2.0000,73.0000,20,100,33/33/33_Bubble/Selection/Insertion,3,123
83,100.0000,1.0000,74.0000,12,100,33/33/33_Bubble/Selection/Insertion,3,123
84,100.0000,1.0000,72.0000,19,100,33/33/33_Bubble/Selection/Insertion,3,123
85,100.0000,1.0000,76.0000,18,100,33/33/33_Bubble/Selection/Insertion,3,123
86,100.0000,1.0000,77.0000,16,100,33/33/33_Bubble/Selection/Insertion,3,123
87,100.0000,1.0000,76.0000,15,100,33/33/33_Bubble/Selection/Insertion,3,123
88,100.0000,1.0000,75.0000,18,100,33/33/33_Bubble/Selection/Insertion,3,123
89,100.0000,2.0000,74.0000,19,100,33/33/33_Bubble/Selection/Insertion,3,123
90,100.0000,2.0000,74.0000,20,100,33/33/33_Bubble/Selection/Insertion,3,123
91,100.0000,1.0000,73.0000,22,100,33/33/33_Bubble/Selection/Insertion,3,123
92,100.0000,2.0000,71.0000,20,100,33/33/33_Bubble/Selection/Insertion,3,123
93,100.0000,5.0000,75.0000,21,100,33/33/33_Bubble/Selection/Insertion,3,123
94,100.0000,7.0000,76.0000,18,100,33/33/33_Bubble/Selection/Insertion,3,123
95,100.0000,7.0000,78.0000,17,100,33/33/33_Bubble/Selection/Insertion,3,123
96,100.0000,8.0000,77.0000,18,100,33/33/33_Bubble/Selection/Insertion,3,123
97,100.0000,9.0000,78.0000,16,100,33/33/33_Bubble/Selection/Insertion,3,123
98,100.0000,10.0000,77.0000,15,100,33/33/33_Bubble/Selection/Insertion,3,123
99,100.0000,11.0000,80.0000,14,100,33/33/33_Bubble/Selection/Insertion,3,123
100,100.0000,14.0000,78.0000,16,100,33/33/33_Bubble/Selection/Insertion,3,123
101,100.0000,17.0000,80.0000,16,100,33/33/33_Bubble/Selection/Insertion,3,123
102,100.0000,20.0000,79.0000,18,100,33/33/33_Bubble/Selection/Insertion,3,123
103,100.0000,24.0000,80.0000,12,100,33/33/33_Bubble/Selection/Insertion,3,123
104,100.0000,29.0000,81.0000,16,100,33/33/33_Bubble/Selection/Insertion,3,123
105,100.0000,30.0000,80.0000,17,100,33/33/33_Bubble/Selection/Insertion,3,123
106,100.0000,31.0000,80.0000,13,100,33/33/33_Bubble/Selection/Insertion,3,123
107,100.0000,36.0000,81.0000,15,100,33/33/33_Bubble/Selection/Insertion,3,123
108,100.0000,45.0000,82.0000,16,100,33/33/33_Bubble/Selection/Insertion,3,123
109,100.0000,50.0000,85.0000,10,100,33/33/33_Bubble/Selection/Insertion,3,123
110,100.0000,58.0000,87.0000,10,100,33/33/33_Bubble/Selection/Insertion,3,123
111,100.0000,70.0000,92.0000,12,100,33/33/33_Bubble/Selection/Insertion,3,123
112,100.0000,74.0000,93.0000,5,100,33/33/33_Bubble/Selection/Insertion,3,123
113,100.0000,76.0000,94.0000,5,100,33/33/33_Bubble/Selection/Insertion,3,123
114,100.0000,80.0000,95.0000,6,100,33/33/33_Bubble/Selection/Insertion,3,123
115,100.0000,83.0000,97.0000,4,100,33/33/33_Bubble/Selection/Insertion,3,123
116,100.0000,85.0000,97.0000,3,100,33/33/33_Bubble/Selection/Insertion,3,123
117,100.0000,86.0000,97.0000,1,100,33/33/33_Bubble/Selection/Insertion,3,123
118,100.0000,89.0000,98.0000,2,100,33/33/33_Bubble/Selection/Insertion,3,123
119,100.0000,89.0000,98.0000,0,100,33/33/33_Bubble/Selection/Insertion,3,123
120,100.0000,89.0000,98.0000,0,100,33/33/33_Bubble/Selection/Insertion,3,123
121,100.0000,90.0000,98.0000,2,100,33/33/33_Bubble/Selection/Insertion,3,123
122,100.0000,91.0000,98.0000,2,100,33/33/33_Bubble/Selection/Insertion,3,123
123,100.0000,92.0000,98.0000,2,100,33/33/33_Bubble/Selection/Insertion,3,123
124,100.0000,93.0000,98.0000,1,100,33/33/33_Bubble/Selection/Insertion,3,123
125,100.0000,94.0000,98.0000,2,100,33/33/33_Bubble/Selection/Insertion,3,123
126,100.0000,95.0000,98.0000,2,100,33/33/33_Bubble/Selection/Insertion,3,123
127,100.0000,98.0000,99.0000,2,100,33/33/33_Bubble/Selection/Insertion,3,123
128,100.0000,100.0000,100.0000,1,100,33/33/33_Bubble/Selection/Insertion,3,123
129,100.0000,100.0000,100.0000,0,100,33/33/33_Bubble/Selection/Insertion,3,123
130,100.0000,100.0000,100.0000,0,100,33/33/33_Bubble/Selection/Insertion,3,123
131,100.0000,100.0000,100.0000,0,100,33/33/33_Bubble/Selection/Insertion,3,123
0,100.0000,0.0000,48.0000,0,100,33/33/33_Bubble/Selection/Insertion,3,789
1,100.0000,0.0000,58.0000,31,100,33/33/33_Bubble/Selection/Insertion,3,789
2,100.0000,1.0000,57.0000,28,100,33/33/33_Bubble/Selection/Insertion,3,789
3,100.0000,1.0000,57.0000,33,100,33/33/33_Bubble/Selection/Insertion,3,789
4,100.0000,3.0000,59.0000,30,100,33/33/33_Bubble/Selection/Insertion,3,789
5,100.0000,2.0000,56.0000,28,100,33/33/33_Bubble/Selection/Insertion,3,789
6,100.0000,0.0000,57.0000,30,100,33/33/33_Bubble/Selection/Insertion,3,789
7,100.0000,2.0000,58.0000,31,100,33/33/33_Bubble/Selection/Insertion,3,789
8,100.0000,3.0000,56.0000,27,100,33/33/33_Bubble/Selection/Insertion,3,789
9,100.0000,1.0000,56.0000,32,100,33/33/33_Bubble/Selection/Insertion,3,789
10,100.0000,0.0000,60.0000,29,100,33/33/33_Bubble/Selection/Insertion,3,789
11,100.0000,1.0000,62.0000,23,100,33/33/33_Bubble/Selection/Insertion,3,789
12,100.0000,1.0000,56.0000,28,100,33/33/33_Bubble/Selection/Insertion,3,789
13,100.0000,0.0000,60.0000,29,100,33/33/33_Bubble/Selection/Insertion,3,789
14,100.0000,0.0000,60.0000,27,100,33/33/33_Bubble/Selection/Insertion,3,789
15,100.0000,2.0000,58.0000,30,100,33/33/33_Bubble/Selection/Insertion,3,789
16,100.0000,3.0000,60.0000,26,100,33/33/33_Bubble/Selection/Insertion,3,789
17,100.0000,3.0000,64.0000,29,100,33/33/33_Bubble/Selection/Insertion,3,789
18,100.0000,2.0000,58.0000,27,100,33/33/33_Bubble/Selection/Insertion,3,789
19,100.0000,1.0000,63.0000,29,100,33/33/33_Bubble/Selection/Insertion,3,789
20,100.0000,0.0000,62.0000,24,100,33/33/33_Bubble/Selection/Insertion,3,789
21,100.0000,1.0000,60.0000,25,100,33/33/33_Bubble/Selection/Insertion,3,789
22,100.0000,1.0000,58.0000,30,100,33/33/33_Bubble/Selection/Insertion,3,789
23,100.0000,0.0000,64.0000,29,100,33/33/33_Bubble/Selection/Insertion,3,789
24,100.0000,0.0000,66.0000,29,100,33/33/33_Bubble/Selection/Insertion,3,789
25,100.0000,2.0000,66.0000,19,100,33/33/33_Bubble/Selection/Insertion,3,789
26,100.0000,4.0000,65.0000,20,100,33/33/33_Bubble/Selection/Insertion,3,789
27,100.0000,3.0000,60.0000,21,100,33/33/33_Bubble/Selection/Insertion,3,789
28,100.0000,1.0000,62.0000,32,100,33/33/33_Bubble/Selection/Insertion,3,789
29,100.0000,1.0000,64.0000,24,100,33/33/33_Bubble/Selection/Insertion,3,789
30,100.0000,2.0000,61.0000,24,100,33/33/33_Bubble/Selection/Insertion,3,789
31,100.0000,3.0000,60.0000,25,100,33/33/33_Bubble/Selection/Insertion,3,789
32,100.0000,2.0000,62.0000,26,100,33/33/33_Bubble/Selection/Insertion,3,789
33,100.0000,2.0000,61.0000,27,100,33/33/33_Bubble/Selection/Insertion,3,789
34,100.0000,2.0000,60.0000,28,100,33/33/33_Bubble/Selection/Insertion,3,789
35,100.0000,2.0000,62.0000,29,100,33/33/33_Bubble/Selection/Insertion,3,789
36,100.0000,3.0000,65.0000,29,100,33/33/33_Bubble/Selection/Insertion,3,789
37,100.0000,4.0000,63.0000,22,100,33/33/33_Bubble/Selection/Insertion,3,789
38,100.0000,3.0000,62.0000,28,100,33/33/33_Bubble/Selection/Insertion,3,789
39,100.0000,4.0000,61.0000,23,100,33/33/33_Bubble/Selection/Insertion,3,789
40,100.0000,2.0000,59.0000,26,100,33/33/33_Bubble/Selection/Insertion,3,789
41,100.0000,1.0000,60.0000,28,100,33/33/33_Bubble/Selection/Insertion,3,789
42,100.0000,2.0000,63.0000,30,100,33/33/33_Bubble/Selection/Insertion,3,789
43,100.0000,3.0000,62.0000,32,100,33/33/33_Bubble/Selection/Insertion,3,789
44,100.0000,2.0000,64.0000,23,100,33/33/33_Bubble/Selection/Insertion,3,789
45,100.0000,2.0000,62.0000,24,100,33/33/33_Bubble/Selection/Insertion,3,789
46,100.0000,2.0000,67.0000,25,100,33/33/33_Bubble/Selection/Insertion,3,789
47,100.0000,4.0000,67.0000,22,100,33/33/33_Bubble/Selection/Insertion,3,789
48,100.0000,5.0000,66.0000,22,100,33/33/33_Bubble/Selection/Insertion,3,789
49,100.0000,4.0000,63.0000,24,100,33/33/33_Bubble/Selection/Insertion,3,789
50,100.0000,2.0000,71.0000,25,100,33/33/33_Bubble/Selection/Insertion,3,789
51,100.0000,3.0000,68.0000,21,100,33/33/33_Bubble/Selection/Insertion,3,789
52,100.0000,4.0000,71.0000,19,100,33/33/33_Bubble/Selection/Insertion,3,789
53,100.0000,4.0000,70.0000,19,100,33/33/33_Bubble/Selection/Insertion,3,789
54,100.0000,3.0000,67.0000,23,100,33/33/33_Bubble/Selection/Insertion,3,789
55,100.0000,5.0000,69.0000,25,100,33/33/33_Bubble/Selection/Insertion,3,789
56,100.0000,4.0000,70.0000,21,100,33/33/33_Bubble/Selection/Insertion,3,789
57,100.0000,4.0000,70.0000,23,100,33/33/33_Bubble/Selection/Insertion,3,789
58,100.0000,2.0000,70.0000,23,100,33/33/33_Bubble/Selection/Insertion,3,789
59,100.0000,1.0000,72.0000,22,100,33/33/33_Bubble/Selection/Insertion,3,789
60,100.0000,2.0000,74.0000,24,100,33/33/33_Bubble/Selection/Insertion,3,789
61,100.0000,4.0000,73.0000,18,100,33/33/33_Bubble/Selection/Insertion,3,789
62,100.0000,5.0000,74.0000,20,100,33/33/33_Bubble/Selection/Insertion,3,789
63,100.0000,5.0000,74.0000,17,100,33/33/33_Bubble/Selection/Insertion,3,789
64,100.0000,6.0000,71.0000,21,100,33/33/33_Bubble/Selection/Insertion,3,789
65,100.0000,7.0000,71.0000,22,100,33/33/33_Bubble/Selection/Insertion,3,789
66,100.0000,9.0000,72.0000,18,100,33/33/33_Bubble/Selection/Insertion,3,789
67,100.0000,11.0000,75.0000,21,100,33/33/33_Bubble/Selection/Insertion,3,789
68,100.0000,12.0000,75.0000,16,100,33/33/33_Bubble/Selection/Insertion,3,789
69,100.0000,13.0000,78.0000,20,100,33/33/33_Bubble/Selection/Insertion,3,789
70,100.0000,11.0000,77.0000,16,100,33/33/33_Bubble/Selection/Insertion,3,789
71,100.0000,10.0000,80.0000,17,100,33/33/33_Bubble/Selection/Insertion,3,789
72,100.0000,10.0000,81.0000,15,100,33/33/33_Bubble/Selection/Insertion,3,789
73,100.0000,11.0000,80.0000,15,100,33/33/33_Bubble/Selection/Insertion,3,789
74,100.0000,10.0000,80.0000,12,100,33/33/33_Bubble/Selection/Insertion,3,789
75,100.0000,10.0000,80.0000,17,100,33/33/33_Bubble/Selection/Insertion,3,789
76,100.0000,11.0000,78.0000,15,100,33/33/33_Bubble/Selection/Insertion,3,789
77,100.0000,11.0000,80.0000,16,100,33/33/33_Bubble/Selection/Insertion,3,789
78,100.0000,11.0000,77.0000,15,100,33/33/33_Bubble/Selection/Insertion,3,789
79,100.0000,12.0000,77.0000,18,100,33/33/33_Bubble/Selection/Insertion,3,789
80,100.0000,10.0000,80.0000,13,100,33/33/33_Bubble/Selection/Insertion,3,789
81,100.0000,10.0000,80.0000,17,100,33/33/33_Bubble/Selection/Insertion,3,789
82,100.0000,10.0000,79.0000,17,100,33/33/33_Bubble/Selection/Insertion,3,789
83,100.0000,10.0000,80.0000,16,100,33/33/33_Bubble/Selection/Insertion,3,789
84,100.0000,11.0000,80.0000,15,100,33/33/33_Bubble/Selection/Insertion,3,789
85,100.0000,11.0000,81.0000,17,100,33/33/33_Bubble/Selection/Insertion,3,789
86,100.0000,10.0000,82.0000,16,100,33/33/33_Bubble/Selection/Insertion,3,789
87,100.0000,11.0000,81.0000,15,100,33/33/33_Bubble/Selection/Insertion,3,789
88,100.0000,11.0000,81.0000,11,100,33/33/33_Bubble/Selection/Insertion,3,789
89,100.0000,11.0000,80.0000,14,100,33/33/33_Bubble/Selection/Insertion,3,789
90,100.0000,11.0000,78.0000,18,100,33/33/33_Bubble/Selection/Insertion,3,789
91,100.0000,12.0000,80.0000,12,100,33/33/33_Bubble/Selection/Insertion,3,789
92,100.0000,10.0000,75.0000,19,100,33/33/33_Bubble/Selection/Insertion,3,789
93,100.0000,11.0000,78.0000,20,100,33/33/33_Bubble/Selection/Insertion,3,789
94,100.0000,11.0000,80.0000,12,100,33/33/33_Bubble/Selection/Insertion,3,789
95,100.0000,14.0000,77.0000,19,100,33/33/33_Bubble/Selection/Insertion,3,789
96,100.0000,13.0000,78.0000,17,100,33/33/33_Bubble/Selection/Insertion,3,789
97,100.0000,15.0000,75.0000,20,100,33/33/33_Bubble/Selection/Insertion,3,789
98,100.0000,24.0000,81.0000,19,100,33/33/33_Bubble/Selection/Insertion,3,789
99,100.0000,31.0000,83.0000,16,100,33/33/33_Bubble/Selection/Insertion,3,789
100,100.0000,31.0000,84.0000,12,100,33/33/33_Bubble/Selection/Insertion,3,789
101,100.0000,35.0000,87.0000,13,100,33/33/33_Bubble/Selection/Insertion,3,789
102,100.0000,38.0000,88.0000,11,100,33/33/33_Bubble/Selection/Insertion,3,789
103,100.0000,39.0000,87.0000,8,100,33/33/33_Bubble/Selection/Insertion,3,789
104,100.0000,46.0000,89.0000,10,100,33/33/33_Bubble/Selection/Insertion,3,789
105,100.0000,53.0000,90.0000,10,100,33/33/33_Bubble/Selection/Insertion,3,789
106,100.0000,61.0000,92.0000,8,100,33/33/33_Bubble/Selection/Insertion,3,789
107,100.0000,67.0000,95.0000,6,100,33/33/33_Bubble/Selection/Insertion,3,789
108,100.0000,70.0000,94.0000,5,100,33/33/33_Bubble/Selection/Insertion,3,789
109,100.0000,73.0000,95.0000,5,100,33/33/33_Bubble/Selection/Insertion,3,789
110,100.0000,76.0000,95.0000,4,100,33/33/33_Bubble/Selection/Insertion,3,789
111,100.0000,80.0000,96.0000,4,100,33/33/33_Bubble/Selection/Insertion,3,789
112,100.0000,82.0000,96.0000,4,100,33/33/33_Bubble/Selection/Insertion,3,789
113,100.0000,83.0000,96.0000,2,100,33/33/33_Bubble/Selection/Insertion,3,789
114,100.0000,86.0000,97.0000,3,100,33/33/33_Bubble/Selection/Insertion,3,789
115,100.0000,90.0000,98.0000,3,100,33/33/33_Bubble/Selection/Insertion,3,789
116,100.0000,92.0000,99.0000,1,100,33/33/33_Bubble/Selection/Insertion,3,789
117,100.0000,93.0000,99.0000,1,100,33/33/33_Bubble/Selection/Insertion,3,789
118,100.0000,94.0000,99.0000,1,100,33/33/33_Bubble/Selection/Insertion,3,789
119,100.0000,95.0000,99.0000,1,100,33/33/33_Bubble/Selection/Insertion,3,789
120,100.0000,96.0000,99.0000,1,100,33/33/33_Bubble/Selection/Insertion,3,789
121,100.0000,97.0000,99.0000,1,100,33/33/33_Bubble/Selection/Insertion,3,789
122,100.0000,97.0000,99.0000,0,100,33/33/33_Bubble/Selection/Insertion,3,789
123,100.0000,98.0000,99.0000,1,100,33/33/33_Bubble/Selection/Insertion,3,789
124,100.0000,100.0000,100.0000,1,100,33/33/33_Bubble/Selection/Insertion,3,789
125,100.0000,100.0000,100.0000,0,100,33/33/33_Bubble/Selection/Insertion,3,789
126,100.0000,100.0000,100.0000,0,100,33/33/33_Bubble/Selection/Insertion,3,789
127,100.0000,100.0000,100.0000,0,100,33/33/33_Bubble/Selection/Insertion,3,789
